# 3ds Max Wavefront OBJ Exporter v0.99 - (c)2007 guruware
# File Created: 14.02.2026 12:00:50

mtllib door_low.mtl

#
# object Mesh1_0
#

v  -0.425280004740 -0.051495000720 -0.009942994453
v  -0.438753992319 -0.040212001652 -0.013538995758
v  -0.438614994287 -0.059803999960 -0.009199992754
v  -0.433212012053 -0.048815999180 -0.000146994178
v  -0.435582011938 0.090483002365 -0.003052010667
v  -0.442093014717 0.107623003423 -0.013611013070
v  -0.438372999430 0.117178998888 -0.006787014194
v  -0.438454985619 0.183617994189 -0.012662022375
v  -0.434832006693 0.255836993456 -0.001757030492
v  -0.437016010284 0.256372988224 -0.012976030819
v  -0.426292002201 0.260693997145 -0.006557030603
v  -0.430631995201 0.259559005499 -0.014076030813
v  -0.424605995417 0.274572014809 -0.007671033032
v  -0.430734008551 0.479793012142 -0.014190057293
v  -0.424708992243 0.409669995308 -0.007517048623
v  -0.424385994673 0.611211001873 -0.007224072702
v  -0.430332005024 0.627381980419 -0.014164074324
v  -0.424649000168 0.665961027145 -0.006529079750
v  -0.424456000328 0.746293008327 -0.007445089053
v  -0.430640995502 0.859291970730 -0.014102102257
v  -0.424353986979 0.796184003353 -0.006739094853
v  -0.425047010183 0.858901977539 -0.008022102527
v  -0.439646989107 0.863363981247 -0.013968103565
v  -0.441031992435 0.106733001769 0.005576987285
v  -0.441035002470 0.177082002163 0.006770978682
v  -0.438237011433 0.262073010206 0.016490967944
v  -0.426589012146 0.391279995441 0.008915953338
v  -0.425900995731 0.425411999226 0.018275950104
v  -0.427300989628 0.651266992092 0.012188921683
v  -0.441083997488 -0.026929000393 0.006384003442
v  -0.441004991531 0.137465998530 0.006693983916
v  -0.424427986145 0.270078986883 0.025737969205
v  -0.424259006977 0.265422999859 0.036660969257
v  -0.424261003733 0.404509007931 0.036213953048
v  -0.424392014742 0.604790985584 0.036650929600
v  -0.426795989275 0.763768970966 0.013047908433
v  -0.427116990089 0.598717987537 0.011845928617
v  -0.437301993370 0.864881992340 0.022539896891
v  -0.410672992468 0.946752011776 0.006448887289
v  -0.433441996574 0.985188007355 0.020508883521
v  -0.388725996017 0.985801994801 0.016264881939
v  -0.433652997017 -0.057693000883 0.021473005414
v  -0.439018011093 -0.034919999540 0.018671004102
v  -0.441060990095 0.089031003416 0.019697988406
v  -0.440503001213 0.132485002279 0.022048985586
v  -0.424315989017 0.660991013050 0.036575920880
v  -0.424470007420 0.790189027786 0.036743905395
v  -0.439866006374 0.182170003653 0.020182980224
v  -0.459556996822 -0.060215994716 0.036612007767
v  -0.427157998085 0.864727973938 0.032189894468
v  -0.376581013203 0.945293009281 0.035699889064
v  -0.442788004875 0.981813013554 0.034969881177
v  -0.425494998693 -0.018468996510 0.025780001655
v  -0.426064014435 0.008919002488 0.021557999775
v  -0.423992991447 0.104930996895 0.022033989429
v  -0.427139014006 0.121697999537 0.024251984432
v  -0.425348013639 0.134766995907 0.023754986003
v  -0.423772007227 0.167317003012 0.023512979969
v  -0.425711005926 0.236493006349 0.022722970694
v  0.459879994392 0.771840989590 0.022282909602
v  0.459605991840 0.893824994564 0.036125894636
v  0.461115986109 0.793359994888 0.040371906012
v  -0.424663990736 0.856217980385 0.036987900734
v  -0.443533003330 0.945976018906 0.036253888160
v  -0.484382003546 -0.937053978443 0.035159111023
v  -0.464439004660 -0.867730975151 0.035076104105
v  -0.468228012323 -0.914465010166 0.034978110343
v  -0.425442993641 -0.058273997158 0.035989008844
v  -0.421885013580 0.014056004584 0.036258999258
v  -0.422405987978 0.110503003001 0.036618988961
v  -0.424739003181 0.137806996703 0.036325979978
v  -0.423000991344 0.167088001966 0.039650980383
v  -0.424427002668 0.239726006985 0.037671968341
v  0.462918013334 0.744599997997 0.034952908754
v  0.459715008736 0.736811995506 0.036477912217
v  0.466791987419 0.785663008690 0.042558908463
v  -0.433512002230 0.869576990604 0.038312897086
v  -0.374891996384 0.987471997738 0.039106879383
v  -0.491872012615 -0.941434025764 0.042369112372
v  -0.492476999760 -0.862316012383 0.042575102299
v  -0.483117014170 -0.867103993893 0.035575103015
v  -0.425482988358 -0.009567995556 0.038536999375
v  -0.434772998095 0.890740990639 0.036503896117
v  0.178781002760 0.891179978848 0.036753896624
v  0.198377996683 0.892262995243 0.038437895477
v  0.196066007018 0.894528985023 0.030136894435
v  0.223515003920 0.891192018986 0.035923894495
v  0.274076014757 0.893324017525 0.036765895784
v  -0.133952006698 0.894509017467 0.029847893864
v  -0.177068993449 0.891703009605 0.038239896297
v  -0.162184998393 0.897439002991 0.042334891856
v  -0.131925001740 0.891762018204 0.038404896855
v  -0.119580000639 0.892581999302 0.038136895746
v  -0.066399998963 0.894515991211 0.030022893101
v  -0.088142000139 0.891946971416 0.038080897182
v  -0.059004001319 0.892875015736 0.039043895900
v  -0.035962998867 0.893812000751 0.040384896100
v  -0.002653999953 0.893060028553 0.036629896611
v  0.154320001602 0.891530990601 0.037506897002
v  -0.477863997221 0.951749026775 0.035917889327
v  -0.483393013477 0.941815018654 0.042680889368
v  -0.366131991148 0.949173986912 0.037110887468
v  -0.378473997116 0.938557028770 0.042602889240
v  -0.337209999561 0.973154008389 0.036267884076
v  -0.337823003531 0.944278001785 0.042629886419
v  -0.466419011354 0.965892970562 0.042099885643
v  -0.359683990479 0.967249989510 0.044414885342
v  -0.484313994646 0.987129986286 0.041214879602
v  -0.354966014624 0.985669970512 0.039642881602
v  0.456113010645 -0.997875988483 0.035310119390
v  0.419012993574 -0.996133983135 0.039921119809
v  0.454461991787 -0.992518007755 0.045685119927
v  0.465535014868 -0.996316015720 0.046324118972
v  0.464437991381 -0.985526978970 0.042582120746
v  0.474068999290 -1.002742052078 0.042946118861
v  0.511258006096 -0.926557004452 0.042992111295
v  0.511223018169 -1.002809047699 0.044752120972
v  -0.471819996834 -1.002511978149 0.043471120298
v  -0.467889994383 -0.958187997341 0.042538110167
v  -0.466071009636 -0.996206998825 0.044263120741
v  0.459493011236 -1.002725005150 0.036015119404
v  -0.511287987232 -1.003051996231 0.043003119528
v  -0.511416018009 -0.881546974182 0.043113104999
v  -0.463519006968 -0.859405994415 0.041596099734
v  -0.469781994820 -0.795129001141 0.042818091810
v  0.511385023594 -0.781699001789 0.043045092374
v  0.469448000193 -0.757032990456 0.042762089521
v  0.463429987431 -0.762450993061 0.041621088982
v  -0.510905981064 -0.761888027191 0.042936090380
v  -0.463495999575 -0.681394994259 0.041766081005
v  0.463959991932 -0.717882990837 0.036957085133
v  0.468158990145 -0.711998999119 0.042474083602
v  -0.469886988401 -0.621914982796 0.042797073722
v  -0.511389970779 -0.578523993492 0.042996071279
v  0.459805011749 -0.707316994667 0.036553081125
v  0.463432013988 -0.707031011581 0.041702080518
v  0.511054992676 -0.631968021393 0.042979072779
v  0.469469010830 -0.566164970398 0.042787067592
v  0.463436990976 -0.553937971592 0.041720062494
v  0.511407971382 -0.545903980732 0.042987063527
v  -0.463485985994 -0.508365988731 0.041761059314
v  0.511404991150 -0.381879985332 0.043111044914
v  -0.469965994358 -0.427215993404 0.042807053775
v  0.469781994820 -0.350926995277 0.042788039893
v  0.463450014591 -0.339783996344 0.041694041342
v  -0.463490009308 -0.309035003185 0.041722036898
v  -0.511148989201 -0.360312998295 0.042985040694
v  -0.469718992710 -0.206679999828 0.042774021626
v  -0.511340022087 -0.241191998124 0.042943030596
v  0.469673991203 -0.148893997073 0.042791020125
v  0.511207997799 -0.238010004163 0.042980030179
v  0.463461995125 -0.080254003406 0.041723012924
v  0.510025978088 -0.152020007372 0.043063018471
v  0.509496986866 -0.078014001250 0.042900010943
v  -0.511337995529 -0.014618995599 0.043040998280
v  -0.463447004557 -0.056694995612 0.042143005878
v  -0.428231000900 -0.002447994892 0.042706001550
v  -0.431055009365 -0.053402997553 0.042418006808
v  0.511382997036 -0.005615994800 0.043124001473
v  0.469603002071 0.158705994487 0.042776983231
v  -0.511380016804 0.160398006439 0.042912982404
v  -0.429015994072 0.116079002619 0.042545989156
v  0.511430025101 0.075671002269 0.043077990413
v  0.463470995426 0.222290992737 0.041728969663
v  0.511395990849 0.202241003513 0.043030977249
v  -0.431410014629 0.150737002492 0.042576979846
v  -0.431244999170 0.241529002786 0.042770970613
v  -0.511359989643 0.288587003946 0.042936965823
v  0.511174976826 0.323734998703 0.043045960367
v  0.459751009941 0.329607993364 0.036539960653
v  0.464170008898 0.385865986347 0.042382951826
v  -0.431147992611 0.405613988638 0.042807951570
v  0.511373996735 0.382975012064 0.043023955077
v  -0.511165022850 0.440622985363 0.043008949608
v  0.469808012247 0.590089023113 0.042799931020
v  0.459776997566 0.594238996506 0.036536928266
v  -0.431102991104 0.593777000904 0.042772930115
v  0.463459998369 0.587348997593 0.041724927723
v  0.511424005032 0.507758975029 0.043164938688
v  -0.511379003525 0.576515972614 0.042931929231
v  0.511186003685 0.618426024914 0.043081924319
v  -0.431234985590 0.750073015690 0.042826909572
v  -0.511433005333 0.690235972404 0.042934916914
v  0.511325001717 0.715556025505 0.043079912663
v  0.466610997915 0.739953994751 0.042593911290
v  -0.511331975460 0.846274971962 0.042946901172
v  0.511234998703 0.791558980942 0.043025907129
v  -0.431100010872 0.862200021744 0.042696900666
v  -0.439262986183 0.895660996437 0.042662892491
v  0.463295012712 0.895093023777 0.042507890612
v  0.511393010616 0.912356019020 0.043007891625
v  -0.339060992002 0.899120986462 0.042716890574
v  -0.304482996464 0.890438020229 0.036460895091
v  -0.344143986702 0.893957018852 0.036422897130
v  0.246399998665 0.894722998142 0.041364897043
v  0.261465013027 0.892407000065 0.038155894727
v  -0.281114012003 0.899798989296 0.042757891119
v  -0.284734010696 0.892526984215 0.038062896580
v  -0.246628001332 0.891121983528 0.036609895527
v  -0.241328001022 0.899160981178 0.042679890990
v  -0.215966999531 0.891920983791 0.038110896945
v  0.121394999325 0.891869008541 0.037987895310
v  0.154602006078 0.898561000824 0.042554892600
v  0.177472993731 0.898711025715 0.042690891773
v  0.215132996440 0.898414015770 0.042392890900
v  0.300906002522 0.898648977280 0.042457893491
v  0.310108989477 0.893257975578 0.036571893841
v  0.351379990578 0.897936999798 0.042438890785
v  0.355879992247 0.891322016716 0.036063894629
v  0.390309005976 0.898550987244 0.042491890490
v  0.392812997103 0.891124010086 0.036128897220
v  0.411318004131 0.892167985439 0.037700895220
v  0.416880995035 0.898429989815 0.042802892625
v  -0.110872000456 0.913329005241 0.042882889509
v  0.027042999864 0.899284005165 0.042827893049
v  0.026706000790 0.892105996609 0.038222894073
v  0.057670999318 0.891610026360 0.037323895842
v  0.087844997644 0.894276022911 0.040553893894
v  0.191590994596 0.925886988640 0.042896889150
v  0.315169990063 0.904769003391 0.042804893106
v  -0.258506000042 1.003087997437 0.042947880924
v  0.386321991682 1.003098011017 0.042948879302
v  -0.511372029781 1.003113985062 0.043146882206
v  0.081097997725 1.003124952316 0.042854879051
v  -0.332460999489 0.980970025063 0.042546879500
v  -0.081393003464 1.003123998642 0.042902879417
v  -0.020166000351 1.003188014030 0.043335881084
v  0.171380996704 1.002987980843 0.043326880783
v  0.262171000242 1.003152012825 0.043013881892
v  -0.436637997627 1.003111958504 0.044283881783
v  -0.366571009159 1.002953052521 0.043322879821
v  0.511250019073 1.002979993820 0.043169882149
v  0.457686990499 -0.981719017029 0.045044120401
v  0.459639996290 -0.814786970615 0.045292101800
v  0.455740004778 -0.827820003033 0.028906099498
v  0.435342997313 -0.787149012089 0.048595093191
v  0.416785001755 -0.813202977180 0.042277097702
v  0.417652994394 -0.832522988319 0.022590100765
v  0.511473000050 -0.138218998909 0.045952018350
v  0.506471991539 -0.999716997147 0.050355117768
v  0.504271984100 -0.994561970234 0.046298120171
v  0.475764006376 -0.999414980412 0.049189120531
v  0.508530020714 -0.991611003876 0.051205120981
v  0.248276993632 -0.992525994778 0.050036117435
v  0.415066003799 -0.992852985859 0.051119118929
v  0.411033004522 -0.989225983620 0.046638119966
v  0.240349993110 -0.982592999935 0.048894118518
v  0.226505994797 -0.990477025509 0.067445121706
v  0.247846007347 -0.982680976391 0.045773118734
v  0.412018001080 -0.818638026714 0.045652098954
v  0.503992021084 -0.863674998283 0.045974105597
v  0.485550999641 -0.838782012463 0.046202100813
v  0.508469998837 -0.857205986977 0.051717098802
v  -0.511488020420 -0.817426025867 0.126220092177
v  0.511488020420 -0.683408975601 0.126042068005
v  -0.511483013630 -0.093024984002 0.126181006432
v  0.511479020119 -0.153975978494 0.126246020198
v  -0.511489987373 0.272787988186 0.126158967614
v  0.511498987675 0.316035002470 0.126128956676
v  0.511507987976 0.717194974422 0.125961914659
v  0.471415996552 -1.003108024597 0.070690117776
v  0.405301004648 -0.797336995602 0.068874098361
v  -0.511461019516 0.381823003292 0.128708958626
v  0.504683971405 -1.000182032585 0.125611126423
v  0.249803006649 -0.992609024048 0.083251118660
v  0.508563995361 -0.995455980301 0.119662120938
v  0.478922009468 -0.808983027935 0.069043099880
v  -0.511466979980 -0.397915005684 0.125857040286
v  -0.511489987373 -0.264115005732 0.126234024763
v  0.511491000652 -0.303344011307 0.126196041703
v  -0.511484026909 0.053286015987 0.126294001937
v  -0.511475980282 0.488694995642 0.126165956259
v  -0.511493980885 0.858698010445 0.126157894731
v  -0.467611014843 -0.996034979820 0.087090119720
v  0.467159003019 -0.992280006409 0.084332115948
v  0.236006006598 -0.967028975487 0.068861119449
v  0.277563989162 -0.924832999706 0.069434106350
v  0.332215994596 -0.870474994183 0.068795107305
v  0.511501014233 -0.923955976963 0.126327112317
v  0.374282985926 -0.828845977783 0.068861097097
v  0.511483013630 0.600344002247 0.126279920340
v  -0.374062001705 1.003281950951 0.122992880642
v  0.508103013039 -0.839838981628 0.069315105677
v  0.436094999313 -0.767476975918 0.068901099265
v  0.347671985626 1.003170013428 0.129204884171
v  0.473836004734 -0.999176979065 0.096502117813
v  0.239160001278 -0.982937991619 0.087701119483
v  0.511416018009 -0.439011007547 0.128811046481
v  0.511340022087 1.002902030945 0.129353880882
v  -0.203971996903 1.003285050392 0.123316884041
v  0.208332002163 1.003222942352 0.128874883056
v  -0.466399997473 -1.003057003021 0.112110115588
v  0.468084007502 -0.995908975601 0.088287122548
v  0.250506013632 -0.976152002811 0.092468120158
v  0.360846996307 -0.861104011536 0.087357103825
v  0.511484980583 -0.777254998684 0.126284092665
v  -0.511465013027 -0.683564007282 0.126064077020
v  0.511439025402 0.055682014674 0.127802997828
v  0.511406004429 0.408850997686 0.128635957837
v  0.511403024197 0.799950003624 0.128989905119
v  0.467815995216 -0.938407003880 0.096067115664
v  0.470569014549 -0.939310014248 0.088633120060
v  0.468863993883 -0.890340983868 0.095931105316
v  0.468715995550 -0.907508015633 0.099156104028
v  0.468486994505 -0.865318000317 0.089151106775
v  0.475787997246 -0.836983025074 0.093477100134
v  0.468553006649 -0.819040000439 0.087322093546
v  -0.078130997717 -0.657164990902 0.084611080587
v  -0.058843001723 -0.650264978409 0.078944079578
v  -0.259788990021 -0.650520980358 0.079043082893
v  0.081193000078 -0.657406985760 0.084789082408
v  0.152461007237 -0.650187015533 0.078895084560
v  0.212435007095 -0.657766997814 0.084891080856
v  0.257277011871 -0.649800002575 0.078913085163
v  0.264066994190 -0.664115011692 0.087401084602
v  0.264007985592 -0.649333000183 0.082135081291
v  -0.260872989893 -0.608677983284 0.079106077552
v  0.070514999330 -0.506218016148 0.079030059278
v  -0.153598994017 -0.549865007401 0.079014070332
v  0.257348001003 -0.445547997952 0.078941062093
v  0.263114988804 -0.515118002892 0.080823056400
v  -0.257126003504 -0.522046029568 0.079031057656
v  -0.263000994921 -0.512610971928 0.080646060407
v  0.263143002987 -0.305377006531 0.080894038081
v  0.267152011395 -0.508244991302 0.085471056402
v  -0.257187992334 -0.318791002035 0.078982040286
v  -0.262980014086 -0.360006004572 0.080610044301
v  -0.061119001359 -0.222614005208 0.078992024064
v  0.179324001074 -0.193544998765 0.078973025084
v  0.259445995092 -0.134709000587 0.079069018364
v  -0.267302006483 -0.281275987625 0.085347034037
v  -0.260432004929 -0.134554997087 0.079149015248
v  0.029707999900 -0.135002002120 0.079082012177
v  -0.091770999134 -0.134940996766 0.079044014215
v  0.117835998535 -0.134830996394 0.079269014299
v  0.185989007354 -0.134460002184 0.079408012331
v  -0.270476013422 -0.123116984963 0.087518014014
v  -0.169277995825 -0.121140986681 0.088386014104
v  0.270743995905 -0.124894984066 0.087057016790
v  -0.238062992692 0.152611002326 0.091763980687
v  -0.148871004581 0.168318003416 0.078950978816
v  -0.258763998747 0.168274998665 0.079027980566
v  -0.057891000062 0.155410006642 0.088854975998
v  0.022081999108 0.167878001928 0.079071976244
v  0.040275998414 0.155324995518 0.089279979467
v  0.149915993214 0.168047994375 0.078969977796
v  0.151778995991 0.154761001468 0.089539974928
v  0.266788989305 0.160420998931 0.084431976080
v  0.259000986814 0.168206006289 0.079015977681
v  -0.018177999184 0.260702013969 0.078993961215
v  0.267192006111 0.267435997725 0.085485965014
v  -0.260500013828 0.312777996063 0.079007960856
v  -0.257158011198 0.429132014513 0.078993946314
v  -0.263013988733 0.426593005657 0.080595947802
v  0.263179987669 0.377701997757 0.080746956170
v  0.257358998060 0.398885011673 0.078901953995
v  0.113753996789 0.519698023796 0.078970938921
v  0.270810008049 0.341356992722 0.086954966187
v  -0.267338991165 0.315275013447 0.085375964642
v  -0.270285993814 0.470678001642 0.086713939905
v  0.263101994991 0.489223003387 0.080830939114
v  -0.168373003602 0.647504985332 0.079000920057
v  0.257474988699 0.579836010933 0.078954935074
v  0.263137996197 0.606338977814 0.080850929022
v  -0.263033986092 0.656683981419 0.080589920282
v  0.035907998681 0.738795995712 0.078962914646
v  -0.257099002600 0.775354027748 0.078944906592
v  0.178497001529 0.775366008282 0.078860901296
v  0.257674992085 0.775461971760 0.078928902745
v  -0.262066006660 0.776305973530 0.080185905099
v  0.263875991106 0.739497005939 0.081964917481
v  0.267069011927 0.616944015026 0.085474923253
v  -0.128151997924 0.775359988213 0.078831903636
v  -0.035277999938 0.775550007820 0.078983902931
v  0.111850999296 0.775503993034 0.079312905669
v  -0.271053999662 0.786719977856 0.087603904307
v  -0.143997997046 0.787002980709 0.087256900966
v  -0.040874999017 0.787679970264 0.087704904377
v  0.079593002796 0.787533998489 0.087711900473
v  0.198078006506 0.787802994251 0.087779901922
v  0.271676987410 0.786337971687 0.087755903602
v  0.252608001232 -0.981325984001 0.093444116414
v  0.426023006439 -0.981635987759 0.093260116875
v  0.462785989046 -0.984851002693 0.095751121640
v  0.273790985346 -0.954926013947 0.093096122146
v  0.360666990280 -0.869382023811 0.093647107482
v  0.481689989567 -0.848625004292 0.104759104550
v  -0.078947000206 -0.664453029633 0.087316080928
v  -0.160900995135 -0.664420008659 0.087275080383
v  0.010741000064 -0.663909971714 0.086988084018
v  0.133597999811 -0.664210975170 0.087036080658
v  -0.268900990486 -0.660360991955 0.086401082575
v  -0.272617995739 -0.552223026752 0.088150069118
v  -0.272646009922 -0.415237009525 0.088166043162
v  0.267096996307 -0.290812999010 0.085482038558
v  -0.052836999297 -0.120025984943 0.088652014732
v  0.092909999192 -0.120518982410 0.088411018252
v  0.202432006598 -0.117724984884 0.092012017965
v  -0.140432998538 0.151690006256 0.092960976064
v  0.270487993956 0.469659000635 0.086883939803
v  -0.269932001829 0.652987003326 0.086531914771
v  0.509855985641 -1.003065943718 0.128847122192
v  -0.367688000202 -0.995555996895 0.087012119591
v  -0.458319008350 -0.986158013344 0.096461117268
v  -0.322560012341 -0.995499014854 0.086687117815
v  -0.354669004679 -0.986549019814 0.096593119204
v  -0.226806998253 -0.995377004147 0.087261117995
v  -0.236289992929 -0.990530014038 0.091256119311
v  -0.141093999147 -0.990374982357 0.091370120645
v  -0.106187999249 -0.995594024658 0.087086118758
v  -0.068898998201 -0.986145019531 0.096479117870
v  0.001565000042 -0.995473027229 0.086641117930
v  0.098168000579 -0.995552003384 0.086899116635
v  0.173219993711 -0.986275970936 0.096491120756
v  0.052049998194 -0.986474990845 0.096476122737
v  0.285741001368 -0.995573997498 0.087039120495
v  0.305685997009 -0.986638009548 0.096248120070
v  0.418182998896 -0.995348989964 0.087483115494
v  0.437891006470 -0.955627977848 0.096583120525
v  0.429259985685 -0.985337018967 0.096200115979
v  0.435528010130 -0.891048014164 0.093832105398
v  0.456328988075 -0.863770008087 0.096291102469
v  0.455103993416 -0.860891997814 0.087699107826
v  0.463797986507 -0.869342029095 0.102031104267
v  -0.277343004942 -0.670114994049 0.095846079290
v  -0.012945000082 -0.671474993229 0.096617080271
v  0.129360005260 -0.671360015869 0.096429079771
v  0.278860986233 -0.666678011417 0.096602082253
v  0.272924989462 -0.661965012550 0.088380083442
v  0.273521989584 -0.454409003258 0.088894061744
v  0.511371016502 -0.563820004463 0.129341080785
v  0.272260993719 -0.339688986540 0.087792038918
v  -0.273236989975 -0.280039012432 0.088553033769
v  0.273306012154 -0.210104003549 0.088705025613
v  -0.276917010546 -0.119977988303 0.094390012324
v  -0.140140995383 -0.112569987774 0.097202017903
v  -0.213561996818 -0.105850987136 0.101463012397
v  -0.033344000578 -0.113310985267 0.096588015556
v  0.276409000158 -0.115763984621 0.095912016928
v  0.103408999741 0.008319010027 0.089372999966
v  -0.027703000233 0.021179011092 0.088058002293
v  -0.102656997740 0.007396010682 0.090170003474
v  -0.102807998657 0.019245011732 0.087508000433
v  0.101671002805 0.021178010851 0.088504999876
v  0.109842002392 0.006241011433 0.096014998853
v  0.101937003434 0.028082011268 0.096014998853
v  -0.277087002993 0.149826005101 0.096010975540
v  -0.272348999977 0.160687997937 0.087907977402
v  0.278008997440 0.150134995580 0.096074976027
v  0.273414999247 0.158068001270 0.088905975223
v  0.279161989689 0.276309996843 0.096460960805
v  -0.273339003325 0.301178008318 0.088686965406
v  -0.278863996267 0.405023008585 0.095961958170
v  0.279287010431 0.455060988665 0.096645943820
v  -0.279172986746 0.632803976536 0.096418924630
v  0.273326992989 0.557906985283 0.088695935905
v  0.271476000547 0.646849989891 0.087266914546
v  0.279195010662 0.705376029015 0.096484914422
v  -0.511367022991 0.725968003273 0.128706917167
v  0.003159000073 0.795270025730 0.097714900970
v  0.463604986668 -1.000885963440 0.110099121928
v  -0.462300002575 -0.992604970932 0.110723115504
v  -0.299216002226 -0.986926972866 0.096493117511
v  -0.132696002722 -0.987047016621 0.096520118415
v  -0.207977995276 -0.986593008041 0.096490122378
v  0.471112012863 -0.865055978298 0.101946100593
v  0.462980002165 -0.963476002216 0.109727121890
v  0.469740986824 -0.862929999828 0.111427105963
v  -0.458169013262 -0.864165008068 0.096586100757
v  -0.364389002323 -0.864044010639 0.096629105508
v  -0.452475011349 -0.858612000942 0.090718105435
v  -0.310606986284 -0.860109984875 0.091931104660
v  -0.249872997403 -0.863714993000 0.096342101693
v  -0.133521005511 -0.860122978687 0.091974101961
v  -0.105070002377 -0.863811016083 0.096541106701
v  0.068273000419 -0.863862991333 0.096520103514
v  0.063083998859 -0.860166013241 0.092033103108
v  0.150619998574 -0.863865017891 0.096634104848
v  0.175749003887 -0.858034014702 0.090589106083
v  0.252599000931 -0.863927006721 0.096628107131
v  0.304773986340 -0.858500003815 0.090700104833
v  0.347716987133 -0.863565981388 0.096345104277
v  0.441336005926 -0.856943011284 0.090436100960
v  -0.316787004471 -0.853534996510 0.090392105281
v  -0.107167996466 -0.853694975376 0.090392105281
v  0.067821003497 -0.853711009026 0.090398102999
v  0.461908012629 -0.853879988194 0.090568102896
v  0.466233998537 -0.856715023518 0.096681103110
v  -0.462190002203 -0.778405010700 0.090422093868
v  0.256485998631 -0.714790999889 0.090436078608
v  -0.467393994331 -0.855481028557 0.098024107516
v  0.462231993675 -0.832840025425 0.090562097728
v  -0.469199001789 -0.781976997852 0.098375096917
v  0.469399988651 -0.828115999699 0.098430097103
v  0.317092001438 -0.710143983364 0.090448081493
v  -0.323291003704 -0.720182001591 0.090403079987
v  0.462781995535 -0.739616990089 0.091024078429
v  0.469460994005 -0.736939013004 0.098364084959
v  0.457168996334 -0.663778007030 0.090400084853
v  -0.068185001612 -0.720049023628 0.090400084853
v  -0.469058007002 -0.726216971874 0.097260080278
v  -0.462255001068 -0.614224970341 0.090468071401
v  0.141614004970 -0.714317023754 0.090856082737
v  -0.208304002881 -0.713164985180 0.091444082558
v  -0.316433012486 -0.712790012360 0.091747082770
v  -0.064216002822 -0.714227020741 0.090939082205
v  0.314873009920 -0.712800025940 0.091754078865
v  -0.090859003365 -0.709811985493 0.096157081425
v  0.022156000137 -0.709864020348 0.096265085042
v  0.206931993365 -0.709921002388 0.096144080162
v  -0.468874007463 -0.691969990730 0.098357081413
v  -0.462846010923 -0.683502972126 0.091036081314
v  -0.469247996807 -0.657939016819 0.098126083612
v  -0.318217009306 -0.602849006653 0.090467073023
v  -0.313154011965 -0.595848023891 0.096867069602
v  -0.145953997970 -0.672003984451 0.096771083772
v  0.462662994862 -0.578500986099 0.090916067362
v  0.469357997179 -0.580338001251 0.098387070000
v  -0.469027996063 -0.636623024940 0.097338072956
v  0.323428988457 -0.562579989433 0.090401068330
v  -0.279181987047 -0.529653012753 0.097129061818
v  0.315827995539 -0.595595002174 0.091890066862
v  0.461771011353 -0.537213027477 0.090415060520
v  0.279253989458 -0.489077001810 0.097106061876
v  -0.469292998314 -0.532266020775 0.098415061831
v  0.469716012478 -0.566600978374 0.096826069057
v  -0.462141990662 -0.528679013252 0.090410061181
v  0.457035988569 -0.355444997549 0.090399041772
v  0.470461010933 -0.522036015987 0.097203060985
v  0.462781012058 -0.494334012270 0.091048061848
v  -0.468926995993 -0.496901988983 0.098462060094
v  0.315750002861 -0.519443988800 0.091899059713
v  -0.468618005514 -0.471787989140 0.096446059644
v  0.469516009092 -0.490462005138 0.098656058311
v  -0.317081987858 -0.441300004721 0.090660050511
v  0.318221986294 -0.354975998402 0.090473048389
v  -0.457165002823 -0.427428007126 0.090402051806
v  -0.468955993652 -0.450365990400 0.096881061792
v  -0.462832987309 -0.426333010197 0.091035053134
v  0.469397991896 -0.298657000065 0.098415039480
v  -0.469025999308 -0.420394003391 0.098501041532
v  0.312635987997 -0.419277012348 0.097426041961
v  -0.469397008419 -0.385401993990 0.098482042551
v  -0.317555010319 -0.373948991299 0.090465046465
v  -0.462828993797 -0.384496986866 0.091051042080
v  -0.279244005680 -0.280524998903 0.097197040915
v  -0.457201987505 -0.234402000904 0.090403020382
v  0.312559992075 -0.279799997807 0.097573034465
v  -0.312952995300 -0.299585014582 0.097069039941
v  -0.318212985992 -0.201725006104 0.090462021530
v  -0.468380004168 -0.294398993254 0.098729036748
v  0.279285997152 -0.254200011492 0.097126029432
v  -0.462760001421 -0.291191995144 0.091024033725
v  0.462785989046 -0.274356991053 0.091000035405
v  0.318255990744 -0.162821993232 0.090440019965
v  -0.469350993633 -0.247562006116 0.098279029131
v  -0.462797999382 -0.244386002421 0.091033019125
v  -0.313145995140 -0.164018005133 0.096953019500
v  -0.469359993935 -0.137191995978 0.098394013941
v  -0.462338000536 -0.137925997376 0.090555012226
v  0.312624990940 -0.142239004374 0.097562015057
v  0.462276011705 -0.137822002172 0.090540014207
v  0.469460994005 -0.135784998536 0.098388016224
v  -0.413105994463 -0.035053987056 0.090419001877
v  0.047256998718 -0.111989982426 0.097654014826
v  0.144702002406 -0.113051988184 0.096961013973
v  -0.315780013800 -0.073021985590 0.092239007354
v  0.456990987062 0.010479010642 0.090401001275
v  0.462792009115 -0.037280987948 0.091043002903
v  0.316343992949 -0.072152987123 0.090597011149
v  -0.469332993031 -0.052119988948 0.098384007812
v  -0.226201996207 -0.070003986359 0.090432010591
v  0.469397991896 -0.013809988275 0.098389998078
v  -0.462381005287 -0.050345987082 0.090627007186
v  -0.229315996170 -0.073139987886 0.093192011118
v  -0.156837999821 -0.072243988514 0.092122010887
v  -0.071570001543 -0.070851981640 0.091023005545
v  -0.039680998772 -0.075565986335 0.097536005080
v  0.027755999938 -0.070468984544 0.090902008116
v  0.026256000623 -0.076174981892 0.098740004003
v  0.101926997304 -0.081357985735 0.109883010387
v  0.128837004304 -0.071608982980 0.091606006026
v  -0.106000997126 -0.064766988158 0.090424008667
v  -0.107271999121 -0.072816982865 0.092483006418
v  0.122524999082 -0.064745984972 0.090404003859
v  0.191071003675 -0.072369985282 0.091375008225
v  -0.133751004934 -0.021206988022 0.090387001634
v  -0.043871000409 -0.021915988997 0.090332001448
v  0.187552005053 0.102361015975 0.090376988053
v  0.249980002642 -0.071216985583 0.090473011136
v  0.130384996533 -0.021914988756 0.090374998748
v  0.029928000644 -0.022048989311 0.090352997184
v  -0.376690000296 -0.013918989338 0.090576000512
v  -0.436105996370 -0.017135988921 0.091435998678
v  -0.414876013994 -0.028549989685 0.099661000073
v  -0.133753001690 0.050933010876 0.090426988900
v  0.323139011860 0.102595016360 0.090395987034
v  -0.469370990992 0.014404011890 0.098411999643
v  -0.438421994448 0.009113010019 0.091104999185
v  -0.462675988674 0.021733012050 0.090866997838
v  -0.431010007858 0.012604012154 0.098742000759
v  0.134244993329 0.051069010049 0.090499989688
v  0.123883001506 -0.012373987585 0.096501998603
v  -0.385131001472 0.026840010658 0.090455003083
v  -0.389241009951 0.014724012464 0.097751997411
v  -0.218461006880 0.107908017933 0.090493984520
v  -0.125455006957 -0.012736988254 0.096419997513
v  -0.104731000960 0.004910011776 0.096367999911
v  0.012223999947 0.004900011700 0.096371002495
v  0.125786006451 0.043824009597 0.096303999424
v  -0.421130001545 0.028273010626 0.090843997896
v  -0.125323995948 0.041783012450 0.096459001303
v  -0.423860013485 0.068366013467 0.090564996004
v  -0.102369002998 0.027768010274 0.096427999437
v  -0.316754013300 0.108179017901 0.090527981520
v  0.462808996439 0.073609016836 0.091038994491
v  -0.389941006899 0.072806015611 0.090733990073
v  0.469377994537 0.075068011880 0.098390989006
v  -0.068176001310 0.051494009793 0.090613991022
v  0.016313999891 0.102492012084 0.090342983603
v  -0.441597014666 0.080328017473 0.090898990631
v  0.462047010660 0.154164999723 0.090429976583
v  -0.448314011097 0.093035012484 0.090433984995
v  -0.395159006119 0.084085017443 0.106199994683
v  -0.462778985500 0.122485011816 0.090977981687
v  -0.469368994236 0.120447017252 0.098277986050
v  -0.429167002439 0.083937011659 0.104592993855
v  -0.131301999092 0.107716016471 0.090613983572
v  -0.433138012886 0.111640013754 0.110397987068
v  -0.374262988567 0.113748013973 0.090807981789
v  -0.027969999239 0.109051011503 0.091806985438
v  0.068337999284 0.108982011676 0.092074982822
v  0.200783997774 0.109013013542 0.091936983168
v  0.314824998379 0.108821012080 0.091652981937
v  -0.306612014771 0.117714017630 0.110594987869
v  -0.097974002361 0.115532018244 0.106420986354
v  0.306719005108 0.118170015514 0.111098982394
v  0.317256987095 0.136479005218 0.091307982802
v  0.311919987202 0.116302013397 0.098844982684
v  -0.442965000868 0.125069007277 0.091297984123
v  0.469561994076 0.156645998359 0.098393976688
v  -0.414462000132 0.141848996282 0.090836986899
v  -0.383482009172 0.123158015311 0.095746986568
v  -0.393878012896 0.137937992811 0.090506985784
v  -0.467292010784 0.183845013380 0.098883979023
v  -0.460453987122 0.187244996428 0.090362980962
v  -0.042713999748 0.149448007345 0.096391975880
v  0.099968999624 0.143946021795 0.100248984993
v  0.221319004893 0.144449010491 0.099545985460
v  0.511478006840 0.230434015393 0.126254975796
v  0.462915003300 0.220934003592 0.091049976647
v  0.318098992109 0.264494985342 0.090585961938
v  -0.279435992241 0.251982986927 0.096968971193
v  0.469440996647 0.224509999156 0.098419979215
v  -0.317313998938 0.177946001291 0.090602979064
v  0.457258999348 0.242201998830 0.090398974717
v  -0.421972990036 0.211702004075 0.090385980904
v  -0.458644002676 0.201495021582 0.104130975902
v  -0.436210006475 0.191135019064 0.113037981093
v  -0.442595988512 0.199873000383 0.098105974495
v  -0.392881006002 0.212115004659 0.090577974916
v  -0.465873986483 0.205752000213 0.094017975032
v  -0.437795013189 0.218020007014 0.091639980674
v  -0.423198014498 0.225651010871 0.106461979449
v  -0.395283013582 0.229514017701 0.109569974244
v  -0.382346987724 0.253286004066 0.090901970863
v  -0.313035011292 0.242402002215 0.096969977021
v  -0.316641986370 0.349406987429 0.091488957405
v  0.312723010778 0.294719994068 0.097346961498
v  0.316500008106 0.398068010807 0.090687952936
v  0.462379992008 0.285026997328 0.090655960143
v  -0.409774005413 0.270541995764 0.090486966074
v  -0.437142997980 0.255879014730 0.091585963964
v  -0.428382992744 0.250777989626 0.101352967322
v  -0.406762987375 0.253131002188 0.114185966551
v  -0.442901998758 0.275889992714 0.096277959645
v  -0.441096007824 0.278640985489 0.090656965971
v  -0.323448002338 0.409467995167 0.090399958193
v  -0.465975999832 0.281286001205 0.097664959729
v  -0.462805986404 0.290176004171 0.091033965349
v  -0.468867987394 0.327612996101 0.098500959575
v  -0.456966996193 0.370483994484 0.090401954949
v  -0.462841987610 0.348536014557 0.091084957123
v  0.469242006540 0.356788009405 0.098563954234
v  0.318329006433 0.458362013102 0.090417943895
v  0.456784009933 0.396953999996 0.090406954288
v  -0.469229012728 0.353399008512 0.098303958774
v  0.462843000889 0.344817012548 0.091044962406
v  0.462940990925 0.384474009275 0.090997956693
v  -0.462841987610 0.387178987265 0.091034956276
v  0.469691991806 0.402339011431 0.097985953093
v  -0.469361007214 0.386216014624 0.098287954926
v  -0.316410988569 0.459623992443 0.091581940651
v  -0.462769985199 0.490363001823 0.090936943889
v  -0.377278000116 0.451041013002 0.090635940433
v  0.462796986103 0.497651994228 0.091098941863
v  -0.423776000738 0.445679992437 0.090959943831
v  -0.398882985115 0.449009001255 0.098718941212
v  -0.469370990992 0.469691008329 0.098548941314
v  0.469399005175 0.473874986172 0.098358944058
v  -0.441253006458 0.485076993704 0.090782940388
v  0.312389999628 0.496553987265 0.097854942083
v  -0.432992994785 0.488157004118 0.098850943148
v  -0.426266014576 0.462545007467 0.097949936986
v  -0.372979998589 0.495079994202 0.090669937432
v  0.462359011173 0.555952012539 0.090584933758
v  -0.462139010429 0.536225020885 0.090460941195
v  -0.469413995743 0.511609017849 0.098260939121
v  -0.376255005598 0.481611996889 0.099120937288
v  -0.374783009291 0.505492985249 0.090397939086
v  -0.395310997963 0.507219016552 0.095227941871
v  -0.427222013474 0.507278978825 0.090407937765
v  -0.410818010569 0.513270974159 0.090556941926
v  -0.318233996630 0.603331983089 0.090464927256
v  0.469395011663 0.577148973942 0.098401933908
v  -0.462841004133 0.571079015732 0.091072931886
v  -0.469159007072 0.572090983391 0.098378933966
v  0.317957013845 0.681333005428 0.090690918267
v  0.312500000000 0.671391010284 0.097769916058
v  -0.312615007162 0.536135017872 0.097695939243
v  0.462191998959 0.682268023491 0.090505920351
v  -0.462792009115 0.605436980724 0.091012924910
v  -0.469285011292 0.604039013386 0.098393924534
v  -0.456954985857 0.709933996201 0.090402916074
v  -0.313217014074 0.675429999828 0.096901915967
v  0.462209999561 0.814333021641 0.090424902737
v  -0.318320989609 0.705726981163 0.090459920466
v  0.469502002001 0.684787988663 0.098365917802
v  -0.469379007816 0.761784970760 0.098472908139
v  -0.462781012058 0.761941015720 0.091062910855
v  -0.317171990871 0.835641026497 0.090660899878
v  -0.279244005680 0.790790021420 0.096642903984
v  0.317952990532 0.835897982121 0.090509906411
v  0.312956988811 0.830927014351 0.096986904740
v  -0.462799012661 0.817408025265 0.091049902141
v  -0.468982011080 0.813910007477 0.098361901939
v  -0.150453999639 0.795502007008 0.097693905234
v  0.098393000662 0.794957995415 0.097613900900
v  0.191890001297 0.795208990574 0.097762905061
v  0.276529997587 0.793628990650 0.097028903663
v  0.469449013472 0.817418992519 0.098412901163
v  -0.456732988358 0.949719011784 0.090403877199
v  -0.313392013311 0.831232011318 0.096184901893
v  -0.165096998215 0.833923995495 0.091785900295
v  -0.007021999918 0.831209003925 0.096470899880
v  0.010553999804 0.835075020790 0.091321900487
v  0.194343999028 0.831404983997 0.096322901547
v  0.222347006202 0.835973978043 0.090536899865
v  -0.148746997118 0.841623008251 0.090419895947
v  0.029715999961 0.841596007347 0.090415894985
v  -0.416343003511 0.876339972019 0.090641893446
v  -0.180803999305 0.867274999619 0.090593896806
v  0.388895988464 0.949819028378 0.090394884348
v  -0.166601002216 0.872098028660 0.090716898441
v  -0.026971999556 0.950236022472 0.090397879481
v  0.237009003758 0.949856996536 0.090397879481
v  -0.462853014469 0.895341992378 0.091042898595
v  -0.468962013721 0.896426022053 0.098378896713
v  -0.312435001135 0.867780983448 0.090617895126
v  -0.372611999512 0.872474014759 0.090725898743
v  -0.320188999176 0.874557971954 0.095096893609
v  -0.263395994902 0.871838986874 0.096686892211
v  -0.397238999605 0.879418015480 0.093657895923
v  -0.155361995101 0.881874978542 0.091209895909
v  -0.179260000587 0.878866970539 0.128853902221
v  -0.418619006872 0.910331010818 0.090561896563
v  -0.156632006168 0.920786976814 0.090804897249
v  0.101576998830 0.955443024635 0.090495884418
v  -0.237922996283 0.949660003185 0.090393878520
v  -0.462980002165 0.955986976624 0.091402880847
v  0.469348996878 0.933120012283 0.098677895963
v  0.462152004242 0.955078005791 0.090631879866
v  -0.339197009802 0.916696012020 0.108914896846
v  -0.370994001627 0.927594006062 0.090689897537
v  -0.392223000526 0.914097011089 0.091853894293
v  -0.207099005580 0.926970005035 0.092439897358
v  -0.298999994993 0.924413979053 0.091253899038
v  -0.467868000269 0.959295988083 0.098712883890
v  0.468259006739 0.958908975124 0.098290883005
v  -0.365411013365 0.955789983273 0.091252878308
v  -0.325821995735 0.919884979725 0.092275895178
v  -0.323680013418 0.956107974052 0.091485880315
v  -0.332010000944 0.952445983887 0.104410879314
v  -0.361203998327 0.946088016033 0.103536881506
v  -0.356878995895 0.957774996758 0.097481884062
v  -0.156216993928 0.956170022488 0.091670878232
v  -0.024265000597 0.956161022186 0.091537877917
v  0.242836996913 0.956161975861 0.091548882425
v  0.392201006413 0.956148982048 0.091520883143
v  -0.323666006327 0.959782004356 0.098913878202
v  -0.190805003047 0.959547996521 0.098998881876
v  -0.073899999261 0.959572970867 0.098877884448
v  0.170583993196 0.959590017796 0.098936878145
v  0.287773996592 0.959416985512 0.098778881133
v  0.403344988823 0.959586024284 0.098926879466
v  0.043953999877 1.002768039703 0.129312887788
v  -0.463005989790 -0.872864007950 0.100931107998
v  -0.202136993408 -0.915655016899 0.096666105092
v  -0.000850000011 -0.920700013638 0.096735104918
v  0.461243003607 -0.907217979431 0.106812104583
v  0.432321995497 -0.886023998260 0.096762105823
v  0.506730020046 -0.890304982662 0.121975101531
v  0.462494999170 -0.848829984665 0.110970102251
v  0.461584001780 -0.753937005997 0.108092091978
v  -0.461138010025 -0.742403984070 0.107001088560
v  -0.304865986109 -0.698197007179 0.114133082330
v  -0.268977999687 -0.702978014946 0.110916085541
v  -0.167325004935 -0.702467024326 0.111882083118
v  0.133974000812 -0.703280985355 0.110244080424
v  -0.105876997113 -0.681384980679 0.103017084301
v  0.000934000011 -0.680908024311 0.102428078651
v  0.164966002107 -0.681149005890 0.102834083140
v  0.285744011402 -0.680382013321 0.102215081453
v  0.461263000965 -0.663397014141 0.108278080821
v  -0.287420004606 -0.550696015358 0.102085068822
v  -0.460961997509 -0.635151982307 0.107832074165
v  0.288439005613 -0.671661973000 0.102793082595
v  0.462399005890 -0.570752024651 0.111400067806
v  -0.461304992437 -0.549399018288 0.107246063650
v  0.288468003273 -0.464251995087 0.102869056165
v  0.462092995644 -0.496206998825 0.106081061065
v  -0.287506997585 -0.469056010246 0.102206058800
v  -0.307143002748 -0.453954994678 0.110707059503
v  -0.463131994009 -0.455954998732 0.104204058647
v  0.462642014027 -0.274381011724 0.104676038027
v  -0.461131989956 -0.381819009781 0.107507042587
v  -0.287782013416 -0.319599986076 0.102527037263
v  -0.306555986404 -0.345079004765 0.111573040485
v  0.288228005171 -0.299652993679 0.102564036846
v  -0.462749004364 -0.241517990828 0.104668021202
v  -0.288046985865 -0.207297980785 0.102705024183
v  0.287515997887 -0.106193982065 0.101944014430
v  -0.462146997452 -0.134891986847 0.105247013271
v  0.462787002325 -0.141918987036 0.104801014066
v  -0.286458998919 -0.108434982598 0.101069018245
v  0.111463002861 -0.106089986861 0.101243011653
v  0.462381005287 -0.015403986908 0.105213999748
v  -0.462877005339 -0.051828987896 0.104545004666
v  -0.096854999661 -0.081992983818 0.110959008336
v  -0.295915007591 -0.084490984678 0.114081010222
v  -0.004906999879 -0.012876987457 0.096428997815
v  -0.462904989719 0.118615016341 0.105120986700
v  0.460804998875 0.076353013515 0.107821993530
v  0.462859004736 0.212966009974 0.104446977377
v  -0.070377998054 0.140244022012 0.102593988180
v  0.036424998194 0.139892011881 0.103114984930
v  -0.286410987377 0.141467019916 0.101632982492
v  -0.215605005622 0.139346018434 0.104201987386
v  0.146804004908 0.141093015671 0.101390987635
v  -0.450360000134 0.183384016156 0.112350977957
v  -0.436702013016 0.221565008163 0.104843974113
v  -0.436165004969 0.253138005733 0.109508968890
v  -0.464691013098 0.278858989477 0.112971961498
v  -0.307011008263 0.240073010325 0.110874980688
v  0.461432009935 0.337978988886 0.108985960484
v  -0.307298988104 0.416417002678 0.110385954380
v  -0.288215011358 0.268671005964 0.102899961174
v  -0.288053005934 0.383157014847 0.102632954717
v  0.288722008467 0.303595989943 0.103042960167
v  0.462895989418 0.397913008928 0.104504957795
v  -0.462193995714 0.388913005590 0.105190955102
v  0.288473010063 0.498607993126 0.102760940790
v  -0.287937998772 0.480524003506 0.102510944009
v  0.462253987789 0.479739010334 0.105319939554
v  -0.462823003531 0.542659997940 0.104505941272
v  -0.288015991449 0.605736017227 0.102668926120
v  0.460765004158 0.609745025635 0.107317924500
v  0.288089990616 0.599538981915 0.102549925447
v  -0.288103997707 0.702988982201 0.102800920606
v  0.462895005941 0.683786988258 0.104480914772
v  -0.462790995836 0.760281026363 0.104493908584
v  0.462550014257 0.813588023186 0.104900904000
v  -0.307020992041 0.825662016869 0.110753901303
v  0.462323993444 0.884715020657 0.105134896934
v  -0.143511995673 0.824036002159 0.113684900105
v  -0.053316999227 0.825482010841 0.111411906779
v  0.139783993363 0.823916971684 0.113812901080
v  -0.378464013338 0.884181022644 0.129288896918
v  -0.336800992489 0.920540988445 0.105130895972
v  -0.211377993226 0.919328987598 0.147931873798
v  0.460792005062 0.952643990517 0.106320880353
v  -0.462419986725 0.927266001701 0.105046898127
v  -0.458155006170 0.952811002731 0.110448881984
v  -0.366061002016 0.954297006130 0.104870878160
v  -0.302605003119 0.953912019730 0.104607880116
v  -0.186483994126 0.954306006432 0.104748882353
v  -0.052728999406 0.953749001026 0.106180883944
v  0.148011997342 0.954297006130 0.104771882296
v  0.379783004522 0.954410016537 0.104904882610
v  0.469063997269 -0.997936010361 0.109790116549
v  0.477043002844 -0.999825000763 0.122734121978
v  -0.511334002018 -1.002115964890 0.129338115454
v  -0.462662011385 -0.865176022053 0.112010106444
v  0.487713009119 -0.868569016457 0.119950100780
v  0.474094003439 -0.854992985725 0.115425102413
v  0.040575001389 -0.702781021595 0.111079081893
v  0.232613995671 -0.702067017555 0.112401083112
v  -0.287844002247 -0.681183993816 0.102913081646
v  0.307155013084 -0.702737987041 0.110659085214
v  -0.462659001350 -0.485383003950 0.111949056387
v  0.306367993355 -0.464783996344 0.111978061497
v  -0.511448025703 -0.544797003269 0.125832080841
v  0.307289004326 -0.357252985239 0.110450044274
v  0.306401014328 -0.268467009068 0.111563034356
v  -0.039684999734 -0.104804985225 0.102399013937
v  -0.291817992926 -0.099393986166 0.111859016120
v  -0.127678006887 -0.098959982395 0.111770011485
v  0.186809003353 -0.102594986558 0.105604015291
v  -0.462709993124 -0.034761987627 0.111901000142
v  0.220763996243 -0.082348987460 0.111181005836
v  0.462967991829 -0.020766984671 0.112277999520
v  0.015181999654 0.120326012373 0.113930985332
v  0.112240001559 0.120051011443 0.113448984921
v  0.231082007289 0.119553014636 0.112625986338
v  0.307199001312 0.265008985996 0.110767960548
v  0.287901997566 0.142488017678 0.102531984448
v  -0.464107990265 0.183018013835 0.112044975162
v  -0.462617993355 0.358687996864 0.111863955855
v  0.306389003992 0.423803985119 0.111593954265
v  0.465557008982 0.463818997145 0.112550944090
v  -0.306789994240 0.583176016808 0.111014932394
v  0.288641989231 0.798669993877 0.102944903076
v  0.465308994055 0.681791007519 0.112907916307
v  0.463034003973 0.754589974880 0.111982911825
v  0.306466013193 0.825278997421 0.111780904233
v  -0.307105004787 0.683516025543 0.110730916262
v  -0.286682009697 0.802823007107 0.102089904249
v  -0.041404001415 0.804618000984 0.103740900755
v  0.077615000308 0.803920984268 0.102741904557
v  0.194471001625 0.804668009281 0.103814899921
v  0.282115012407 0.803608000278 0.102161906660
v  0.292937994003 0.807205975056 0.112059906125
v  -0.220083996654 0.824056982994 0.113501906395
v  0.030915999785 0.824965000153 0.111947901547
v  0.233777999878 0.824404001236 0.113333903253
v  -0.462669998407 0.798322975636 0.112126901746
v  -0.462599009275 0.874965012074 0.112258896232
v  -0.348755002022 0.911319971085 0.143441885710
v  -0.279670000076 0.915569007397 0.156367883086
v  -0.356388986111 0.954407989979 0.112008877099
v  0.325446009636 0.954151988029 0.113027878106
v  0.186792999506 0.954484999180 0.113318882883
v  0.461221992970 0.953904986382 0.112884879112
v  -0.059866998345 -0.702893018723 0.111025080085
v  -0.293623000383 -0.686342000961 0.112700082362
v  -0.111597001553 -0.686742007732 0.113107085228
v  0.022340999916 -0.684835016727 0.110158078372
v  0.164829000831 -0.685873985291 0.111805081367
v  0.292448997498 -0.684208989143 0.111184082925
v  0.296052008867 -0.570535004139 0.115199066699
v  -0.305245995522 -0.563942015171 0.113189063966
v  0.306746989489 -0.587849974632 0.111065067351
v  -0.294088006020 -0.526705026627 0.112948060036
v  0.294326990843 -0.470351994038 0.112998060882
v  -0.292820990086 -0.387982010841 0.111302047968
v  0.463073998690 -0.381550997496 0.112398043275
v  0.293462008238 -0.329616010189 0.112049035728
v  -0.462743014097 -0.277806997299 0.112121038139
v  0.294122993946 -0.221661984921 0.112958021462
v  -0.292171001434 -0.181117981672 0.110309019685
v  -0.303912013769 -0.194548979402 0.114810019732
v  -0.463209003210 -0.149241983891 0.112571023405
v  -0.306737989187 -0.082197986543 0.111029006541
v  0.463346987963 -0.228946983814 0.112453021109
v  0.463064998388 -0.139232978225 0.112360015512
v  0.296041011810 -0.097200982273 0.115414015949
v  -0.010286999866 -0.098840981722 0.111925013363
v  0.110060997307 -0.098467983305 0.112400017679
v  0.304861009121 -0.179800987244 0.113555021584
v  -0.216971993446 -0.082892984152 0.111975006759
v  -0.019262000918 -0.085263982415 0.113800011575
v  0.302455008030 -0.082974985242 0.112229004502
v  -0.463072001934 0.026203015819 0.112616002560
v  -0.466008991003 0.114039011300 0.113910987973
v  0.466459989548 0.134951010346 0.114013984799
v  -0.395788997412 0.096815012395 0.119864985347
v  -0.197735995054 0.120024017990 0.112877987325
v  -0.408877998590 0.123242013156 0.118064984679
v  -0.086167998612 0.133171021938 0.113158985972
v  0.132044002414 0.133870020509 0.112504981458
v  0.275602012873 0.130447015166 0.114408984780
v  0.294321000576 0.139760017395 0.113549984992
v  -0.291667014360 0.139472007751 0.109771981835
v  0.293101996183 0.292856007814 0.111738964915
v  -0.293258011341 0.261023998260 0.111824959517
v  0.466201990843 0.256673008204 0.113837964833
v  -0.467703998089 0.300094991922 0.116177961230
v  -0.293292999268 0.402563005686 0.111824952066
v  0.292219012976 0.449880987406 0.110184937716
v  0.463618993759 0.371019989252 0.111880958080
v  -0.293007999659 0.518742024899 0.111531943083
v  -0.463243991137 0.520568013191 0.112941943109
v  0.293173998594 0.642614006996 0.111751921475
v  -0.290636003017 0.620389997959 0.107356928289
v  -0.511457979679 0.589892983437 0.126245930791
v  0.466991007328 0.542744994164 0.114401943982
v  -0.463063985109 0.672581017017 0.112124919891
v  -0.298335999250 0.799274981022 0.116116903722
v  -0.169685006142 0.809714972973 0.112658903003
v  -0.020013000816 0.809194028378 0.111915901303
v  0.166645005345 0.810279011726 0.113256901503
v  -0.211814999580 0.878580987453 0.149923890829
v  -0.346112996340 0.881735980511 0.142978891730
v  -0.180995002389 0.916453003883 0.130742877722
v  0.463245004416 0.879978001118 0.112349897623
v  -0.403385996819 0.960129976273 0.115584880114
v  -0.337011992931 0.955211997032 0.115514881909
v  -0.230165004730 0.954246997833 0.112974882126
v  -0.105621002614 0.954465985298 0.113248877227
v  0.019522000104 0.954493999481 0.113303877413
v  0.476646006107 -1.001847982407 0.129193112254
v  0.475154012442 -0.869530022144 0.121144101024
v  -0.037076000124 -0.695901989937 0.115266084671
v  -0.511380970478 -0.601776003838 0.129557073116
v  0.301820993423 -0.519056975842 0.114922061563
v  0.466544002295 -0.328523010015 0.114100039005
v  0.301248013973 -0.261673986912 0.115099035203
v  -0.224733993411 -0.094441987574 0.114816017449
v  0.511169016361 -0.030354985967 0.129309996963
v  0.299373000860 0.123914018273 0.115539982915
v  -0.078054003417 0.122914016247 0.114676982164
v  0.465333014727 0.187907010317 0.112568974495
v  0.298750996590 0.262560993433 0.115711964667
v  -0.301661998034 0.401495009661 0.114984951913
v  0.511352002621 0.492487013340 0.129379957914
v  0.306713014841 0.539700984955 0.111130937934
v  0.304347991943 0.646811008453 0.114089921117
v  0.300520986319 0.726046979427 0.115810915828
v  -0.296380996704 0.812798976898 0.115958906710
v  0.511278986931 0.906593024731 0.128898873925
v  -0.511178970337 1.003123044968 0.124318882823
v  -0.469090014696 -0.913545012474 0.116177104414
v  -0.510424971581 -0.928269982338 0.129437118769
v  0.468648999929 -0.865894019604 0.115952104330
v  0.482937008142 -0.875760018826 0.126972109079
v  0.468805998564 -0.786414027214 0.116164095700
v  -0.468479990959 -0.740966022015 0.115791089833
v  0.468726009130 -0.744262993336 0.115731090307
v  -0.201855003834 -0.695560991764 0.115322083235
v  0.112466998398 -0.695299983025 0.115509085357
v  0.299136012793 -0.693306982517 0.115610085428
v  0.017893999815 -0.691446006298 0.115114085376
v  -0.468519985676 -0.620877981186 0.115907073021
v  0.468632012606 -0.621213018894 0.115902073681
v  -0.468865007162 -0.542213022709 0.116094060242
v  0.468658000231 -0.535358011723 0.115950062871
v  0.468582987785 -0.494156986475 0.115997061133
v  -0.298990011215 -0.460271000862 0.115459062159
v  -0.468715012074 -0.422904998064 0.115886047482
v  0.300168991089 -0.382634013891 0.115214042366
v  0.468674987555 -0.377898007631 0.115932047367
v  -0.299194008112 -0.327915012836 0.115431040525
v  -0.468771010637 -0.267185986042 0.115995034575
v  0.468463003635 -0.242620989680 0.115831024945
v  -0.469267010689 -0.192560985684 0.116802021861
v  0.468573987484 -0.196911990643 0.115698024631
v  -0.468912005424 -0.131191983819 0.116143018007
v  0.468520998955 -0.111950986087 0.115706011653
v  0.056763000786 -0.091399982572 0.115271016955
v  0.228458002210 -0.090707987547 0.115282014012
v  -0.089809000492 -0.089719988406 0.115183018148
v  0.468535989523 -0.035594988614 0.115598000586
v  -0.468917012215 -0.044666990638 0.116098999977
v  -0.468860000372 0.001513013849 0.115983001888
v  -0.469087988138 0.084808014333 0.116299994290
v  0.468724995852 0.059226009995 0.115866988897
v  -0.413403987885 0.087246015668 0.121247984469
v  -0.298303991556 0.127433016896 0.115360982716
v  -0.300278991461 0.215032011271 0.115156978369
v  -0.449182987213 0.194804012775 0.125049963593
v  -0.447539001703 0.273880004883 0.125395968556
v  0.468784004450 0.310523986816 0.116153962910
v  0.298923999071 0.393413007259 0.115456953645
v  -0.468493014574 0.379382014275 0.115780957043
v  0.468461006880 0.398434996605 0.116115957499
v  -0.299326002598 0.475243002176 0.115421943367
v  -0.468454986811 0.534179985523 0.115720942616
v  0.299452006817 0.538067996502 0.115402936935
v  -0.299522995949 0.627810001373 0.115438923240
v  -0.469287991524 0.674742996693 0.116506919265
v  0.477320998907 0.637655973434 0.129148930311
v  0.468710005283 0.735279023647 0.116127915680
v  -0.468971014023 0.777320981026 0.116260901093
v  0.468694001436 0.793878972530 0.115954905748
v  -0.027707999572 0.817007005215 0.115397900343
v  0.468551993370 0.893962979317 0.115765891969
v  -0.468708008528 0.959197998047 0.116245880723
v  0.468302011490 0.960680007935 0.116230882704
v  -0.337291985750 0.946071982384 0.133525878191
v  -0.330264002085 0.960717022419 0.116300880909
v  -0.222724005580 0.960821986198 0.116120882332
v  -0.106645002961 0.960597991943 0.116112880409
v  0.021955000237 0.960838973522 0.116251878440
v  0.166847005486 0.960850000381 0.116285882890
v  0.301028013229 0.960767984390 0.116127878428
v  0.480830997229 -0.991539001465 0.126402124763
v  0.503944993019 -0.892328023911 0.126237124205
v  0.476543992758 -0.880164027214 0.129330098629
v  -0.476152002811 -0.726930975914 0.129217088223
v  0.476814985275 -0.729961991310 0.129290089011
v  -0.476541012526 -0.604201018810 0.129188075662
v  0.476029992104 -0.510128974915 0.128091052175
v  -0.476273000240 -0.429989010096 0.129123046994
v  -0.476498007774 -0.381482005119 0.129354044795
v  -0.476379990578 -0.268579006195 0.129312023520
v  0.476980000734 -0.300410002470 0.129294037819
v  0.477005004883 -0.068239986897 0.129292994738
v  -0.476397007704 -0.044635981321 0.129310995340
v  -0.476312994957 0.100091017783 0.129356980324
v  -0.476624995470 0.149442017078 0.129216983914
v  -0.466906011105 0.232385009527 0.114488974214
v  -0.476929008961 0.244980022311 0.129339963198
v  -0.476294010878 0.317472010851 0.129270955920
v  0.477097988129 0.383504986763 0.129312962294
v  -0.476438999176 0.480565994978 0.129347950220
v  -0.476556986570 0.605078995228 0.129303932190
v  0.476933002472 0.584634006023 0.129266932607
v  0.476722985506 0.775421023369 0.129294916987
v  0.476812988520 0.856369972229 0.129317894578
v  -0.476355999708 0.873799026012 0.129271894693
v  0.476276010275 0.958227992058 0.129214882851
v  -0.325650006533 0.965394973755 0.132920876145
v  -0.474743992090 0.966749012470 0.129599884152
v  -0.319036006927 0.967576980591 0.129523888230
v  -0.109274998307 0.967599987984 0.129411876202
v  0.035555999726 0.967531025410 0.129182875156
v  0.319454014301 0.967535018921 0.129259884357
v  -0.475977003574 -1.001703977585 0.128615126014
v  -0.477156013250 -0.830080986023 0.129327088594
v  0.476832985878 -0.626509010792 0.129328072071
v  0.477367997169 -0.591495990753 0.129274070263
v  0.476009994745 -0.550481021404 0.128228068352
v  0.477106988430 -0.189819991589 0.129234030843
v  -0.476478010416 -0.122523985803 0.129347011447
v  0.477050989866 0.033518020064 0.129265993834
v  -0.429562985897 0.103597022593 0.162238985300
v  -0.393310010433 0.114140018821 0.166962981224
v  0.477254986763 0.265139997005 0.129159972072
v  0.476096004248 0.492525994778 0.128783956170
v  -0.476254999638 0.788586974144 0.129372909665
v  -0.368140012026 0.968770027161 0.130265876651
v  -0.239180997014 0.968120992184 0.129343882203
v  0.158613994718 0.967495977879 0.129321888089
v  0.509535014629 -0.893728971481 0.129422113299
v  0.509728014469 -0.704291999340 0.129318088293
v  -0.509392023087 -0.692569971085 0.129534095526
v  -0.509501993656 -0.485487014055 0.129504039884
v  0.476321011782 -0.403270006180 0.128570050001
v  0.509522020817 -0.376724988222 0.129491046071
v  -0.509530007839 -0.268180996180 0.129400029778
v  0.509736001492 -0.180671989918 0.129317030311
v  -0.509598970413 0.013092014939 0.129323005676
v  0.509410023689 0.157248020172 0.129520982504
v  0.508688986301 0.304475009441 0.129638954997
v  -0.509675979614 0.450621992350 0.129284948111
v  0.509663999081 0.608635008335 0.129374921322
v  -0.509374976158 0.602779984474 0.129525929689
v  -0.509543001652 0.878899991512 0.129480898380
v  -0.509365022182 1.001538038254 0.129400879145
v  0.467536985874 0.969067990780 0.129328876734
v  -0.175058007240 1.001999974251 0.129398882389
v  0.482677996159 -0.478408008814 0.129468038678
v  -0.509271025658 0.158756017685 0.129550978541
v  -0.508889019489 0.290342986584 0.129526972771
v  -0.334740012884 0.981824994087 0.134290874004
v  -0.328960001469 0.983125984669 0.129755884409
v  -0.340537011623 0.990397989750 0.129772886634
v  -0.357888013124 0.981921017170 0.133548885584
v  -0.320946007967 0.097549021244 0.154933005571
v  -0.294447004795 0.109573014081 0.128293991089
v  -0.304731011391 0.092984020710 0.160172000527
v  -0.394515991211 0.093142025173 0.166952997446
v  -0.333348989487 0.123487025499 0.170802980661
v  -0.407855987549 0.124340020120 0.183003991842
v  -0.278407007456 0.881696999073 0.158803895116
v  -0.363476008177 0.988906979561 0.163735881448
v  -0.301182001829 0.121029019356 0.155599981546
v  -0.343616008759 0.884154021740 0.145570889115
v  -0.363350987434 0.944284021854 0.170327886939
v  -0.373353987932 0.968225002289 0.166822880507
v  -0.319579005241 0.974757015705 0.166962876916
v  -0.313062995672 0.883745014668 0.154726892710
v  -0.244074001908 0.897198021412 0.159904882312
v  -0.334636986256 0.093935020268 0.174905002117
v  -0.379489004612 0.092636018991 0.175925999880
v  -0.374170988798 0.117067024112 0.170880988240
v  -0.327683001757 0.945645987988 0.171761885285
v  -0.404473006725 0.085816025734 0.184221997857
v  -0.354903012514 0.987425982952 0.187915876508
v  -0.379099011421 0.121551021934 0.182033985853
v  -0.366602003574 0.950908005238 0.199027881026
v  -0.326633989811 0.981230020523 0.204546883702
v  -0.343162000179 0.939823985100 0.195360884070
v  -0.327010989189 0.955848991871 0.201443880796
v  -0.341452002525 0.939338028431 0.229561880231
v  -0.363573014736 0.976599991322 0.209238886833
v  -0.329252004623 0.976683020592 0.210323885083
v  -0.364868998528 0.954419016838 0.231979876757
v  -0.329847007990 0.963521003723 0.235986873507
v  -0.363180011511 0.964248001575 0.240263879299
v  -0.364535003901 0.970758020878 0.290324896574
v  -0.328916013241 0.971476018429 0.289725899696
# 1202 vertices

vn -0.958683490753 0.131897240877 0.252049773932
vn -0.853543102741 -0.146067351103 0.500128448009
vn -0.588921129704 0.762941718102 0.266630589962
vn -0.987341403961 -0.006200882606 -0.158488214016
vn -0.997201025486 -0.073093675077 -0.015729645267
vn -0.974050164223 0.001559372060 0.226326823235
vn -0.988566696644 0.095534026623 0.116658084095
vn -0.995733916759 0.034226763994 -0.085688687861
vn -0.952784061432 -0.302097529173 0.030652426183
vn -0.854449629784 0.514150977135 0.074596442282
vn -0.830689132214 0.554592967033 -0.048808339983
vn -0.687225520611 0.637576341629 0.348162949085
vn -0.948685109615 0.111704714596 0.295835465193
vn -0.741520524025 0.000206500423 0.670930147171
vn -0.943369388580 0.013670640066 0.331462323666
vn -0.953822791576 -0.022362858057 0.299536228180
vn -0.772281229496 -0.008187426254 0.635228037834
vn -0.958464980125 0.024404894561 0.284164160490
vn -0.946141302586 -0.012907342985 0.323496520519
vn -0.611159086227 -0.595587909222 0.521305680275
vn -0.949897885323 0.005696930923 0.312508493662
vn -0.806475400925 -0.502518415451 0.311564862728
vn -0.335695832968 -0.933838784695 0.123504899442
vn -0.997593462467 -0.025994434953 -0.064277365804
vn -0.999454915524 0.014393872581 -0.029709242284
vn -0.874054908752 0.357825517654 0.328616619110
vn -0.998633980751 -0.018162788823 -0.048992659897
vn -0.040971484035 0.981951057911 0.184644043446
vn -0.997397422791 0.072035461664 -0.003046680242
vn -0.944943547249 -0.080822102726 -0.317095458508
vn -0.997016012669 0.005944115575 -0.076965659857
vn 0.293493181467 0.650252878666 0.700737476349
vn -0.914594352245 0.001429715427 -0.404369980097
vn -0.933086752892 0.009243918583 -0.359532624483
vn -0.926088690758 -0.020122200251 -0.376768946648
vn -0.999909222126 0.009645825252 -0.009405902587
vn -0.162501513958 -0.977161109447 -0.136928305030
vn -0.422090023756 -0.881793797016 0.210427433252
vn -0.044420517981 -0.550197720528 -0.833852112293
vn -0.551077425480 0.622736155987 -0.555439770222
vn 0.404216498137 0.599737942219 -0.690596401691
vn -0.662583887577 0.714327931404 0.225206866860
vn -0.849761426449 -0.091486476362 0.519168317318
vn -0.756357014179 -0.016599696130 0.653948366642
vn -0.734527349472 0.018944067881 0.678314626217
vn -0.925109684467 0.018023695797 -0.379271984100
vn -0.919317126274 0.012006495148 -0.393334239721
vn -0.750062882900 0.018781287596 0.661099791527
vn -0.461828231812 0.677783846855 -0.572122156620
vn -0.733900249004 -0.678497433662 -0.032120313495
vn 0.354520112276 -0.537571251392 -0.765070378780
vn -0.327512949705 0.306170493364 -0.893865168095
vn -0.882333159447 0.073931999505 0.464781969786
vn -0.675238966942 0.013806228526 0.737469792366
vn -0.676235735416 -0.112735562027 0.728008151054
vn -0.666178226471 -0.062895864248 0.743135750294
vn -0.742917299271 0.093364760280 0.662840068340
vn -0.762168347836 0.018789371476 0.647106170654
vn -0.793546974659 0.015263475478 0.608317553997
vn 0.947894990444 0.019396467134 -0.317991852760
vn 0.582280576229 0.655188798904 -0.481328397989
vn 0.801658153534 0.096548728645 -0.589934349060
vn -0.909030914307 -0.157141149044 -0.385965615511
vn -0.230035021901 -0.518830895424 -0.823345899582
vn -0.512274801731 -0.220340162516 -0.830075144768
vn -0.013064414263 0.338365674019 -0.940923988819
vn -0.015942502767 0.003389150836 -0.999867141247
vn -0.736694514751 0.650461554527 -0.184881061316
vn -0.967442512512 0.023211803287 -0.252024173737
vn -0.947795689106 -0.068368285894 -0.311462879181
vn -0.940362036228 0.013179437257 -0.339919894934
vn -0.835292577744 0.023322660476 -0.549310743809
vn -0.910175979137 -0.015738958493 -0.413922697306
vn 0.717726647854 -0.233646690845 -0.655955553055
vn 0.667901933193 -0.182196483016 -0.721603393555
vn 0.439559608698 0.115438513458 -0.890764474869
vn -0.932972908020 -0.353508174419 0.067775920033
vn 0.213810011744 0.336351990700 -0.917143702507
vn -0.232001960278 -0.116095796227 -0.965762317181
vn -0.159476682544 0.108763016760 -0.981192052364
vn -0.261664062738 0.344786137342 -0.901473462582
vn -0.925197899342 0.075591526926 -0.371880054474
vn -0.668353438377 0.381738454103 -0.638419449329
vn 0.015261032619 0.984525144100 -0.174577668309
vn 0.000600599102 0.925518751144 -0.378701359034
vn -0.014160554856 0.951062679291 0.308673381805
vn -0.006127638277 0.999199867249 -0.039523351938
vn -0.091262526810 0.932871997356 -0.348455131054
vn 0.071369625628 0.976977527142 0.201050445437
vn -0.019775629044 0.613518893719 -0.789432346821
vn -0.063451349735 0.482740491629 -0.873461782932
vn 0.003761930158 0.896905541420 -0.442206233740
vn -0.022697197273 0.853254675865 -0.521000385284
vn -0.030281469226 0.977806687355 0.207309275866
vn 0.023356432095 0.885931909084 -0.463226914406
vn -0.005358606111 0.864760696888 -0.502155601978
vn 0.022206913680 0.775545835495 -0.630900621414
vn -0.034126162529 0.814541518688 -0.579100668430
vn -0.003002953250 0.629246830940 -0.777199685574
vn -0.290839850903 -0.102119959891 -0.951306283474
vn -0.111462868750 -0.115249484777 -0.987063109875
vn 0.033527810127 -0.098760485649 -0.994546234608
vn 0.043379101902 -0.354587644339 -0.934015989304
vn 0.392248034477 0.082872033119 -0.916118800640
vn 0.073804266751 -0.084348678589 -0.993699252605
vn -0.008561727591 0.086943164468 -0.996176481247
vn 0.168251603842 0.003708593315 -0.985737085342
vn -0.057253114879 0.067569851875 -0.996070444584
vn 0.089980304241 0.157978102565 -0.983334362507
vn -0.351848900318 0.807693779469 -0.473110109568
vn -0.043868154287 0.945302486420 -0.323231846094
vn -0.312646567822 0.949623465538 0.021619349718
vn -0.249681785703 -0.632823169231 -0.732935130596
vn 0.133236348629 -0.069982379675 -0.988610386848
vn -0.244315981865 -0.707169473171 -0.663491487503
vn 0.708707153797 -0.003098629415 -0.705496013165
vn 0.592743098736 -0.584860742092 -0.553708851337
vn 0.342762917280 -0.704701364040 -0.621216177940
vn -0.047007862478 -0.100346386433 -0.993841469288
vn 0.535798311234 -0.394795715809 -0.746362209320
vn 0.879673123360 -0.073519118130 -0.469861805439
vn -0.573487341404 -0.583158433437 -0.575359463692
vn -0.718958973885 0.001334140776 -0.695051252842
vn -0.039321191609 0.332331657410 -0.942342579365
vn -0.093248344958 0.001466521644 -0.995641827583
vn 0.709277868271 0.000447121216 -0.704928874969
vn 0.078302480280 0.000154846100 -0.996929645538
vn 0.189210370183 -0.003375264583 -0.981930792332
vn -0.704747974873 -0.000665583648 -0.709457397461
vn -0.161541908979 -0.000189609505 -0.986865818501
vn 0.746540665627 0.132201164961 -0.652073562145
vn 0.815516293049 0.438656151295 0.377510249615
vn -0.082193136215 0.000092662711 -0.996616423130
vn -0.708648145199 -0.000054869826 -0.705561995506
vn 0.806118488312 0.137784078717 -0.575489819050
vn 0.556954860687 0.118178978562 -0.822091817856
vn 0.705803215504 -0.001403939910 -0.708406567574
vn 0.089944936335 0.000165470585 -0.995946705341
vn 0.182743921876 -0.000191665036 -0.983160555363
vn 0.708760023117 0.000045740406 -0.705449700356
vn -0.159584030509 -0.000018918072 -0.987184345722
vn 0.709737539291 -0.000114985873 -0.704466223717
vn -0.083332888782 -0.000121719437 -0.996521770954
vn 0.088816255331 -0.000313554163 -0.996047973633
vn 0.170365765691 0.000066349494 -0.985380887985
vn -0.171354815364 0.000075121687 -0.985209405422
vn -0.707240045071 -0.000122025092 -0.706973493099
vn -0.072247490287 0.000778208370 -0.997386455536
vn -0.707898139954 -0.000552685175 -0.706314325333
vn 0.088477835059 -0.000047730191 -0.996078133583
vn 0.706695377827 -0.000826235046 -0.707517445087
vn 0.169404834509 -0.000002561899 -0.985546529293
vn 0.505956292152 0.006594624836 -0.862533867359
vn 0.360298365355 -0.006698791869 -0.932813048363
vn -0.709494590759 0.002053698990 -0.704707860947
vn -0.171320796013 0.151745289564 -0.973459064960
vn -0.436394155025 0.029053222388 -0.899286389351
vn -0.325989276171 0.342549026012 -0.881130576134
vn 0.710263252258 -0.000253562990 -0.703936100006
vn 0.087839901447 -0.000131083623 -0.996134579182
vn -0.707868456841 0.000232136561 -0.706344246864
vn -0.382471591234 -0.025443850085 -0.923616826534
vn 0.709222018719 -0.000590499432 -0.704984962940
vn 0.211703389883 0.002904553432 -0.977329671383
vn 0.708810031414 0.000345704728 -0.705399334431
vn -0.281305521727 0.039352186024 -0.958811044693
vn -0.318290203810 -0.013070474379 -0.947903215885
vn -0.707287967205 0.000516005268 -0.706925332546
vn 0.707961201668 -0.000899318140 -0.706250727177
vn 0.802205801010 -0.001002641977 -0.597046792507
vn 0.452218979597 0.000039752977 -0.891906917095
vn -0.373163938522 -0.000133348745 -0.927765429020
vn 0.711351037025 -0.000498515496 -0.702836751938
vn -0.706670522690 -0.000148334919 -0.707542777061
vn 0.086585111916 0.000045556502 -0.996244430542
vn 0.815422534943 0.000310156873 -0.578866124153
vn -0.362463682890 -0.000000466757 -0.931997895241
vn 0.532972216606 -0.000136798990 -0.846132755280
vn 0.711153566837 0.000710732071 -0.703036308289
vn -0.707419455051 -0.000301589898 -0.706793904305
vn 0.707840263844 -0.000094358606 -0.706372559071
vn -0.359024792910 0.000003326905 -0.933328032494
vn -0.707915604115 -0.000264981529 -0.706296980381
vn 0.710095107555 -0.000459358096 -0.704105615616
vn 0.435191154480 -0.068501837552 -0.897728323936
vn -0.707395136356 -0.000483723619 -0.706818103790
vn 0.709774613380 -0.000255472958 -0.704428792000
vn -0.518431603909 -0.206653490663 -0.829772889614
vn -0.134137123823 0.118084482849 -0.983902037144
vn 0.220940962434 0.194693773985 -0.955656528473
vn 0.708963096142 0.002579255262 -0.705240845680
vn 0.016393393278 0.402692198753 -0.915188610554
vn 0.001618244685 0.580672502518 -0.814135551453
vn 0.003201617626 0.771820306778 -0.635832667351
vn -0.017095422372 0.606128692627 -0.795182824135
vn 0.218764573336 0.845614910126 0.486905962229
vn -0.001712403377 0.286681115627 -0.958024501801
vn 0.002857384505 0.541396141052 -0.840762734413
vn 0.011868474074 0.592667698860 -0.805359601974
vn 0.008602241985 0.312484979630 -0.949883759022
vn 0.007975780405 0.553504526615 -0.832807958126
vn -0.032564248890 0.244976073503 -0.968982100487
vn 0.083508543670 0.190926596522 -0.978045701981
vn 0.004510283470 0.322898387909 -0.946422874928
vn -0.011837358586 0.410276144743 -0.911884486675
vn 0.079723797739 0.259298980236 -0.962500989437
vn 0.008240634575 0.740285038948 -0.672242701054
vn 0.005525142886 0.406894475222 -0.913458466530
vn 0.002389259404 0.690933287144 -0.722914576530
vn 0.012029833160 0.437295675278 -0.899237334728
vn 0.017461638898 0.653904914856 -0.756375193596
vn -0.003447190393 0.639007031918 -0.769193112850
vn -0.011676191352 0.354148387909 -0.935116350651
vn -0.004642648157 0.107087872922 -0.994238734245
vn 0.008561177179 0.292509824038 -0.956224203110
vn 0.024323964491 0.539005756378 -0.841950774193
vn 0.021000456065 0.636683940887 -0.770838797092
vn -0.024863777682 0.198985174298 -0.979687035084
vn 0.004098562989 0.007162624970 -0.999965965748
vn 0.003274310147 0.029556559399 -0.999557733536
vn 0.000605035224 0.707217037678 -0.706996262074
vn 0.001193624339 0.707482039928 -0.706730306149
vn -0.585729479790 0.581265985966 -0.564845800400
vn -0.000155683010 0.707892179489 -0.706320524216
vn 0.155873328447 0.121359981596 -0.980293452740
vn 0.002322786488 0.704608440399 -0.709592521191
vn -0.000425324368 0.712020695210 -0.702158331871
vn 0.001332993037 0.708811640739 -0.705396533012
vn -0.001134086051 0.707615137100 -0.706597149372
vn -0.008332865313 0.829275190830 -0.558778405190
vn 0.023790422827 0.780088663101 -0.625216543674
vn 0.577287137508 0.578365445137 -0.576396524906
vn -0.249606221914 0.122744105756 0.960536658764
vn -0.643947720528 -0.281140804291 0.711541414261
vn -0.974713742733 0.011072029360 0.223182797432
vn 0.582864105701 -0.578860163689 0.570254623890
vn 0.561028778553 -0.535446941853 0.631302833557
vn 0.592233240604 -0.561890840530 0.577527940273
vn 0.970541775227 0.002789707389 -0.240916833282
vn -0.558170557022 0.728039205074 0.398000568151
vn -0.373126655817 0.260193645954 0.890548050404
vn 0.153526976705 0.826491296291 0.541610121727
vn -0.940997540951 0.090182639658 0.326175898314
vn 0.194573238492 0.804684519768 0.560913562775
vn -0.013055181131 0.998868763447 0.045724608004
vn -0.003692111932 0.500030636787 0.865999877453
vn 0.635346889496 -0.039252586663 0.771228611469
vn 0.893857359886 0.447643131018 0.025192756206
vn 0.241237685084 0.063295833766 0.968399703503
vn -0.616438448429 0.649177014828 0.445615082979
vn -0.440600693226 -0.090408869088 0.893139004707
vn -0.353831648827 -0.326882839203 0.876327991486
vn -0.855604410172 -0.246465429664 0.455187678337
vn -0.976059556007 0.001054410357 0.217500925064
vn 0.977016925812 -0.004806837067 0.213107511401
vn -0.963716566563 -0.000031087169 0.266927689314
vn 0.974650204182 -0.003844466992 0.223701015115
vn -0.948302030563 0.000706063292 0.317368537188
vn 0.950331270695 -0.006857560948 0.311164617538
vn 0.991588711739 -0.003788576927 0.129373177886
vn -0.479182779789 -0.877674400806 0.008453933522
vn 0.612413346767 -0.603948771954 0.510093867779
vn -0.722116768360 0.004583776928 0.691756010056
vn -0.429925322533 0.641959547997 -0.634863853455
vn 0.146914452314 0.889860153198 -0.431931793690
vn -0.940740942955 0.258966803551 -0.218958079815
vn -0.705208241940 -0.707455813885 0.046771518886
vn -0.969716429710 0.000293230463 0.244233340025
vn -0.962132215500 -0.000430823769 0.272582858801
vn 0.965483248234 -0.000105563930 0.260465085506
vn -0.960079967976 0.000455725938 0.279725283384
vn -0.966632843018 -0.000301778753 0.256165653467
vn -0.970579743385 0.004175742157 0.240743756294
vn 0.906284630299 -0.413386225700 0.088091008365
vn 0.466814994812 0.799742996693 -0.377484947443
vn 0.806019723415 -0.591887772083 -0.001034714165
vn 0.707561373711 -0.706118941307 -0.027439288795
vn 0.702325761318 -0.711721479893 0.013821614906
vn 0.960402727127 -0.003189853160 0.278597325087
vn 0.709304749966 -0.704897701740 0.002448472893
vn 0.969007849693 0.005786231719 0.246962174773
vn -0.000725530321 0.993101239204 0.117257557809
vn -0.862503349781 -0.506018280983 -0.005785686895
vn 0.578074097633 -0.596658706665 0.556622564793
vn 0.000300473301 0.708106637001 0.706105470657
vn 0.613422989845 0.789754509926 0.000240037902
vn 0.652164638042 0.107898145914 -0.750359416008
vn 0.720156550407 -0.004951945506 0.693793952465
vn 0.577809572220 0.575717031956 0.578520536423
vn -0.000237259796 0.994605720043 0.103727489710
vn -0.001442472450 0.713393867016 0.700761795044
vn 0.657631337643 -0.715775370598 0.234918311238
vn -0.958097040653 -0.281538993120 0.052781216800
vn 0.425195008516 -0.318582773209 -0.847180187702
vn 0.558518767357 -0.562151551247 -0.609952807426
vn 0.964287042618 -0.000271283701 0.264859318733
vn -0.969600558281 -0.008299062960 0.244552463293
vn 0.956700921059 0.003090758342 0.291056305170
vn 0.716980993748 -0.002347587142 0.697088718414
vn 0.710779666901 0.000642957515 0.703414380550
vn -0.923708319664 0.034781217575 -0.381514400244
vn 0.090787604451 0.167112216353 -0.981748998165
vn -0.941871583462 -0.042571865022 -0.333265036345
vn -0.885230958462 -0.014450390823 -0.464927226305
vn 0.561806261539 -0.582958519459 -0.586969375610
vn 0.384805977345 -0.471555262804 -0.793448209763
vn -0.473156869411 -0.450490504503 -0.757087111473
vn -0.000159731455 0.498329132795 0.866987943649
vn 0.000160955518 0.336635202169 0.941635131836
vn 0.261072397232 0.237896844745 0.935545980930
vn 0.000183302647 0.482482016087 0.875905871391
vn 0.000587594463 0.331375271082 0.943498849869
vn -0.001153136487 0.483493149281 0.875347375870
vn -0.184135466814 0.235957041383 0.954158484936
vn -0.121953524649 0.536258518696 0.835197091103
vn -0.476000100374 0.110618956387 0.872460544109
vn 0.351357370615 0.007578899153 0.936210751534
vn 0.000252556842 -0.000306847214 0.999999940395
vn 0.000299643259 0.000082104896 0.999999940395
vn -0.158466041088 -0.000220323418 0.987364411354
vn -0.553425848484 0.000567219744 0.832898259163
vn 0.125937148929 -0.003760710359 0.992031097412
vn 0.449148148298 -0.000692239788 0.893457055092
vn -0.577651023865 0.000331644405 0.816283762455
vn -0.621853888035 -0.000326310430 0.783133208752
vn 0.124628983438 0.001546022366 0.992202222347
vn 0.471129864454 -0.004502672702 0.882052361965
vn 0.000091037982 -0.000376270269 0.999999940395
vn -0.000017780885 -0.002721489174 0.999996304512
vn -0.231509059668 -0.263820290565 0.936377286911
vn 0.598990738392 -0.002512921812 0.800751984119
vn 0.271356314421 -0.234228849411 0.933543026447
vn -0.000337358098 -0.282075136900 0.959392249584
vn 0.001453108736 -0.285880804062 0.958264052868
vn -0.006136415992 -0.293344527483 0.955987095833
vn 0.000857107167 -0.322632789612 0.946523785591
vn 0.420556455851 -0.473912745714 0.773652970791
vn -0.006788298488 -0.625110030174 0.780507087708
vn -0.477747112513 -0.368036001921 0.797688663006
vn 0.004106198438 0.654266655445 0.756252825260
vn 0.000824349001 0.340707689524 0.940168917179
vn 0.222115933895 0.281347543001 0.933545947075
vn -0.001108750235 0.701571881771 0.712597846985
vn -0.000922516803 0.333885222673 0.942613303661
vn 0.000925673812 0.652302205563 0.757958471775
vn 0.001331922598 0.329428672791 0.944179534912
vn 0.001936344197 0.643013715744 0.765852272511
vn -0.311220973730 0.405999094248 0.859247505665
vn -0.234254881740 0.228752702475 0.944879293442
vn 0.000024134284 0.000214188432 1.000000000000
vn -0.559762775898 0.005218571052 0.828636467457
vn 0.367533385754 0.003662790637 0.930003106594
vn 0.132300525904 -0.001307364088 0.991208791733
vn 0.479256391525 0.000573365018 0.877674758434
vn -0.479565083981 -0.000842528709 0.877505898476
vn -0.154182299972 -0.000486551347 0.988042294979
vn 0.000189430371 0.000037957474 1.000000000000
vn -0.676296293736 0.005672109779 0.736607909203
vn 0.585631847382 0.003613793291 0.810569107533
vn 0.689648866653 -0.000361066544 0.724143862724
vn -0.490517437458 -0.003413166618 0.871424674988
vn -0.000046984514 0.000410874753 0.999999940395
vn -0.160699576139 -0.000027563823 0.987003386021
vn -0.561156392097 0.000130229470 0.827709794044
vn 0.471188724041 -0.000805787975 0.882032036781
vn -0.000502688985 -0.002392006340 0.999997019768
vn 0.083578594029 -0.286748826504 0.954353034496
vn 0.001908959937 -0.308293193579 0.951289474964
vn -0.203237041831 -0.266414195299 0.942187964916
vn 0.361217737198 -0.217630341649 0.906729698181
vn -0.526780486107 -0.004196760710 0.849990963936
vn -0.600564301014 0.002634887584 0.799572110176
vn 0.000330921263 -0.307446539402 0.951565265656
vn -0.001494642696 -0.308959871531 0.951073884964
vn 0.003242190694 -0.310433775187 0.950589478016
vn 0.408496499062 -0.524047791958 0.747331559658
vn 0.002729926258 -0.684823453426 0.728703916073
vn -0.000841644651 -0.696268856525 0.717780590057
vn -0.000919215963 -0.694514453411 0.719478130341
vn -0.003269279841 -0.703603684902 0.710585117340
vn -0.497990459204 -0.423047393560 0.756991684437
vn 0.191729366779 0.347037374973 -0.918044030666
vn 0.483507245779 0.259803533554 -0.835896432400
vn -0.992899954319 0.077535301447 -0.090210683644
vn 0.337413281202 -0.346469044685 -0.875277936459
vn 0.516548275948 -0.520210802555 -0.680116593838
vn -0.330050706863 -0.673870921135 -0.661032915115
vn -0.000969105051 0.591663062572 0.806184828281
vn -0.001710297307 0.634237706661 0.773136258125
vn 0.000293573423 0.578329265118 0.815803408623
vn -0.000644700835 0.581588447094 0.813482999802
vn 0.413140952587 0.377647221088 0.828671932220
vn 0.720849096775 0.003305474762 0.693084120750
vn 0.712318599224 0.000622026622 0.701855957508
vn -0.598533511162 -0.005194613710 0.801080942154
vn -0.000638014346 -0.658129096031 0.752904772758
vn -0.003086655401 -0.646794378757 0.762658119202
vn 0.000183635580 -0.641674160957 0.766977310181
vn 0.003260446945 0.653793096542 0.756666421890
vn -0.686823725700 0.002517103450 0.726819694042
vn 0.692079007626 -0.000281286193 0.721821665764
vn 0.561698019505 -0.591048121452 0.578927874565
vn -0.000877656799 -0.726107001305 0.687581121922
vn 0.587262749672 -0.467147380114 0.660980939865
vn -0.000792518898 -0.746266484261 0.665646910667
vn 0.000956973818 -0.399773299694 0.916613519192
vn -0.000622310850 -0.636713683605 0.771099984646
vn 0.000148947875 -0.729079961777 0.684428513050
vn -0.001513235155 -0.743482649326 0.668753564358
vn -0.009498173371 -0.681709468365 0.731561303139
vn 0.001022951677 -0.387010246515 0.922074854374
vn -0.001677780412 -0.731417894363 0.681927502155
vn 0.000693138805 -0.723530352116 0.690292239189
vn 0.000015850008 -0.389257788658 0.921128869057
vn -0.000758488022 -0.400121688843 0.916461706161
vn -0.000757524103 -0.716824114323 0.697253644466
vn -0.000507001183 -0.390816897154 0.920468270779
vn 0.048167277128 -0.626746356487 0.777733147144
vn 0.979226469994 -0.114434570074 0.167392477393
vn 0.820087611675 -0.459429860115 0.341145902872
vn 0.676084995270 -0.114682704210 0.727844059467
vn -0.198562309146 -0.289673328400 0.936302483082
vn 0.264416903257 -0.886095285416 -0.380682051182
vn -0.972434163094 -0.108924679458 -0.206172749400
vn 0.339262455702 0.331996321678 0.880158782005
vn -0.000045167049 0.668726682663 0.743508398533
vn -0.000591368007 0.679892420769 0.733311653137
vn -0.574930548668 0.098780035973 0.812217533588
vn -0.518707752228 0.365563482046 0.772855520248
vn -0.648228824139 0.009612027556 0.761384904385
vn 0.706619977951 -0.000177753478 0.707593262196
vn -0.616118907928 -0.001394991763 0.787651896477
vn 0.666296601295 -0.001374664018 0.745685577393
vn -0.686878263950 -0.005049868952 0.726754963398
vn 0.415435642004 -0.317093491554 0.852563738823
vn -0.004342523403 -0.720986425877 0.692935585976
vn 0.002896372927 -0.707260251045 0.706947386265
vn -0.001117537147 -0.669242858887 0.743042826653
vn -0.315880239010 -0.334640800953 0.887826085091
vn -0.328353375196 0.503827989101 0.798962771893
vn 0.002938055201 -0.367196977139 0.930138528347
vn 0.466449141502 0.534137904644 0.705068767071
vn 0.377196937799 -0.300240814686 0.876115262508
vn -0.436388134956 -0.368905991316 0.820654451847
vn -0.161734402180 0.112766496837 0.980370163918
vn -0.136023700237 -0.250421196222 0.958533644676
vn 0.337979257107 0.330618143082 0.881170630455
vn 0.592895090580 0.235087707639 0.770200788975
vn -0.350205957890 0.402121841908 0.845963239670
vn -0.616664230824 0.226494237781 0.753940045834
vn -0.674272716045 -0.000610155636 0.738482177258
vn 0.659022688866 -0.000107793647 0.752123057842
vn 0.674745857716 -0.002367611509 0.738046348095
vn -0.655174553394 0.001023973222 0.755476832390
vn 0.658267080784 -0.000560083368 0.752784252167
vn -0.597503542900 0.003953327890 0.801856517792
vn -0.613678097725 0.004128719214 0.789545536041
vn -0.669524252415 -0.002059110207 0.742787301540
vn -0.713187038898 -0.000744796125 0.700973391533
vn 0.001205809298 -0.672418057919 0.740170538425
vn -0.773273587227 -0.604240596294 0.192201226950
vn 0.831307947636 -0.217540666461 0.511471509933
vn 0.004871307872 -0.423868447542 0.905710637569
vn 0.005271121860 -0.486447811127 0.873693704605
vn 0.000229828831 -0.448877602816 0.893593192101
vn 0.888224244118 0.454595595598 -0.066336177289
vn -0.973240017891 0.031594175845 0.227608591318
vn 0.959974467754 -0.122813567519 -0.251725822687
vn 0.301495075226 0.280662864447 0.911223948002
vn 0.000995917595 0.413497656584 0.910504639149
vn 0.177766740322 0.361988723278 0.915075480938
vn -0.001161310589 0.526618599892 0.850100934505
vn 0.000743950484 0.431985944510 0.901880025864
vn -0.000077481105 0.535569846630 0.844490945339
vn 0.000012208758 0.432035177946 0.901856780052
vn -0.000932023802 0.428805857897 0.903396189213
vn 0.000948429981 0.535736978054 0.844384431839
vn -0.002336850390 0.397458136082 0.917617321014
vn -0.000671580550 0.391282171011 0.920270502567
vn 0.001129932934 0.395971953869 0.918261945248
vn -0.000083928891 0.406498700380 0.913651347160
vn 0.002323755994 0.425315469503 0.905042171478
vn -0.013212703168 0.342580527067 0.939395546913
vn -0.001993925776 0.111679539084 0.993742287159
vn -0.000002708865 0.120352007449 0.992731273174
vn 0.002328204224 0.119642890990 0.992814242840
vn -0.433224380016 0.253034234047 0.865037739277
vn -0.905427455902 0.290000498295 0.310001343489
vn 0.409931510687 0.009085600264 0.912071049213
vn 0.004926146939 -0.391112625599 0.920329630375
vn 0.904500603676 0.151175186038 0.398779034615
vn -0.418615221977 0.013918977231 0.908057034016
vn 0.998892545700 -0.010113434866 0.045950330794
vn -0.994826078415 0.013155364431 0.100737370551
vn 0.378258258104 -0.155879378319 0.912481427193
vn -0.022449957207 -0.022888356820 0.999485909939
vn -0.477936983109 -0.001837382093 0.878392219543
vn -0.999586284161 -0.000167331513 0.028761977330
vn -0.051237136126 0.000362312596 0.998686432838
vn 0.000724194630 -0.047171264887 0.998886525631
vn 0.997998476028 0.005427531898 0.063005007803
vn 0.391830414534 -0.002334795892 0.920034527779
vn 0.000998335308 -0.428178012371 0.903693854809
vn 0.000574434351 -0.579875767231 0.814704656601
vn -0.240616753697 -0.228855818510 0.943254232407
vn -0.000007047562 -0.463823616505 0.885927557945
vn 0.445716887712 -0.883316934109 -0.145215809345
vn -0.001357555622 -0.846007883549 0.533168733120
vn -0.000461758027 -0.843439996243 0.537223279476
vn -0.000240469701 -0.839597344398 0.543209314346
vn 0.999680876732 -0.005944620352 -0.024551389739
vn 0.675151407719 0.050899241120 -0.735921084881
vn 0.999901771545 0.008641145192 -0.011035492644
vn -0.433201551437 -0.001617422793 0.901295602322
vn -0.848733961582 0.000917404192 0.528819322586
vn 0.000715483329 0.675921857357 0.736972987652
vn -0.484732091427 0.020834207535 0.874414503574
vn -0.994970738888 0.029023729265 0.095869019628
vn 0.997646689415 -0.008035635576 0.068091824651
vn 0.096322096884 -0.000116957548 0.995350182056
vn 0.675314247608 0.000050846353 0.737530112267
vn 0.630364596844 -0.004079001956 0.776288449764
vn -0.327985644341 0.001442705514 0.944681584835
vn -0.687727272511 0.001379878842 0.725967824459
vn 0.999953389168 -0.006229632534 -0.007378725801
vn -0.976615846157 0.012212706730 0.214644551277
vn 0.409942060709 -0.002297920873 0.912108659744
vn -0.053373303264 0.000023487431 0.998574614525
vn -0.991965830326 -0.024850618094 0.124041207135
vn -0.526077091694 -0.017483288422 0.850257158279
vn 0.998295843601 0.023295333609 0.053504385054
vn 0.626405835152 0.002815161599 0.779492020607
vn 0.972147524357 -0.040477018803 0.230847924948
vn -0.999247550964 -0.012169311754 -0.036827195436
vn -0.530041813850 -0.001971513266 0.847969174385
vn 0.433320224285 -0.000277834391 0.901239991188
vn 0.094868108630 0.038878262043 0.994730353355
vn 0.979980051517 0.024767410010 0.197549223900
vn 0.444453477859 0.047381158918 0.894547998905
vn -0.998959124088 -0.000680059835 -0.045609015971
vn 0.999075412750 -0.016101961955 0.039862714708
vn 0.871416926384 -0.003961544484 0.490527153015
vn 0.999949336052 -0.001707868651 -0.009919106029
vn -0.518944263458 0.002277619438 0.854805052280
vn 0.463905423880 -0.002792197978 0.885880351067
vn 0.689397990704 -0.000340015482 0.724382698536
vn 0.052028551698 0.001293713925 0.998644769192
vn 0.856510102749 0.001273185946 0.516128718853
vn -0.859788954258 0.002522083465 0.510643303394
vn -0.437176227570 -0.001450282638 0.899374663830
vn 0.995663046837 0.011864011176 0.092273399234
vn -0.676374077797 0.000213225911 0.736558258533
vn 0.496047377586 0.006537844427 0.868270814419
vn -0.472847551107 0.001642831950 0.881142735481
vn 0.435133397579 0.000785844401 0.900365650654
vn 0.999346196651 0.004747409374 -0.035841446370
vn 0.456625580788 0.000205504417 0.889658927917
vn -0.853583157063 0.000237905377 0.520956516266
vn 0.999188959599 -0.000133245208 -0.040266770869
vn 0.408406466246 -0.000759752700 0.912799835205
vn 0.859699189663 0.004378465936 0.510781824589
vn -0.403371512890 0.000052408916 0.915036320686
vn -0.999482214451 0.000358115154 -0.032173708081
vn 0.008160709403 -0.305399745703 0.952189266682
vn 0.002048308728 -0.636317849159 0.771424174309
vn -0.009101364762 -0.670433759689 0.741913497448
vn -0.174086391926 0.214587077498 0.961065232754
vn -0.054679092020 0.000183803175 0.998503983021
vn -0.471597015858 -0.002306195209 0.881811141968
vn 0.161823272705 0.152186647058 0.975014090538
vn 0.999242544174 0.000105160587 -0.038914404809
vn 0.000596088124 0.351427555084 0.936214923859
vn -0.999433696270 -0.000124229686 -0.033649660647
vn 0.394422143698 0.000541427580 0.918929219246
vn -0.004689584952 0.788463950157 0.615063011646
vn -0.007798890583 0.643083453178 0.765756428242
vn 0.006676446646 0.537636578083 0.843150258064
vn 0.006854070351 0.838470399380 0.544903934002
vn -0.008193786256 0.496048331261 0.868256270885
vn -0.013770679012 0.840064644814 0.542311429977
vn 0.001868674532 0.707952380180 0.706257700920
vn 0.007894508541 0.582541525364 0.812762618065
vn 0.005614566617 0.119787521660 0.992783665657
vn 0.001393719693 0.635498285294 0.772101104259
vn -0.004075012635 0.083088904619 0.996533811092
vn 0.001273138914 0.532468795776 0.846448719501
vn -0.083704739809 -0.084062099457 0.992938578129
vn -0.000380350422 -0.290184974670 0.956970512867
vn 0.000697515497 -0.114991076291 0.993366301060
vn 0.003329759929 0.511452198029 0.859305322170
vn 0.083035573363 -0.095788493752 0.991932272911
vn 0.000555482693 -0.285568177700 0.958358228207
vn 0.119382299483 -0.052750729024 0.991446018219
vn -0.213058516383 -0.092512741685 0.972649693489
vn -0.100231163204 -0.539095461369 0.836259365082
vn -0.080495715141 0.080279231071 0.993516802788
vn 0.022121682763 -0.020675856620 0.999541461468
vn 0.999407052994 0.002032212447 -0.034371431917
vn -0.916666209698 0.230389386415 -0.326563537121
vn 0.415441483259 -0.001267646439 0.909619033337
vn -0.450380146503 0.312129676342 0.836500346661
vn 0.088598378003 0.081343881786 0.992740392685
vn 0.276782512665 -0.215287134051 0.936505675316
vn 0.095354437828 0.125070452690 0.987555027008
vn 0.343201935291 0.216410323977 0.913990736008
vn 0.002042692853 -0.515711545944 0.856759786606
vn -0.233132719994 -0.223024457693 0.946524798870
vn -0.070769011974 0.446997582912 0.891731441021
vn -0.001722198213 0.543525040150 0.839391231537
vn 0.230219528079 0.253738641739 0.939476251602
vn -0.053689088672 0.201637879014 0.977987587452
vn -0.240068152547 0.215669304132 0.946495652199
vn -0.063433386385 -0.312234878540 0.947884798050
vn 0.126026302576 -0.268121898174 0.955106258392
vn -0.175978511572 -0.175861746073 0.968557775021
vn -0.485222786665 0.003267015330 0.874384462833
vn 0.179563358426 -0.245921984315 0.952512145042
vn -0.999977886677 0.001081496710 -0.006564026233
vn -0.003244665451 0.281760185957 0.959479391575
vn -0.001280676457 -0.116833455861 0.993150711060
vn -0.292499214411 -0.220840230584 0.930415928364
vn -0.395281374454 -0.000027577074 0.918560087681
vn -0.316331773996 -0.066761009395 0.946296572685
vn 0.532081365585 -0.611493289471 0.585632503033
vn 0.436390310526 -0.005783581175 0.899738848209
vn 0.999816954136 -0.015507826582 -0.011204393581
vn -0.456745982170 -0.557488977909 0.693245351315
vn -0.000657907629 -0.527261316776 0.849702894688
vn -0.785936832428 0.262683182955 0.559732854366
vn 0.251636713743 0.038505002856 0.967055499554
vn -0.004730447661 -0.656137168407 0.754626750946
vn 0.000044341446 -0.625064730644 0.780572891235
vn 0.000275541388 -0.618412911892 0.785853207111
vn 0.234064579010 -0.276821196079 0.931978404522
vn -0.479912042618 -0.494524449110 0.724658489227
vn 0.004722772632 -0.836384773254 0.548122465611
vn 0.524644911289 -0.499719858170 0.689222574234
vn 0.538214921951 -0.003522065468 0.842800259590
vn 0.907181978226 -0.031463332474 0.419560432434
vn -0.752469837666 0.572437465191 -0.325736880302
vn -0.998960018158 0.001680244808 -0.045563258231
vn -0.032218687236 0.327739953995 0.944218456745
vn 0.680540263653 0.480894982815 0.552815496922
vn 0.070563279092 0.176871716976 0.981701195240
vn 0.988287568092 -0.148880973458 0.033497784287
vn 0.329331457615 -0.237750619650 0.913791775703
vn -0.002369673224 0.680387377739 0.732848882675
vn -0.003692449536 0.724165916443 0.689615905285
vn -0.000731757784 0.717326700687 0.696736574173
vn 0.950850665569 0.001751387725 0.309644877911
vn -0.474041402340 -0.004183439072 0.880492627621
vn 0.437578976154 0.000882846653 0.899179577827
vn 0.688487052917 0.001382196671 0.725247263908
vn -0.998646855354 -0.001603554585 -0.051979247481
vn -0.514396846294 -0.003161522560 0.857546448708
vn -0.046503350139 0.002245724900 0.998915612698
vn 0.007623723708 -0.370262682438 0.928895771503
vn 0.032686740160 -0.925610303879 -0.377063870430
vn 0.809778451920 -0.576974332333 0.106580898166
vn 0.821950674057 -0.553353786469 -0.134894967079
vn 0.140155568719 -0.221223562956 0.965099215508
vn 0.323362320662 -0.882340073586 0.341925084591
vn 0.525105357170 -0.458930909634 0.716691553593
vn -0.142300009727 -0.421560913324 0.895565211773
vn 0.488806277514 -0.340560883284 0.803172886372
vn 0.864562571049 0.373035848141 -0.336713254452
vn -0.880511164665 0.002360734856 0.474019527435
vn -0.607972919941 -0.002595887985 0.793953537941
vn 0.868859231472 0.005069863051 0.495033293962
vn 0.531952857971 0.000393716968 0.846773862839
vn -0.431308895350 -0.000959757715 0.902203798294
vn 0.005309527740 0.313421249390 0.949599385262
vn 0.474142014980 0.585016071796 0.657985985279
vn -0.014994391240 0.581204235554 0.813619613647
vn 0.063326165080 0.406282097101 0.911550700665
vn 0.685093522072 0.653118073940 0.322619944811
vn 0.256611019373 0.246493652463 0.934554278851
vn -0.080514319241 -0.000531824771 0.996753334999
vn 0.733495116234 0.573376297951 0.364999324083
vn 0.494841188192 0.163166075945 0.853527426720
vn 0.973905920982 -0.025084925815 0.225561499596
vn 0.054684892297 0.000076484939 0.998503684998
vn 0.468316644430 0.004101953469 0.883551180363
vn -0.999916493893 -0.009997098707 0.008187620901
vn 0.398286938667 -0.009287940338 0.917213857174
vn -0.048761975020 -0.000600852654 0.998810231686
vn 0.992106616497 -0.012017348781 0.124820165336
vn -0.487213551998 -0.001654071966 0.873281300068
vn -0.446112275124 0.006817071699 0.894951045513
vn 0.457008242607 0.001236504293 0.889461576939
vn -0.999856591225 0.000589060830 -0.016923697665
vn 0.999357104301 0.002881845459 -0.035735733807
vn -0.606965601444 0.006444364786 0.794701933861
vn 0.514070451260 0.005203897133 0.857732176781
vn 0.146314889193 -0.131427228451 0.980468690395
vn -0.506720364094 0.003043986158 0.862105131149
vn -0.110860735178 -0.171552017331 0.978917658329
vn 0.097459293902 -0.668035387993 0.737719714642
vn 0.998255193233 -0.001015623217 -0.059038925916
vn -0.999243438244 -0.003148963442 -0.038763653487
vn -0.276380360126 0.004509589169 0.961037755013
vn 0.858072638512 -0.000385752792 0.513528168201
vn -0.422941237688 0.142719998956 0.894847333431
vn -0.558161914349 -0.212526693940 0.802052140236
vn 0.268301904202 0.134983226657 0.953831017017
vn -0.407915115356 0.000204175798 0.913019835949
vn 0.395846605301 0.001694380073 0.918315112591
vn 0.999622285366 -0.003831599606 -0.027213254943
vn 0.590731620789 0.030980272219 0.806273162365
vn 0.079250991344 0.056773390621 0.995236694813
vn 0.117284715176 0.530613601208 0.839460313320
vn -0.110370911658 0.193605005741 0.974851489067
vn -0.179929897189 0.963061869144 -0.200342372060
vn -0.439397037029 -0.000109775254 0.898292958736
vn -0.999779224396 0.000920205668 -0.020991332829
vn 0.712543189526 -0.000810265075 0.701627790928
vn 0.999199986458 0.000590622134 -0.039988636971
vn 0.442309796810 -0.000033525488 0.896862328053
vn 0.835660278797 0.010305831209 0.549149990082
vn -0.871332645416 -0.001958011650 0.490688860416
vn -0.400223791599 0.000728368526 0.916417121887
vn 0.504843711853 -0.002477309201 0.863207221031
vn 0.999087274075 0.001644965261 -0.042683523148
vn 0.054447121918 -0.000455590634 0.998516559601
vn -0.856664836407 -0.001845716732 0.515870094299
vn -0.404978394508 -0.000535420957 0.914326071739
vn -0.425559610128 0.002504422562 0.904926955700
vn -0.999300003052 0.000826110248 -0.037400785834
vn 0.998598575592 -0.002773505170 -0.052850130945
vn 0.461019694805 0.000170652915 0.887389898300
vn -0.142167046666 0.157074287534 0.977300465107
vn 0.411881297827 -0.281063944101 0.866808414459
vn 0.134048759937 0.134306713939 0.981831252575
vn 0.530756354332 0.527138829231 0.663643300533
vn 0.468919187784 -0.000641624152 0.883240818977
vn 0.991202056408 0.006162805017 0.132213696837
vn 0.001085374970 -0.664610564709 0.747189104557
vn -0.001584601938 -0.666512310505 0.745492279530
vn -0.001929325401 -0.681698858738 0.731630265713
vn -0.313122481108 -0.355241149664 0.880771279335
vn -0.999224305153 -0.000934809854 -0.039368730038
vn 0.054571598768 -0.059177372605 0.996754705906
vn 0.488792479038 0.838145196438 0.242063120008
vn -0.004418746103 0.616826057434 0.787087142467
vn 0.000033874432 0.875270247459 0.483634173870
vn -0.000180019764 0.507950365543 0.861386358738
vn -0.001488992013 0.862576127052 0.505925059319
vn -0.000304637855 0.437208235264 0.899360239506
vn 0.001525679370 0.083689875901 0.996490657330
vn 0.001278083189 0.064309306443 0.997929215431
vn -0.163389429450 -0.140501156449 0.976505637169
vn 0.026590038091 -0.105189949274 0.994096577168
vn 0.001148888725 -0.086711056530 0.996232807636
vn 0.215127050877 -0.465482622385 0.858514010906
vn 0.001756330370 -0.094401359558 0.995532691479
vn -0.002346988069 -0.086437866092 0.996254503727
vn 0.470397233963 -0.000647184846 0.882454574108
vn 0.996186912060 -0.033554002643 0.080533921719
vn -0.023754082620 -0.310157090425 0.950388491154
vn -0.025725429878 -0.277976661921 0.960243284702
vn -0.055493149906 -0.859293520451 0.508463561535
vn -0.014268899336 -0.927472889423 0.373618125916
vn 0.016817374155 -0.869671940804 0.493343561888
vn 0.864602982998 -0.310387074947 -0.395122200251
vn 0.581825375557 -0.550321042538 0.598853886127
vn -0.204508468509 0.096131592989 0.974132955074
vn 0.248622298241 0.186662048101 0.950444221497
vn -0.000600704574 -0.524976909161 0.851116240025
vn -0.001562614809 -0.056411173195 0.998406410217
vn 0.385008424520 -0.470216423273 0.794144213200
vn -0.998403489590 -0.008753876202 -0.055802218616
vn -0.332743376493 -0.436574906111 0.835873305798
vn -0.039004795253 0.931856393814 0.360724627972
vn -0.282585382462 0.176872447133 0.942794620991
vn -0.115019701421 0.654253363609 0.747477829456
vn 0.054667372257 0.694967567921 0.716959893703
vn -0.035681031644 0.588804423809 0.807487666607
vn 0.729013323784 -0.682950198650 -0.046028204262
vn -0.721358299255 -0.690800249577 -0.049368426204
vn -0.267539829016 -0.491862237453 0.828549325466
vn 0.308914273977 0.583784818649 0.750844419003
vn 0.418007254601 -0.469336450100 0.777813076973
vn 0.397810369730 -0.745621860027 0.534598052502
vn -0.746521770954 -0.217611581087 0.628768980503
vn -0.826690614223 -0.560318946838 0.051237594336
vn 0.000536094361 -0.619536876678 0.784967303276
vn 0.002670813119 -0.617089033127 0.786888778210
vn -0.001260476420 -0.614913880825 0.788593173027
vn 0.003217583522 -0.613134086132 0.789972245693
vn 0.316324084997 -0.938790440559 -0.136424094439
vn 0.000140992634 -0.987414062023 -0.158156186342
vn 0.001793900039 -0.992572963238 -0.121637478471
vn -0.000343427935 -0.989076018333 -0.147406026721
vn 0.006242837291 -0.999898374081 0.012818937190
vn -0.010075303726 -0.987613439560 -0.156582817435
vn 0.000029246132 0.704289257526 0.709913074970
vn 0.915550112724 0.076330505311 0.394894540310
vn 0.000016026483 0.001201414270 0.999999284744
vn -0.000216390879 -0.000284452806 0.999999940395
vn -0.999614298344 -0.004594252910 -0.027389636263
vn 0.164958626032 -0.077032230794 0.983287692070
vn -0.859034776688 -0.275549501181 -0.431429833174
vn -0.959423780441 0.039781466126 0.279147624969
vn -0.999467492104 0.001566468971 0.032592959702
vn 0.999963939190 -0.003571273992 -0.007707530633
vn -0.428846478462 -0.337476968765 0.837973713875
vn -0.004450026900 -0.738589406013 0.674140870571
vn 0.005462492350 -0.695765137672 0.718248546124
vn -0.004510229919 -0.763910710812 0.645306229591
vn -0.001094227540 0.740411400795 0.672153055668
vn -0.000132138361 0.734561562538 0.678541958332
vn -0.000280372798 0.741039156914 0.671461701393
vn -0.377875983715 0.583874046803 0.718540787697
vn -0.999213516712 -0.001670328085 0.039617959410
vn 0.705901384354 0.000169523570 0.708310127258
vn 0.999036610126 -0.002316385508 0.043823737651
vn -0.726539015770 0.059513021260 0.684543132782
vn -0.972737669945 0.002204187913 0.231897816062
vn 0.999830007553 -0.004109994043 -0.017974995077
vn -0.720099806786 -0.000920087565 0.693869888783
vn -0.993982017040 0.004087331239 -0.109466873109
vn 0.712288975716 -0.000357849844 0.701886236668
vn -0.732111036777 -0.000893836841 0.681184709072
vn 0.977840423584 0.155083924532 0.140630975366
vn -0.958780586720 -0.013093792833 -0.283845573664
vn 0.999997675419 -0.001722753514 -0.001314910362
vn 0.717230379581 0.000561693276 0.696835935116
vn -0.711638689041 0.003278688760 0.702538013458
vn -0.745430588722 -0.006875406951 0.666547775269
vn 0.923969209194 -0.000697423937 -0.382466256618
vn 0.743052601814 0.002444833983 0.669228553772
vn -0.461784183979 -0.437576740980 0.771545171738
vn 0.943799436092 -0.002077252371 -0.330512285233
vn -0.927553117275 -0.000604356523 -0.373690783978
vn 0.504983007908 -0.399087011814 0.765324592590
vn 0.000706573832 -0.688654363155 0.725089430809
vn -0.933641493320 -0.007868295535 -0.358122467995
vn 0.910740673542 0.004433557857 -0.412954896688
vn -0.003338627517 0.716419517994 0.697661757469
vn -0.126207590103 0.389299005270 0.912424206734
vn -0.000563004054 -0.288717776537 0.957414090633
vn 0.977114558220 -0.003677851986 -0.212681904435
vn -0.999836742878 0.000335508143 0.018064999953
vn -0.966858148575 0.001895170193 -0.255307167768
vn -0.005984731950 0.721157550812 0.692745208740
vn 0.001355615212 0.755641400814 0.654984116554
vn 0.459703922272 0.575987160206 0.675951957703
vn -0.005097973160 0.705856502056 0.708336472511
vn -0.001756143640 0.760599434376 0.649219036102
vn 0.387062668800 -0.915144681931 -0.112661838531
vn 0.904478669167 -0.364558011293 0.221395194530
vn 0.881427824497 0.232956379652 0.410872608423
vn 0.666988492012 0.461100250483 0.585246086121
vn -0.760403931141 0.000376054202 0.649450302124
vn -0.997563302517 -0.002979039215 0.069703258574
vn -0.774142205715 0.007128103171 0.632971584797
vn 0.735510230064 0.000930447481 0.677513003349
vn 0.742930531502 0.001397694694 0.669367074966
vn -0.753553092480 0.000100480589 0.657387018204
vn -0.949183523655 0.008890015073 -0.314597517252
vn 0.934734165668 -0.005087281112 -0.355311274529
vn -0.746367752552 0.000153847926 0.665533781052
vn 0.743538677692 -0.000600254512 0.668692648411
vn -0.984127819538 0.002093066229 -0.177448779345
vn 0.928684830666 -0.000882495369 -0.370868802071
vn 0.743736743927 -0.000460017589 0.668472468853
vn -0.998427450657 -0.001569914632 -0.056037422270
vn -0.777997910976 -0.005596529227 0.628241956234
vn 0.706684768200 0.002544227056 0.707524001598
vn -0.960270881653 0.001128122327 -0.279067248106
vn 0.915333092213 0.000858239713 -0.402696579695
vn -0.933064937592 0.000659778074 -0.359707325697
vn -0.470647692680 0.521440804005 0.711751520634
vn -0.937032461166 -0.009415913373 -0.349115312099
vn -0.010899303481 0.524059236050 0.851612091064
vn 0.009064871818 0.741674959660 0.670698165894
vn -0.009302872233 0.519132375717 0.854643285275
vn -0.503252804279 -0.496872365475 0.707003831863
vn 0.422976255417 0.204954266548 0.882657825947
vn 0.274566531181 0.661054134369 0.698298454285
vn -0.617543876171 -0.648135423660 -0.445600688457
vn 0.983456969261 -0.002387132961 -0.181126311421
vn 0.425274908543 -0.844406068325 0.325760096312
vn -0.295522958040 -0.946343660355 -0.130766212940
vn 0.001792822266 -0.939217567444 -0.343317747116
vn 0.001351398765 -0.932995796204 -0.359884768724
vn -0.000758996524 -0.960268855095 -0.279075562954
vn 0.000212619547 -0.936973392963 -0.349400699139
vn -0.002351332223 -0.930166184902 -0.367131173611
vn 0.849040150642 0.522003114223 -0.081508092582
vn 0.476338982582 0.677438199520 -0.560516417027
vn -0.575877487659 -0.568290770054 0.587716519833
vn 0.916655063629 0.053282584995 0.396111696959
vn -0.385593473911 -0.567735135555 -0.727320134640
vn 0.363476753235 -0.592823982239 -0.718640685081
vn -0.000021253967 -0.739258944988 0.673421382904
vn 0.000023363336 -0.677065312862 0.735922873020
vn 0.469423085451 0.491376757622 0.733614921570
vn 0.494837194681 -0.478809505701 0.725174188614
vn 0.950962007046 -0.020833741874 0.308605194092
vn 0.588825643063 0.000658105244 0.808259844780
vn -0.991529285908 0.007317706011 0.129676818848
vn 0.778737306595 -0.001693431870 0.627347886562
vn 0.768328070641 -0.002130427165 0.640052676201
vn 0.000714087742 -0.720980226994 0.692955255508
vn 0.107743084431 -0.214870989323 0.970681130886
vn 0.008259645663 -0.579027354717 0.815266191959
vn 0.010787857696 -0.668218553066 0.743886768818
vn 0.891438722610 0.004089523572 0.453122824430
vn -0.006350404583 0.696643769741 0.717389106750
vn -0.849449694157 -0.004503936041 0.527650356293
vn 0.004554620013 -0.478301912546 0.878183662891
vn 0.001635392080 -0.494278669357 0.869301974773
vn -0.001250685425 -0.596060812473 0.802938282490
vn 0.755573570728 -0.000578330073 0.655063569546
vn -0.522020757198 0.452293902636 0.723135292530
vn 0.684078454971 -0.480842411518 0.548477172852
vn 0.960933208466 -0.038847163320 0.274040699005
vn 0.721034646034 0.001361935749 0.692897677422
vn -0.880106031895 -0.005376589485 0.474746793509
vn -0.749967575073 -0.001077543828 0.661473691463
vn -0.630462825298 -0.214931845665 0.745869219303
vn -0.885259032249 0.010494744405 0.464979857206
vn -0.879671871662 -0.001502950559 0.475578725338
vn 0.446790248156 0.470808744431 0.760734915733
vn -0.752715229988 -0.002270138822 0.658342301846
vn 0.399593442678 -0.442732810974 0.802690923214
vn -0.000591230288 -0.729609787464 0.683863401413
vn 0.000074124997 -0.702465891838 0.711717367172
vn -0.000868945324 -0.718972384930 0.695038080215
vn -0.185052499175 -0.669259905815 0.719615638256
vn -0.197233393788 -0.168701544404 0.965732216835
vn 0.012733596377 0.569022834301 0.822223126888
vn 0.011372567154 0.669471621513 0.742750585079
vn 0.006158321165 0.539023399353 0.842268288136
vn 0.950433433056 0.028650140390 0.309605419636
vn 0.959107160568 -0.006123824045 0.282976925373
vn -0.316640406847 0.632094323635 0.707245111465
vn -0.087087377906 0.675987362862 0.731749236584
vn -0.197475701571 -0.926745891571 0.319601953030
vn -0.018222173676 -0.908013284206 0.418544948101
vn -0.000856311992 -0.833850026131 0.551990509033
vn -0.416257560253 -0.451666265726 0.789130687714
vn 0.000029232031 -0.744595885277 0.667515635490
vn 0.203848272562 0.216839358211 0.954686641693
vn 0.000226856282 0.613032042980 0.790058076382
vn -0.000054870441 0.767229497433 0.641372561455
vn -0.002755609807 0.675445079803 0.737405180931
vn -0.413230299950 0.329149901867 0.849058926105
vn -0.342303812504 -0.013231820427 0.939496159554
vn -0.515696525574 -0.004325755872 0.856760382652
vn 0.688243567944 0.003226626199 0.725472509861
vn 0.537758111954 -0.014691716060 0.842971146107
vn -0.479070246220 0.009172138758 0.877728641033
vn 0.727397680283 0.000854166166 0.686215639114
vn -0.850673854351 0.003776736790 0.525680243969
vn -0.673160970211 0.001979787834 0.739493310452
vn 0.933645427227 -0.041366208345 0.355801999569
vn -0.564456462860 0.010400088504 0.825397312641
vn 0.661216974258 -0.008762201294 0.750143527985
vn -0.365493208170 0.005556032062 0.930797398090
vn 0.845336914063 -0.000343321241 0.534233510494
vn -0.450173079967 0.474280714989 0.756572544575
vn -0.857657849789 0.000921254454 0.514219999313
vn -0.863049626350 -0.001176529564 0.505117714405
vn 0.233845591545 -0.103448189795 0.966754734516
vn -0.003759859363 -0.638917326927 0.769266188145
vn 0.002746498445 -0.624413907528 0.781088769436
vn 0.535561740398 -0.003291328670 0.844489693642
vn -0.002896660240 0.621724665165 0.783230543137
vn 0.002343487693 0.603014767170 0.797726631165
vn 0.524998724461 0.360281080008 0.771086156368
vn 0.862717568874 -0.000544259790 0.505685806274
vn 0.887726545334 0.000972643786 0.460370063782
vn -0.815569639206 0.007667191327 0.578608155251
vn 0.912411570549 -0.296391457319 0.282236099243
vn -0.004251660313 -0.663938879967 0.747774660587
vn 0.151332020760 0.896165430546 0.417116433382
vn 0.004265448544 0.535726606846 0.844380795956
vn 0.004537280649 0.495700776577 0.868481516838
vn -0.066206850111 0.370849013329 0.926330208778
vn -0.455682575703 0.202155411243 0.866883277893
vn 0.501921474934 0.291344285011 0.814366817474
vn -0.752288818359 0.001167545561 0.658832430840
vn 0.672117352486 0.003159614047 0.740437865257
vn -0.856362581253 -0.009384457022 0.516289651394
vn 0.934708833694 0.040022198111 0.353153765202
vn 0.651267051697 -0.004858472850 0.758833050728
vn -0.769505262375 0.001007423270 0.638639688492
vn -0.896198511124 0.025482052937 0.442920833826
vn 0.719784915447 0.000503872521 0.694196999073
vn 0.841424763203 0.002521503950 0.540368378162
vn -0.603363156319 0.002159336116 0.797463595867
vn 0.786705970764 0.003802231280 0.617316186428
vn -0.960809290409 0.000184662131 0.277210086584
vn -0.833592414856 -0.007279168814 0.552332043648
vn 0.879480898380 -0.000459386181 0.475933969021
vn 0.149857610464 -0.023443359882 0.988429605961
vn 0.000148504230 -0.516589105129 0.856233358383
vn -0.001613819040 -0.674950897694 0.737860798836
vn 0.001811631490 -0.506600737572 0.862178862095
vn 0.291705399752 -0.625648140907 0.723513841629
vn -0.227920651436 -0.822734713554 0.520730137825
vn 0.588501513004 0.515506505966 0.622831404209
vn -0.846254587173 -0.006761347409 0.532735764980
vn 0.019203316420 -0.837800741196 0.545638382435
vn 0.277481406927 -0.958511233330 0.065271139145
vn 0.002569544828 -0.843758463860 0.536716938019
vn -0.002867709147 -0.825644850731 0.564182996750
vn 0.001666903845 -0.823186576366 0.567768573761
vn -0.379593133926 -0.602359771729 0.702190637589
vn 0.539104461670 -0.249726608396 -0.804364979267
vn -0.004825902637 -0.194404676557 0.980909526348
vn -0.703013241291 0.000222748044 0.711176753044
vn 0.242425590754 0.008448991925 0.970133185387
vn -0.822004735470 0.011591770686 0.569362640381
vn 0.133072927594 -0.006239866372 0.991086602211
vn 0.012074906379 -0.304408490658 0.952465057373
vn 0.705315947533 0.000086961227 0.708893060684
vn 0.177399247885 -0.229020044208 0.957120299339
vn -0.000261403329 -0.322653442621 0.946517109871
vn -0.904167890549 -0.006537603214 0.427127242088
vn -0.093606419861 -0.012284846045 0.995533466339
vn -0.162164419889 -0.002512412379 0.986760556698
vn 0.701650261879 -0.000688452623 0.712521195412
vn 0.752337098122 -0.003217984457 0.658770442009
vn 0.440957754850 0.001107501797 0.897527158260
vn 0.096669569612 0.001041527488 0.995315968990
vn -0.002876199549 -0.009014068171 0.999955236912
vn 0.710245072842 0.000161372620 0.703954458237
vn -0.693994700909 0.691374301910 0.200930029154
vn 0.737329423428 -0.001678141183 0.675531327724
vn -0.696919023991 0.002563592046 0.717145264149
vn -0.782964885235 -0.011717813089 0.621955513954
vn 0.098271816969 -0.321209728718 -0.941895425320
vn -0.791646599770 0.007327432279 0.610935330391
vn 0.818605184555 0.001344281016 0.574355065823
vn -0.798965275288 0.000457648945 0.601376950741
vn -0.003775340505 -0.113389626145 0.993543446064
vn 0.006027694326 -0.122401043773 0.992462396622
vn 0.156221181154 -0.101735621691 0.982468724251
vn 0.001270304900 0.339783459902 0.940502822399
vn 0.801354229450 0.004137786105 0.598175764084
vn -0.768027067184 -0.004990067333 0.640397965908
vn 0.808851301670 -0.010668283328 0.587916433811
vn -0.734019398689 -0.000474732253 0.679128348827
vn -0.839294016361 0.000826363568 0.543677210808
vn 0.010273653083 0.006442720070 0.999926447868
vn 0.786308050156 0.009716562927 0.617758214474
vn 0.076535783708 0.004631093238 0.997056066990
vn -0.714531958103 0.003063087584 0.699596047401
vn 0.066820554435 -0.004446991254 0.997755110264
vn 0.725039184093 -0.003008208238 0.688701033592
vn -0.715729534626 -0.000534157269 0.698377370834
vn 0.747573256493 -0.001897416892 0.664176642895
vn -0.704047858715 0.000815539679 0.710152089596
vn 0.723295390606 0.001672682702 0.690536737442
vn -0.703548848629 -0.000301206892 0.710646867752
vn 0.006484295242 0.013092516921 0.999893248081
vn -0.027168869972 -0.046305235475 0.998557806015
vn -0.004424355924 0.069207295775 0.997592508793
vn -0.699898123741 0.000779938069 0.714242279530
vn 0.734371721745 0.000230882433 0.678747475147
vn 0.720944941044 -0.003327048151 0.692984342575
vn 0.743452548981 -0.003356586676 0.668780267239
vn -0.776707708836 0.006856128108 0.629823863506
vn -0.198500052094 -0.944617152214 0.261335462332
vn -0.129222914577 -0.084736987948 0.987988412380
vn -0.109717667103 -0.000007624691 0.993962764740
vn 0.065124243498 -0.306842088699 0.949529767036
vn 0.263237535954 0.543979823589 0.796738386154
vn -0.812993824482 -0.020915826783 0.581896543503
vn -0.081042937934 0.003173688659 0.996705532074
vn 0.725794613361 -0.000608817791 0.687911152840
vn -0.770779848099 0.009767876007 0.637026727200
vn -0.003277799580 -0.000421341014 0.999994516373
vn 0.695050835609 0.002377365017 0.718956649303
vn -0.028475368395 -0.004285447765 0.999585330486
vn 0.089794807136 -0.000081320359 0.995960295200
vn 0.743195593357 -0.000883005268 0.669073641300
vn -0.450169175863 0.002670989139 0.892939269543
vn -0.740803182125 -0.005010176450 0.671703517437
vn 0.733792483807 -0.001253423630 0.679372549057
vn -0.728756248951 -0.000560435234 0.684772968292
vn 0.000192274063 0.007390969433 0.999972641468
vn -0.703290402889 -0.010516672395 0.710824906826
vn 0.527965545654 -0.497312754393 0.688427448273
vn -0.484332382679 -0.479891687632 0.731523096561
vn 0.406163811684 -0.885277092457 -0.226528957486
vn 0.321593761444 -0.693600773811 0.644589364529
vn -0.000963831379 -0.687466263771 0.726215660572
vn -0.000344921427 -0.689813315868 0.723987221718
vn 0.000031822405 -0.691968679428 0.721927523613
vn 0.000004235356 -0.694504380226 0.719488501549
vn 0.000301426771 -0.692609071732 0.721313118935
vn 0.335963904858 0.107589207590 -0.935709774494
vn -0.495052456856 -0.204657018185 -0.844416141510
vn -0.489904135466 0.005941999611 0.871756076813
vn 0.506482839584 0.000068070229 0.862250030041
vn -0.493688911200 0.000067400244 0.869638562202
vn 0.497161269188 0.001443503192 0.867656946182
vn -0.581664562225 0.001076778513 0.813428044319
vn 0.510619521141 -0.001949225087 0.859804570675
vn 0.501061737537 0.000047102360 0.865411520004
vn 0.503339111805 -0.000069209927 0.864088952541
vn -0.472654014826 0.002146191197 0.881245434284
vn -0.486281514168 0.000400031742 0.873802125454
vn 0.504272401333 -0.000005270548 0.863544642925
vn 0.484264969826 -0.009712813422 0.874867498875
vn 0.462510138750 -0.001537981210 0.886612653732
vn 0.227651685476 -0.001916252426 0.973740756512
vn 0.465048283339 -0.005141349975 0.885270416737
vn 0.484584599733 0.003389756428 0.874737799168
vn -0.449737250805 0.012726759538 0.893070220947
vn 0.495274037123 -0.000067969951 0.868736803532
vn 0.500033855438 0.002427682979 0.866002440453
vn -0.458662062883 -0.003312302520 0.888604581356
vn -0.488293707371 0.000818989822 0.872678995132
vn -0.484002590179 0.000515135995 0.875066399574
vn 0.503095865250 -0.001693657832 0.864228963852
vn -0.405208945274 -0.122578024864 0.905969262123
vn 0.899167001247 -0.379538506269 0.217828392982
vn 0.168043017387 -0.181021615863 0.969016373158
vn 0.198985099792 -0.524976313114 0.827529311180
vn -0.000117675729 -0.516704797745 0.856163561344
vn 0.000262759917 -0.521758019924 0.853093445301
vn -0.000079716541 -0.519637823105 0.854386627674
vn 0.406594663858 -0.576251149178 0.708953678608
vn 0.472630500793 -0.004202473909 0.881250679493
vn -0.488683104515 0.003861244768 0.872452795506
vn -0.465987265110 -0.004826654214 0.884778261185
vn -0.628475427628 0.006683219690 0.777800679207
vn -0.483959138393 0.000475145935 0.875090479851
vn 0.501653790474 0.000294174912 0.865068435669
vn -0.487298369408 -0.000254161889 0.873235523701
vn -0.964659094810 -0.043482046574 0.259888678789
vn 0.632200062275 0.590747356415 -0.501338899136
vn -0.465374857187 0.002389429836 0.885110437870
vn -0.487794220448 0.000666076259 0.872958362103
vn 0.503431797028 -0.001643502968 0.864033401012
vn -0.709399759769 -0.388164430857 0.588285923004
vn 0.003868922591 -0.507671892643 0.861541807652
vn 0.000633115473 -0.518946111202 0.854806721210
vn 0.480923831463 -0.000432526402 0.876762270927
vn 0.510049462318 0.000301559252 0.860145032406
vn -0.488377988338 -0.000900143292 0.872631728649
vn -0.509750366211 0.000041528569 0.860322356224
vn -0.506147265434 0.002942977240 0.862442076206
vn 0.367078989744 0.005455361214 0.930173754692
vn -0.486383825541 -0.000613004551 0.873745024204
vn 0.502538561821 -0.000245400297 0.864554762840
vn -0.487714648247 -0.000306786998 0.873003065586
vn 0.433325469494 0.003049933119 0.901232361794
vn 0.425872385502 -0.000473707711 0.904783129692
vn -0.427245438099 0.004423353821 0.904124855995
vn 0.495598137379 0.001993557205 0.868549644947
vn -0.463415563107 -0.003505885834 0.886134147644
vn -0.498395860195 0.000177025926 0.866949558258
vn -0.466516643763 0.488303124905 0.737510859966
vn -0.137074887753 -0.353332817554 0.925400674343
vn -0.001974902116 0.623520910740 0.781804203987
vn -0.084569238126 -0.000316536636 0.996417582035
vn -0.467342913151 -0.000500052411 0.884075999260
vn -0.409179240465 -0.007084791083 0.912426531315
vn 0.424670726061 0.789747834206 0.442665874958
vn 0.705868005753 0.641161620617 -0.301101595163
vn -0.020001167431 0.154368162155 0.987810909748
vn -0.262137591839 0.708851993084 -0.654838025570
vn -0.395408064127 -0.582599461079 -0.710091829300
vn 0.481907218695 0.034994322807 -0.875523149967
vn 0.545488119125 -0.764877557755 0.342644244432
vn 0.655014991760 -0.662648081779 -0.363115549088
vn 0.157358661294 0.954349815845 0.253879308701
vn -0.274924159050 0.744594514370 0.608272671700
vn -0.062445931137 -0.619537591934 0.782479166985
vn -0.458113491535 0.888609051704 0.022493220866
vn 0.607903420925 0.743313848972 0.279173702002
vn -0.324145525694 -0.284170001745 0.902317583561
vn -0.566320419312 -0.820164442062 -0.081310868263
vn -0.996547818184 0.065230451524 0.051355633885
vn 0.909137189388 0.412424236536 -0.058101795614
vn -0.181869208813 -0.450083255768 0.874270319939
vn 0.121810533106 0.027555184439 0.992170810699
vn 0.266146689653 -0.690101146698 0.672998070717
vn 0.067090213299 -0.618688166142 -0.782766819000
vn -0.112630829215 0.528618097305 -0.841354370117
vn 0.669157862663 -0.740510284901 -0.062227290124
vn -0.195843398571 -0.735665977001 0.648414254189
vn -0.328336685896 0.928344607353 0.174273565412
vn 0.077284783125 0.814994573593 0.574291586876
vn -0.885456800461 -0.454474955797 0.097050562501
vn 0.648141086102 0.663588643074 0.373581558466
vn 0.136668309569 -0.990147769451 0.030481630936
vn 0.919295787811 -0.369626432657 0.135172218084
vn 0.196712553501 -0.837862730026 0.509205579758
vn -0.742859899998 0.666470229626 0.063060700893
vn 0.688136577606 0.606299638748 0.398583441973
vn -0.741639494896 -0.464814186096 0.483651369810
vn 0.817509114742 -0.490356355906 0.302042245865
vn -0.761345028877 -0.573039889336 0.303280502558
vn -0.538938164711 0.015071792528 0.842210471630
vn 0.540292322636 0.040655985475 0.840494692326
# 1202 vertex normals

vt 0.186408996582 0.711941003799 0.000000000000
vt 0.189088001847 0.709706008434 0.000000000000
vt 0.189052999020 0.713589012623 0.000000000000
vt 0.151967003942 0.852680027485 0.000000000000
vt 0.154217004776 0.853835999966 0.000000000000
vt 0.151967003942 0.855419993401 0.000000000000
vt 0.849168002605 0.370000958443 0.000000000000
vt 0.846426010132 0.371708989143 0.000000000000
vt 0.847037971020 0.344071984291 0.000000000000
vt 0.849237024784 0.340669035912 0.000000000000
vt 0.847823977470 0.338773965836 0.000000000000
vt 0.848985016346 0.325592994690 0.000000000000
vt 0.846767008305 0.311264991760 0.000000000000
vt 0.849021971226 0.311158001423 0.000000000000
vt 0.841480970383 0.379020988941 0.000000000000
vt 0.839308977127 0.380171000957 0.000000000000
vt 0.840232014656 0.378726005554 0.000000000000
vt 0.197756007314 0.524237990379 0.000000000000
vt 0.196195006371 0.524015009403 0.000000000000
vt 0.196382999420 0.521261990070 0.000000000000
vt 0.197731003165 0.480543017387 0.000000000000
vt 0.196325004101 0.494457960129 0.000000000000
vt 0.196217000484 0.454472005367 0.000000000000
vt 0.197687000036 0.451261043549 0.000000000000
vt 0.196071997285 0.443608999252 0.000000000000
vt 0.196232005954 0.427670955658 0.000000000000
vt 0.197629004717 0.405248999596 0.000000000000
vt 0.196079999208 0.417773008347 0.000000000000
vt 0.196331992745 0.405328989029 0.000000000000
vt 0.139008000493 0.853752970695 0.000000000000
vt 0.137977004051 0.852487027645 0.000000000000
vt 0.140801995993 0.853779017925 0.000000000000
vt 0.151967003942 0.853761970997 0.000000000000
vt 0.150169998407 0.855485022068 0.000000000000
vt 0.150169998407 0.852846026421 0.000000000000
vt 0.845426023006 0.340846002102 0.000000000000
vt 0.845188021660 0.326889038086 0.000000000000
vt 0.843218028545 0.310027003288 0.000000000000
vt 0.841480970383 0.384831011295 0.000000000000
vt 0.193112999201 0.498108983040 0.000000000000
vt 0.191242992878 0.491338968277 0.000000000000
vt 0.192421004176 0.446527957916 0.000000000000
vt 0.385993003845 0.864831984043 0.000000000000
vt 0.384505003691 0.860463023186 0.000000000000
vt 0.385993003845 0.837190985680 0.000000000000
vt 0.845203995705 0.334748983383 0.000000000000
vt 0.191843003035 0.523742973804 0.000000000000
vt 0.191954001784 0.801943004131 0.000000000000
vt 0.191486999393 0.804247975349 0.000000000000
vt 0.191486999393 0.795282006264 0.000000000000
vt 0.187616005540 0.523086011410 0.000000000000
vt 0.187674000859 0.495491027832 0.000000000000
vt 0.187545999885 0.455754041672 0.000000000000
vt 0.192218005657 0.424207985401 0.000000000000
vt 0.845269024372 0.367365002632 0.000000000000
vt 0.192497000098 0.456954002380 0.000000000000
vt 0.140801995993 0.846520006657 0.000000000000
vt 0.715507984161 0.376680016518 0.000000000000
vt 0.707819998264 0.381093978882 0.000000000000
vt 0.707819998264 0.372220993042 0.000000000000
vt 0.842159986496 0.373470008373 0.000000000000
vt 0.842805027962 0.368950963020 0.000000000000
vt 0.842634975910 0.344357967377 0.000000000000
vt 0.842159986496 0.335736989975 0.000000000000
vt 0.187546998262 0.444604039192 0.000000000000
vt 0.187488004565 0.418971002102 0.000000000000
vt 0.848308026791 0.373888015747 0.000000000000
vt 0.855477988720 0.761058986187 0.000000000000
vt 0.855477988720 0.769845008850 0.000000000000
vt 0.853577017784 0.765184998512 0.000000000000
vt 0.842517018318 0.325878977776 0.000000000000
vt 0.580376982689 0.852392971516 0.000000000000
vt 0.577663004398 0.854189991951 0.000000000000
vt 0.577663004398 0.847535014153 0.000000000000
vt 0.722629010677 0.380077004433 0.000000000000
vt 0.717706978321 0.376721024513 0.000000000000
vt 0.719088971615 0.370732009411 0.000000000000
vt 0.138915002346 0.844487011433 0.000000000000
vt 0.715888977051 0.369922995567 0.000000000000
vt 0.851004004478 0.769845008850 0.000000000000
vt 0.851004004478 0.761219024658 0.000000000000
vt 0.853577017784 0.762272000313 0.000000000000
vt 0.858258008957 0.375077962875 0.000000000000
vt 0.856725990772 0.367273986340 0.000000000000
vt 0.859381020069 0.370575010777 0.000000000000
vt 0.856909990311 0.361845016479 0.000000000000
vt 0.860077977180 0.345988988876 0.000000000000
vt 0.856725990772 0.342792034149 0.000000000000
vt 0.857385993004 0.339470982552 0.000000000000
vt 0.860065996647 0.337365031242 0.000000000000
vt 0.857062995434 0.336874961853 0.000000000000
vt 0.856827974319 0.330413997173 0.000000000000
vt 0.860060989857 0.327507972717 0.000000000000
vt 0.857376992702 0.316695988178 0.000000000000
vt 0.859932005405 0.311655998230 0.000000000000
vt 0.857196986675 0.310027003288 0.000000000000
vt 0.400952011347 0.422746002674 0.000000000000
vt 0.403692990541 0.398544013500 0.000000000000
vt 0.404522001743 0.418475031853 0.000000000000
vt 0.187428995967 0.405871033669 0.000000000000
vt 0.188418000937 0.404181003571 0.000000000000
vt 0.019995000213 0.011197984219 0.000000000000
vt 0.013473000377 0.011349976063 0.000000000000
vt 0.013620999642 0.004239976406 0.000000000000
vt 0.005363999866 0.384948015213 0.000000000000
vt 0.009321000427 0.371194958687 0.000000000000
vt 0.008569000289 0.380466997623 0.000000000000
vt 0.715888977051 0.379487991333 0.000000000000
vt 0.725257992744 0.369825959206 0.000000000000
vt 0.722248017788 0.369922995567 0.000000000000
vt 0.724318981171 0.362040042877 0.000000000000
vt 0.722227990627 0.355572998524 0.000000000000
vt 0.725197970867 0.356611013412 0.000000000000
vt 0.725193977356 0.337563037872 0.000000000000
vt 0.722290992737 0.336438000202 0.000000000000
vt 0.724830985069 0.334231972694 0.000000000000
vt 0.722423970699 0.331021010876 0.000000000000
vt 0.724915981293 0.331640958786 0.000000000000
vt 0.724978983402 0.325183033943 0.000000000000
vt 0.721776008606 0.325206995010 0.000000000000
vt 0.722285985947 0.310799002647 0.000000000000
vt 0.725257992744 0.311460018158 0.000000000000
vt 0.724684000015 0.304791986942 0.000000000000
vt 0.722516000271 0.305701971054 0.000000000000
vt 0.849227011204 0.380303025246 0.000000000000
vt 0.845525026321 0.384302973747 0.000000000000
vt 0.845525026321 0.375581979752 0.000000000000
vt 0.191486999393 0.788332998753 0.000000000000
vt 0.192114993930 0.793734014034 0.000000000000
vt 0.403432011604 0.428148984909 0.000000000000
vt 0.404897987843 0.419999957085 0.000000000000
vt 0.140260994434 0.843285977840 0.000000000000
vt 0.140801995993 0.836570024490 0.000000000000
vt 0.134976997972 0.843285977840 0.000000000000
vt 0.134976997972 0.830002009869 0.000000000000
vt 0.830649971962 0.760289013386 0.000000000000
vt 0.835047006607 0.760289013386 0.000000000000
vt 0.833747982979 0.768582999706 0.000000000000
vt 0.722398996353 0.292988002300 0.000000000000
vt 0.725391983986 0.304791986942 0.000000000000
vt 0.721040010452 0.301795005798 0.000000000000
vt 0.003877999960 0.385816991329 0.000000000000
vt 0.003757999977 0.370119988918 0.000000000000
vt 0.005615000147 0.371070027351 0.000000000000
vt 0.721808016300 0.360257029533 0.000000000000
vt 0.187315002084 0.403218030930 0.000000000000
vt 0.187690004706 0.399017989635 0.000000000000
vt 0.190498992801 0.404145002365 0.000000000000
vt 0.934817016125 0.325160026550 0.000000000000
vt 0.935151994228 0.329044997692 0.000000000000
vt 0.933489978313 0.328585982323 0.000000000000
vt 0.934671998024 0.334035992622 0.000000000000
vt 0.934845983982 0.344061970711 0.000000000000
vt 0.933292984962 0.263113021851 0.000000000000
vt 0.934957027435 0.254559993744 0.000000000000
vt 0.935737013817 0.257501006126 0.000000000000
vt 0.935009002686 0.263516008854 0.000000000000
vt 0.934955000877 0.265964031219 0.000000000000
vt 0.933355987072 0.276515007019 0.000000000000
vt 0.934961974621 0.272202014923 0.000000000000
vt 0.935159027576 0.277981042862 0.000000000000
vt 0.935428023338 0.282549977303 0.000000000000
vt 0.934702992439 0.289160966873 0.000000000000
vt 0.934953987598 0.320306003094 0.000000000000
vt 0.006661000196 0.010204970837 0.000000000000
vt 0.005563999992 0.012175977230 0.000000000000
vt 0.143812000751 0.853676974773 0.000000000000
vt 0.142762005329 0.855490982533 0.000000000000
vt 0.142762005329 0.852886021137 0.000000000000
vt 0.028829000890 0.010716021061 0.000000000000
vt 0.034566998482 0.005958974361 0.000000000000
vt 0.034444998950 0.011686980724 0.000000000000
vt 0.008930999786 0.007398009300 0.000000000000
vt 0.030107999220 0.007129013538 0.000000000000
vt 0.005381000228 0.003184974194 0.000000000000
vt 0.031044000760 0.003475010395 0.000000000000
vt 0.026755999774 0.011485993862 0.000000000000
vt 0.027091000229 0.003117978573 0.000000000000
vt 0.795696020126 0.372233986855 0.000000000000
vt 0.797677993774 0.365083992481 0.000000000000
vt 0.797746002674 0.372197985649 0.000000000000
vt 0.193828999996 0.396708011627 0.000000000000
vt 0.193611994386 0.394567012787 0.000000000000
vt 0.195521995425 0.397983014584 0.000000000000
vt 0.202901005745 0.382867991924 0.000000000000
vt 0.202894002199 0.397996008396 0.000000000000
vt 0.007856000215 0.397935032845 0.000000000000
vt 0.008635999635 0.389140963554 0.000000000000
vt 0.008995999582 0.396683990955 0.000000000000
vt 0.405728995800 0.773548007011 0.000000000000
vt 0.403748989105 0.774823009968 0.000000000000
vt 0.404998004436 0.771408021450 0.000000000000
vt 0.000024999999 0.398041963577 0.000000000000
vt 0.000000000000 0.373934984207 0.000000000000
vt 0.009503000416 0.369542956352 0.000000000000
vt 0.590964019299 0.852407991886 0.000000000000
vt 0.590964019299 0.858151972294 0.000000000000
vt 0.589679002762 0.854323983192 0.000000000000
vt 0.008260999806 0.356790006161 0.000000000000
vt 0.202926993370 0.354126989841 0.000000000000
vt 0.194606006145 0.349233984947 0.000000000000
vt 0.193412005901 0.350309014320 0.000000000000
vt 0.000100999998 0.350194990635 0.000000000000
vt 0.009507999755 0.334224998951 0.000000000000
vt 0.201995998621 0.712276995182 0.000000000000
vt 0.200940996408 0.704506993294 0.000000000000
vt 0.201995998621 0.703342020512 0.000000000000
vt 0.008240000345 0.322423994541 0.000000000000
vt 0.000006000000 0.313814997673 0.000000000000
vt 0.403878003359 0.718307971954 0.000000000000
vt 0.403840005398 0.716212987900 0.000000000000
vt 0.404823005199 0.716154992580 0.000000000000
vt 0.202057003975 0.808130025864 0.000000000000
vt 0.202057003975 0.805974006653 0.000000000000
vt 0.202944993973 0.807004988194 0.000000000000
vt 0.202944993973 0.763487994671 0.000000000000
vt 0.202944993973 0.773478984833 0.000000000000
vt 0.202131003141 0.764577984810 0.000000000000
vt 0.202860996127 0.324419975281 0.000000000000
vt 0.193413004279 0.339313030243 0.000000000000
vt 0.194610998034 0.311365008354 0.000000000000
vt 0.404819995165 0.685781002045 0.000000000000
vt 0.193414002657 0.308938980103 0.000000000000
vt 0.202932000160 0.307345032692 0.000000000000
vt 0.009510000236 0.299894988537 0.000000000000
vt 0.202931001782 0.274801969528 0.000000000000
vt 0.008225000463 0.283794999123 0.000000000000
vt 0.194673001766 0.268661022186 0.000000000000
vt 0.193416997790 0.266449987888 0.000000000000
vt 0.009510000236 0.260347962379 0.000000000000
vt 0.000054000000 0.270520985126 0.000000000000
vt 0.008274000138 0.240040004253 0.000000000000
vt 0.000016000000 0.246886968613 0.000000000000
vt 0.194652006030 0.228577017784 0.000000000000
vt 0.202893003821 0.246258020401 0.000000000000
vt 0.193419992924 0.214959025383 0.000000000000
vt 0.202657997608 0.229197025299 0.000000000000
vt 0.202554002404 0.214514017105 0.000000000000
vt 0.000017000000 0.201933979988 0.000000000000
vt 0.009518999606 0.210282981396 0.000000000000
vt 0.907845973969 0.624117970467 0.000000000000
vt 0.907763004303 0.574054002762 0.000000000000
vt 0.908788979053 0.574752986431 0.000000000000
vt 0.016505999491 0.199519991875 0.000000000000
vt 0.723334014416 0.381199002266 0.000000000000
vt 0.716925978661 0.380802035332 0.000000000000
vt 0.015946000814 0.209628999233 0.000000000000
vt 0.721078991890 0.368947982788 0.000000000000
vt 0.202928006649 0.200150012970 0.000000000000
vt 0.721040010452 0.358837962151 0.000000000000
vt 0.194638997316 0.167549014091 0.000000000000
vt 0.000009000000 0.167210996151 0.000000000000
vt 0.016350999475 0.176003992558 0.000000000000
vt 0.202937006950 0.184023022652 0.000000000000
vt 0.017766000703 0.196246027946 0.000000000000
vt 0.017661999911 0.177110016346 0.000000000000
vt 0.193423002958 0.154932975769 0.000000000000
vt 0.202931001782 0.158910989761 0.000000000000
vt 0.017200000584 0.171692967415 0.000000000000
vt 0.015876000747 0.169128000736 0.000000000000
vt 0.015908999369 0.151113986969 0.000000000000
vt 0.017543999478 0.165884017944 0.000000000000
vt 0.017262000591 0.151471972466 0.000000000000
vt 0.000014000000 0.141777992249 0.000000000000
vt 0.017294999212 0.146373987198 0.000000000000
vt 0.202886998653 0.134806036949 0.000000000000
vt 0.404790014029 0.531774997711 0.000000000000
vt 0.403795987368 0.510484993458 0.000000000000
vt 0.404906004667 0.499320983887 0.000000000000
vt 0.193562000990 0.122479021549 0.000000000000
vt 0.015928000212 0.118559002876 0.000000000000
vt 0.202926993370 0.123053014278 0.000000000000
vt 0.017294999212 0.118779003620 0.000000000000
vt 0.000053000000 0.111612975597 0.000000000000
vt 0.017270000651 0.079042017460 0.000000000000
vt 0.194681003690 0.081960976124 0.000000000000
vt 0.403784006834 0.457982003689 0.000000000000
vt 0.015937000513 0.081227004528 0.000000000000
vt 0.404774993658 0.459347009659 0.000000000000
vt 0.193421006203 0.082504987717 0.000000000000
vt 0.202937006950 0.098294973373 0.000000000000
vt 0.000011000000 0.084652006626 0.000000000000
vt 0.202889993787 0.076339006424 0.000000000000
vt 0.015912000090 0.050217986107 0.000000000000
vt 0.017285000533 0.067892014980 0.000000000000
vt 0.000000000000 0.062089979649 0.000000000000
vt 0.403768002987 0.429695010185 0.000000000000
vt 0.202917993069 0.057067990303 0.000000000000
vt 0.017254000530 0.042258977890 0.000000000000
vt 0.192679002881 0.052851021290 0.000000000000
vt 0.194047003984 0.052227020264 0.000000000000
vt 0.000019999999 0.031131029129 0.000000000000
vt 0.404908001423 0.429067969322 0.000000000000
vt 0.202900007367 0.041988968849 0.000000000000
vt 0.015938999131 0.027971029282 0.000000000000
vt 0.194083005190 0.043159008026 0.000000000000
vt 0.014318999834 0.021332979202 0.000000000000
vt 0.017216000706 0.029159009457 0.000000000000
vt 0.186408996582 0.404682993889 0.000000000000
vt 0.404918998480 0.398290038109 0.000000000000
vt 0.192956998944 0.041631996632 0.000000000000
vt 0.193388998508 0.021447002888 0.000000000000
vt 0.186547994614 0.398041963577 0.000000000000
vt 0.202932000160 0.018023014069 0.000000000000
vt 0.935725986958 0.222406029701 0.000000000000
vt 0.934558987617 0.229285001755 0.000000000000
vt 0.934511005878 0.221410036087 0.000000000000
vt 0.935737013817 0.338567018509 0.000000000000
vt 0.202047005296 0.786363005638 0.000000000000
vt 0.202047005296 0.780871987343 0.000000000000
vt 0.202355995774 0.783876001835 0.000000000000
vt 0.934509992599 0.203436017036 0.000000000000
vt 0.935696005821 0.202533006668 0.000000000000
vt 0.041060999036 0.022369980812 0.000000000000
vt 0.034200001508 0.020646989346 0.000000000000
vt 0.045696001500 0.020511984825 0.000000000000
vt 0.044978998601 0.021955013275 0.000000000000
vt 0.052538998425 0.022234022617 0.000000000000
vt 0.053589999676 0.020639002323 0.000000000000
vt 0.058621998876 0.022074997425 0.000000000000
vt 0.132088005543 0.022153973579 0.000000000000
vt 0.125554993749 0.022086024284 0.000000000000
vt 0.132144004107 0.020758986473 0.000000000000
vt 0.136941000819 0.022222995758 0.000000000000
vt 0.136681005359 0.020729005337 0.000000000000
vt 0.140828996897 0.022009015083 0.000000000000
vt 0.144152998924 0.020788013935 0.000000000000
vt 0.145816996694 0.022221028805 0.000000000000
vt 0.150356993079 0.021520018578 0.000000000000
vt 0.935122013092 0.341560959816 0.000000000000
vt 0.935949981213 0.349372982979 0.000000000000
vt 0.934822976589 0.351211011410 0.000000000000
vt 0.935972988605 0.359387993813 0.000000000000
vt 0.162997007370 0.021811008453 0.000000000000
vt 0.171185001731 0.020883023739 0.000000000000
vt 0.172077998519 0.022195994854 0.000000000000
vt 0.178908005357 0.020761013031 0.000000000000
vt 0.179406002164 0.022234976292 0.000000000000
vt 0.183076992631 0.022027969360 0.000000000000
vt 0.184180006385 0.020784974098 0.000000000000
vt 0.192658007145 0.021699011326 0.000000000000
vt 0.859781026840 0.375077962875 0.000000000000
vt 0.859781026840 0.384292006493 0.000000000000
vt 0.858520984650 0.383567988873 0.000000000000
vt 0.066339999437 0.022118985653 0.000000000000
vt 0.069292001426 0.020981013775 0.000000000000
vt 0.079472996294 0.017827987671 0.000000000000
vt 0.075295999646 0.022107005119 0.000000000000
vt 0.077744998038 0.021944999695 0.000000000000
vt 0.083982996643 0.022071003914 0.000000000000
vt 0.089763998985 0.021887004375 0.000000000000
vt 0.094334997237 0.021700978279 0.000000000000
vt 0.100943997502 0.021849989891 0.000000000000
vt 0.106835998595 0.020614981651 0.000000000000
vt 0.106769002974 0.022038996220 0.000000000000
vt 0.935903012753 0.295038998127 0.000000000000
vt 0.112912997603 0.022137999535 0.000000000000
vt 0.118899002671 0.021609008312 0.000000000000
vt 0.139482006431 0.015336990356 0.000000000000
vt 0.164001002908 0.019527018070 0.000000000000
vt 0.153346002102 0.021979987621 0.000000000000
vt 0.161171004176 0.020741999149 0.000000000000
vt 0.026380000636 0.012821972370 0.000000000000
vt 0.050181999803 0.000019013882 0.000000000000
vt 0.178118005395 0.000019013882 0.000000000000
vt 0.338506013155 0.851961970329 0.000000000000
vt 0.337323009968 0.864875018597 0.000000000000
vt 0.337323009968 0.844054996967 0.000000000000
vt 0.126867994666 0.860760986805 0.000000000000
vt 0.125529006124 0.860397994518 0.000000000000
vt 0.126867994666 0.847477018833 0.000000000000
vt 0.000013000000 0.000014007092 0.000000000000
vt 0.117559999228 0.000012993813 0.000000000000
vt 0.035509001464 0.004406988621 0.000000000000
vt 0.159641996026 0.859834015369 0.000000000000
vt 0.159641996026 0.850838005543 0.000000000000
vt 0.160815998912 0.857823014259 0.000000000000
vt 0.394324004650 0.853829026222 0.000000000000
vt 0.395534992218 0.852288007736 0.000000000000
vt 0.395534992218 0.859570026398 0.000000000000
vt 0.858874976635 0.769845008850 0.000000000000
vt 0.858874976635 0.761804997921 0.000000000000
vt 0.860121011734 0.765384018421 0.000000000000
vt 0.085322000086 0.000012993813 0.000000000000
vt 0.097469002008 0.000000000000 0.000000000000
vt 0.135472998023 0.000039994717 0.000000000000
vt 0.153485998511 0.000007987022 0.000000000000
vt 0.014840000309 0.000014007092 0.000000000000
vt 0.725391983986 0.291310012341 0.000000000000
vt 0.028742000461 0.000046014786 0.000000000000
vt 0.202904000878 0.000042021275 0.000000000000
vt 0.372303009033 0.809566974640 0.000000000000
vt 0.376758009195 0.776749014854 0.000000000000
vt 0.379678994417 0.779762029648 0.000000000000
vt 0.136399999261 0.785211980343 0.000000000000
vt 0.135823994875 0.790464997292 0.000000000000
vt 0.132287994027 0.794645011425 0.000000000000
vt 0.932160973549 0.631294012070 0.000000000000
vt 0.932188987732 0.614233970642 0.000000000000
vt 0.932747006416 0.611495971680 0.000000000000
vt 0.932161986828 0.599551975727 0.000000000000
vt 0.202944993973 0.226459026337 0.000000000000
vt 0.373795986176 0.813009023666 0.000000000000
vt 0.371937990189 0.811679005623 0.000000000000
vt 0.371937990189 0.853682994843 0.000000000000
vt 0.372395992279 0.852670013905 0.000000000000
vt 0.378033012152 0.853708982468 0.000000000000
vt 0.381675004959 0.850252985954 0.000000000000
vt 0.180557996035 0.821419000626 0.000000000000
vt 0.181606993079 0.821991980076 0.000000000000
vt 0.180777996778 0.823023974895 0.000000000000
vt 0.804647028446 0.331869006157 0.000000000000
vt 0.799969017506 0.364627957344 0.000000000000
vt 0.799185991287 0.363695025444 0.000000000000
vt 0.382283002138 0.852402985096 0.000000000000
vt 0.162364006042 0.832481026649 0.000000000000
vt 0.164877995849 0.832297027111 0.000000000000
vt 0.165590003133 0.835343003273 0.000000000000
vt 0.163855999708 0.831223011017 0.000000000000
vt 0.140897005796 0.808358013630 0.000000000000
vt 0.165590003133 0.785211980343 0.000000000000
vt 0.372817009687 0.826704978943 0.000000000000
vt 0.181391000748 0.796024024487 0.000000000000
vt 0.376545011997 0.821817994118 0.000000000000
vt 0.180164992809 0.794754981995 0.000000000000
vt 0.381752997637 0.817130982876 0.000000000000
vt 0.371937990189 0.825405001640 0.000000000000
vt 0.725257992744 0.304791986942 0.000000000000
vt 0.725896000862 0.338590979576 0.000000000000
vt 0.725257992744 0.339574992657 0.000000000000
vt 0.950046002865 0.746280014515 0.000000000000
vt 0.966498017311 0.735264003277 0.000000000000
vt 0.966471016407 0.759005010128 0.000000000000
vt 0.966495990753 0.698884010315 0.000000000000
vt 0.932174026966 0.739162981510 0.000000000000
vt 0.932163000107 0.709456980228 0.000000000000
vt 0.948616981506 0.719659984112 0.000000000000
vt 0.966507971287 0.631956994534 0.000000000000
vt 0.950057983398 0.602557003498 0.000000000000
vt 0.966489970684 0.587004005909 0.000000000000
vt 0.932187020779 0.585187017918 0.000000000000
vt 0.948656022549 0.614619970322 0.000000000000
vt 0.966516971588 0.552280008793 0.000000000000
vt 0.950065016747 0.529978990555 0.000000000000
vt 0.966512978077 0.526847004890 0.000000000000
vt 0.932166993618 0.543947994709 0.000000000000
vt 0.932172000408 0.519842982292 0.000000000000
vt 0.948630988598 0.521368980408 0.000000000000
vt 0.932165980339 0.508090019226 0.000000000000
vt 0.932175993919 0.442104995251 0.000000000000
vt 0.932165980339 0.427026033401 0.000000000000
vt 0.948596000671 0.441776990891 0.000000000000
vt 0.820052981377 0.379319012165 0.000000000000
vt 0.821304976940 0.384016036987 0.000000000000
vt 0.819616973400 0.384809017181 0.000000000000
vt 0.140897005796 0.786835014820 0.000000000000
vt 0.949560999870 0.508346021175 0.000000000000
vt 0.966497004032 0.496683001518 0.000000000000
vt 0.797851979733 0.376500010490 0.000000000000
vt 0.811995983124 0.384411990643 0.000000000000
vt 0.797182023525 0.382560014725 0.000000000000
vt 0.811116993427 0.333140969276 0.000000000000
vt 0.167034998536 0.822327971458 0.000000000000
vt 0.328996986151 0.850867986679 0.000000000000
vt 0.328996986151 0.845713973045 0.000000000000
vt 0.333938002586 0.849334001541 0.000000000000
vt 0.950119972229 0.663048028946 0.000000000000
vt 0.966495990753 0.655591011047 0.000000000000
vt 0.950047016144 0.636502027512 0.000000000000
vt 0.932184994221 0.659838020802 0.000000000000
vt 0.948646008968 0.644254982471 0.000000000000
vt 0.950037002563 0.573529005051 0.000000000000
vt 0.950065016747 0.487143039703 0.000000000000
vt 0.966516017914 0.469720959663 0.000000000000
vt 0.966515004635 0.416200995445 0.000000000000
vt 0.966516971588 0.447158992290 0.000000000000
vt 0.950069010258 0.413733005524 0.000000000000
vt 0.966606020927 0.774652004242 0.000000000000
vt 0.975107014179 0.774551987648 0.000000000000
vt 0.966516971588 0.775906026363 0.000000000000
vt 0.804951012135 0.375820040703 0.000000000000
vt 0.128834992647 0.849480986595 0.000000000000
vt 0.128834992647 0.844428002834 0.000000000000
vt 0.132410004735 0.847416996956 0.000000000000
vt 0.854821026325 0.343122005463 0.000000000000
vt 0.850147008896 0.350614011288 0.000000000000
vt 0.850603997707 0.342397987843 0.000000000000
vt 0.849839985371 0.361409008503 0.000000000000
vt 0.932165026665 0.767903983593 0.000000000000
vt 0.948674023151 0.767385005951 0.000000000000
vt 0.849496006966 0.369722962379 0.000000000000
vt 0.854821026325 0.377943038940 0.000000000000
vt 0.849236011505 0.375851988792 0.000000000000
vt 0.932178020477 0.461376011372 0.000000000000
vt 0.948660016060 0.464960992336 0.000000000000
vt 0.932192981243 0.483332037926 0.000000000000
vt 0.908034980297 0.776674985886 0.000000000000
vt 0.923641979694 0.789081990719 0.000000000000
vt 0.907846987247 0.790575981140 0.000000000000
vt 0.812240004539 0.384570002556 0.000000000000
vt 0.176654994488 0.791347026825 0.000000000000
vt 0.181606993079 0.791077971458 0.000000000000
vt 0.177140995860 0.785211980343 0.000000000000
vt 0.826524972916 0.332442998886 0.000000000000
vt 0.819868028164 0.334874987602 0.000000000000
vt 0.820707976818 0.330636978149 0.000000000000
vt 0.932160973549 0.692381024361 0.000000000000
vt 0.907773971558 0.812014997005 0.000000000000
vt 0.907797992229 0.915314018726 0.000000000000
vt 0.924889981747 0.932269990444 0.000000000000
vt 0.907787978649 0.939944982529 0.000000000000
vt 0.807186007500 0.377505004406 0.000000000000
vt 0.133594006300 0.843424975872 0.000000000000
vt 0.932514011860 0.783032000065 0.000000000000
vt 0.949164986610 0.671171009541 0.000000000000
vt 0.932160973549 0.403059005737 0.000000000000
vt 0.932193994522 0.385079026222 0.000000000000
vt 0.949268996716 0.385092973709 0.000000000000
vt 0.923709988594 0.822826981544 0.000000000000
vt 0.907769024372 0.847153007984 0.000000000000
vt 0.907859027386 0.897301971912 0.000000000000
vt 0.907763004303 0.879390001297 0.000000000000
vt 0.924821972847 0.904624998569 0.000000000000
vt 0.335022002459 0.843954980373 0.000000000000
vt 0.333938002586 0.830385982990 0.000000000000
vt 0.342851996422 0.844054996967 0.000000000000
vt 1.000000000000 0.775035023689 0.000000000000
vt 0.995082020760 0.776377975941 0.000000000000
vt 0.991662025452 0.774945020676 0.000000000000
vt 0.808686971664 0.328101038933 0.000000000000
vt 0.313219994307 0.773478984833 0.000000000000
vt 0.311502993107 0.776409983635 0.000000000000
vt 0.310086011887 0.774203002453 0.000000000000
vt 0.321848988533 0.781454980373 0.000000000000
vt 0.332971990108 0.791951000690 0.000000000000
vt 0.341491997242 0.800031006336 0.000000000000
vt 0.335011005402 0.797568023205 0.000000000000
vt 0.347934991121 0.805984020233 0.000000000000
vt 0.948665022850 0.738279998302 0.000000000000
vt 0.980062007904 0.775906026363 0.000000000000
vt 0.812240004539 0.331155002117 0.000000000000
vt 0.950076997280 0.719721972942 0.000000000000
vt 0.932177007198 0.569059014320 0.000000000000
vt 0.948963999748 0.573023021221 0.000000000000
vt 0.949127972126 0.502954006195 0.000000000000
vt 0.949196994305 0.425359010696 0.000000000000
vt 0.992460012436 0.774226009846 0.000000000000
vt 0.990140974522 0.763535022736 0.000000000000
vt 0.991563022137 0.763715982437 0.000000000000
vt 0.990159988403 0.753998994827 0.000000000000
vt 0.989521026611 0.757404029369 0.000000000000
vt 0.991510987282 0.749035000801 0.000000000000
vt 0.340517997742 0.820209026337 0.000000000000
vt 0.344029992819 0.818661987782 0.000000000000
vt 0.346089005470 0.820656001568 0.000000000000
vt 0.069656997919 0.894529998302 0.000000000000
vt 0.065843001008 0.893154978752 0.000000000000
vt 0.105709001422 0.893319010735 0.000000000000
vt 0.038047000766 0.894487023354 0.000000000000
vt 0.023920999840 0.893019020557 0.000000000000
vt 0.012009000406 0.894483983517 0.000000000000
vt 0.003126000054 0.892883002758 0.000000000000
vt 0.001757999999 0.895712018013 0.000000000000
vt 0.001785999979 0.892782986164 0.000000000000
vt 0.105948001146 0.885017991066 0.000000000000
vt 0.040261000395 0.864502012730 0.000000000000
vt 0.084700003266 0.873288989067 0.000000000000
vt 0.003229999915 0.852358996868 0.000000000000
vt 0.002041999949 0.866156995296 0.000000000000
vt 0.105255000293 0.867828011513 0.000000000000
vt 0.106422998011 0.865958988667 0.000000000000
vt 0.353810012341 0.860826015472 0.000000000000
vt 0.354050010443 0.902438998222 0.000000000000
vt 0.353055000305 0.901081025600 0.000000000000
vt 0.002156999893 0.824544012547 0.000000000000
vt 0.105383999646 0.827503025532 0.000000000000
vt 0.106507003307 0.835681974888 0.000000000000
vt 0.066540002823 0.808309972286 0.000000000000
vt 0.018853999674 0.802406013012 0.000000000000
vt 0.002991999965 0.790687024593 0.000000000000
vt 0.874117016792 0.339148044586 0.000000000000
vt 0.873023986816 0.354758977890 0.000000000000
vt 0.873023986816 0.310027003288 0.000000000000
vt 0.106132999063 0.790952026844 0.000000000000
vt 0.048571001738 0.790875971317 0.000000000000
vt 0.072672002017 0.790933012962 0.000000000000
vt 0.031085999683 0.790791988373 0.000000000000
vt 0.017565000802 0.790678977966 0.000000000000
vt 0.108120001853 0.788681983948 0.000000000000
vt 0.088041998446 0.788231015205 0.000000000000
vt 0.000743000011 0.788726985455 0.000000000000
vt 0.872596979141 0.129912018776 0.000000000000
vt 0.854921996593 0.126801967621 0.000000000000
vt 0.876725018024 0.126816034317 0.000000000000
vt 0.836856007576 0.129351019859 0.000000000000
vt 0.821006000042 0.126882016659 0.000000000000
vt 0.817380011082 0.129364013672 0.000000000000
vt 0.795643985271 0.126842975616 0.000000000000
vt 0.795256972313 0.129469990730 0.000000000000
vt 0.772448003292 0.128345966339 0.000000000000
vt 0.774002015591 0.126806974411 0.000000000000
vt 0.828998029232 0.108467996120 0.000000000000
vt 0.772372007370 0.107114017010 0.000000000000
vt 0.877076983452 0.098146021366 0.000000000000
vt 0.876419007778 0.075061023235 0.000000000000
vt 0.877578973770 0.075564026833 0.000000000000
vt 0.773181021214 0.085241019726 0.000000000000
vt 0.774339973927 0.081040024757 0.000000000000
vt 0.802836000919 0.057076990604 0.000000000000
vt 0.771655023098 0.092445969582 0.000000000000
vt 0.878423988819 0.097645998001 0.000000000000
vt 0.879014015198 0.066812992096 0.000000000000
vt 0.773202002048 0.063115000725 0.000000000000
vt 0.858816027641 0.031732022762 0.000000000000
vt 0.774325013161 0.045139014721 0.000000000000
vt 0.773199975491 0.039879024029 0.000000000000
vt 0.877593994141 0.029914021492 0.000000000000
vt 0.818292021751 0.013611018658 0.000000000000
vt 0.876425027847 0.006371021271 0.000000000000
vt 0.790004014969 0.006349027157 0.000000000000
vt 0.774295985699 0.006326973438 0.000000000000
vt 0.877408981323 0.006181001663 0.000000000000
vt 0.773059010506 0.013459026814 0.000000000000
vt 0.601490020752 0.795207023621 0.000000000000
vt 0.600528001785 0.793094992638 0.000000000000
vt 0.601490020752 0.768787026405 0.000000000000
vt 0.850843012333 0.006363987923 0.000000000000
vt 0.832417011261 0.006322026253 0.000000000000
vt 0.803225994110 0.006323993206 0.000000000000
vt 0.879181027412 0.004109025002 0.000000000000
vt 0.853973984718 0.004047989845 0.000000000000
vt 0.833513975143 0.003908991814 0.000000000000
vt 0.809614002705 0.003931999207 0.000000000000
vt 0.786105990410 0.003874003887 0.000000000000
vt 0.771504998207 0.004161000252 0.000000000000
vt 0.924925029278 0.964740991592 0.000000000000
vt 0.907835006714 0.964730024338 0.000000000000
vt 0.310490012169 0.776858985424 0.000000000000
vt 0.308234989643 0.776374995708 0.000000000000
vt 0.311520010233 0.811249971390 0.000000000000
vt 0.309666991234 0.819474995136 0.000000000000
vt 0.116572000086 0.848994016647 0.000000000000
vt 0.118560999632 0.856036007404 0.000000000000
vt 0.116572000086 0.857348978519 0.000000000000
vt 0.849236011505 0.340821027756 0.000000000000
vt 0.850174009800 0.330320000648 0.000000000000
vt 0.851562976837 0.342211961746 0.000000000000
vt 0.990279018879 0.772747993469 0.000000000000
vt 0.315858989954 0.780893981457 0.000000000000
vt 0.333368986845 0.797583997250 0.000000000000
vt 0.338247001171 0.821451008320 0.000000000000
vt 0.069810003042 0.895973980427 0.000000000000
vt 0.086070001125 0.896013975143 0.000000000000
vt 0.052016999573 0.895815014839 0.000000000000
vt 0.027643000707 0.895805001259 0.000000000000
vt 0.107500001788 0.895271003246 0.000000000000
vt 0.108296997845 0.873817026615 0.000000000000
vt 0.353920012712 0.929068982601 0.000000000000
vt 0.108381003141 0.846638977528 0.000000000000
vt 0.352820008993 0.857942998409 0.000000000000
vt 0.107401996851 0.820060014725 0.000000000000
vt 0.354050010443 0.826963007450 0.000000000000
vt 0.001373999985 0.821648001671 0.000000000000
vt 0.064940996468 0.787944018841 0.000000000000
vt 0.036024998873 0.787958979607 0.000000000000
vt 0.014293000102 0.787338972092 0.000000000000
vt 0.853226006031 0.130089998245 0.000000000000
vt 0.771726012230 0.066990971565 0.000000000000
vt 0.878952980042 0.030642986298 0.000000000000
vt 0.772414028645 0.037770986557 0.000000000000
vt 0.601289987564 0.818441987038 0.000000000000
vt 0.812240004539 0.367936968803 0.000000000000
vt 0.776314973831 0.152328968048 0.000000000000
vt 0.775261998177 0.134256005287 0.000000000000
vt 0.777360975742 0.132533013821 0.000000000000
vt 0.775901973248 0.161273002625 0.000000000000
vt 0.774147987366 0.154789984226 0.000000000000
vt 0.601490020752 0.818441987038 0.000000000000
vt 0.601458013058 0.837440013885 0.000000000000
vt 0.600493013859 0.835564017296 0.000000000000
vt 0.600454986095 0.854451000690 0.000000000000
vt 0.601490020752 0.861370027065 0.000000000000
vt 0.773541986942 0.204136013985 0.000000000000
vt 0.771148979664 0.211407005787 0.000000000000
vt 0.772984981537 0.197165966034 0.000000000000
vt 0.772490978241 0.225489020348 0.000000000000
vt 0.771422028542 0.244624972343 0.000000000000
vt 0.768594026566 0.259374976158 0.000000000000
vt 0.769878983498 0.235369980335 0.000000000000
vt 0.769415020943 0.281785011292 0.000000000000
vt 0.767250001431 0.285622000694 0.000000000000
vt 0.767926990986 0.308019042015 0.000000000000
vt 0.336679995060 0.853956997395 0.000000000000
vt 0.334491997957 0.852892994881 0.000000000000
vt 0.336679995060 0.844054996967 0.000000000000
vt 0.316751986742 0.813440024853 0.000000000000
vt 0.310806006193 0.811914980412 0.000000000000
vt 0.329542994499 0.812565028667 0.000000000000
vt 0.588594019413 0.853352010250 0.000000000000
vt 0.587081015110 0.858564972878 0.000000000000
vt 0.587081015110 0.852407991886 0.000000000000
vt 0.724659025669 0.384428977966 0.000000000000
vt 0.723029971123 0.384811043739 0.000000000000
vt 0.725583016872 0.382858037949 0.000000000000
vt 0.723029971123 0.382142007351 0.000000000000
vt 0.334852993488 0.818938970566 0.000000000000
vt 0.109154999256 0.897203028202 0.000000000000
vt 0.321606993675 0.866316020489 0.000000000000
vt 0.323516011238 0.879419982433 0.000000000000
vt 0.321561992168 0.884108006954 0.000000000000
vt 0.321606010199 0.908483028412 0.000000000000
vt 0.323516011238 0.907652020454 0.000000000000
vt 0.321713000536 0.934367001057 0.000000000000
vt 0.202944993973 0.799152970314 0.000000000000
vt 0.202944993973 0.802621006966 0.000000000000
vt 0.202166005969 0.800733983517 0.000000000000
vt 0.000000000000 0.895278990269 0.000000000000
vt 0.316940009594 0.936110019684 0.000000000000
vt 0.314978003502 0.934176027775 0.000000000000
vt 0.315315008163 0.912721991539 0.000000000000
vt 0.001237999997 0.864786982536 0.000000000000
vt 0.000000000000 0.854099988937 0.000000000000
vt 0.949271023273 0.695933997631 0.000000000000
vt 0.000318000006 0.831341028214 0.000000000000
vt 0.108575999737 0.819815993309 0.000000000000
vt 0.000184000004 0.805630028248 0.000000000000
vt 0.315279990435 0.858720004559 0.000000000000
vt 0.314978003502 0.827585995197 0.000000000000
vt 0.316404014826 0.826963007450 0.000000000000
vt 0.600368976593 0.793115019798 0.000000000000
vt 0.598504006863 0.798888981342 0.000000000000
vt 0.597534000874 0.784316003323 0.000000000000
vt 0.600440979004 0.845131993294 0.000000000000
vt 0.598671972752 0.820078015327 0.000000000000
vt 0.600337982178 0.816214978695 0.000000000000
vt 0.340333998203 0.857536971569 0.000000000000
vt 0.338506013155 0.858752012253 0.000000000000
vt 0.338506013155 0.844054996967 0.000000000000
vt 0.864499986172 0.310027003288 0.000000000000
vt 0.867165982723 0.336030006409 0.000000000000
vt 0.864499986172 0.350908994675 0.000000000000
vt 0.866849005222 0.350932955742 0.000000000000
vt 0.867052018642 0.310361981392 0.000000000000
vt 0.122946999967 0.856347024441 0.000000000000
vt 0.121537998319 0.856805026531 0.000000000000
vt 0.123069003224 0.853790998459 0.000000000000
vt 0.856715023518 0.382964968681 0.000000000000
vt 0.855125010014 0.383018970490 0.000000000000
vt 0.856660008430 0.357297003269 0.000000000000
vt 0.121537998319 0.852468013763 0.000000000000
vt 0.880333006382 0.130463004112 0.000000000000
vt 0.879405975342 0.128314018250 0.000000000000
vt 0.770204007626 0.130376994610 0.000000000000
vt 0.771126985550 0.128808975220 0.000000000000
vt 0.181172996759 0.874544978142 0.000000000000
vt 0.180150002241 0.910898983479 0.000000000000
vt 0.178940996528 0.887417972088 0.000000000000
vt 0.879607975483 0.100440025330 0.000000000000
vt 0.941097021103 0.295309007168 0.000000000000
vt 0.940696001053 0.261677980423 0.000000000000
vt 0.942607998848 0.274708986282 0.000000000000
vt 0.179480001330 0.851957023144 0.000000000000
vt 0.181606993079 0.849093019962 0.000000000000
vt 0.942730009556 0.229516983032 0.000000000000
vt 0.771164000034 0.049480974674 0.000000000000
vt 0.181484997272 0.831580996513 0.000000000000
vt 0.940679013729 0.225507974625 0.000000000000
vt 0.771538019180 0.031835973263 0.000000000000
vt 0.869077980518 0.339154005051 0.000000000000
vt 0.868700027466 0.356799960136 0.000000000000
vt 0.867165982723 0.327538013458 0.000000000000
vt 0.869077980518 0.311479985714 0.000000000000
vt 0.949562013149 0.440066993237 0.000000000000
vt 0.940918982029 0.198974967003 0.000000000000
vt 0.310333013535 0.874257028103 0.000000000000
vt 0.310337007046 0.898158013821 0.000000000000
vt 0.308237999678 0.882986009121 0.000000000000
vt 0.987425982952 0.775925993919 0.000000000000
vt 0.976853013039 0.772574007511 0.000000000000
vt 0.979728996754 0.773832976818 0.000000000000
vt 0.774013996124 0.178306996822 0.000000000000
vt 0.773588001728 0.165777981281 0.000000000000
vt 0.771827995777 0.198768973351 0.000000000000
vt 0.772620975971 0.183853983879 0.000000000000
vt 0.010177000426 0.785211980343 0.000000000000
vt 0.007969999686 0.783213973045 0.000000000000
vt 0.032485999167 0.783526003361 0.000000000000
vt 0.308750987053 0.809782028198 0.000000000000
vt 0.333936989307 0.845588982105 0.000000000000
vt 0.852973997593 0.315618038177 0.000000000000
vt 0.987518012524 0.768504023552 0.000000000000
vt 0.989045023918 0.749830007553 0.000000000000
vt 0.850464999676 0.315643012524 0.000000000000
vt 0.202426001430 0.786363005638 0.000000000000
vt 0.202426001430 0.790771007538 0.000000000000
vt 0.202047005296 0.788923025131 0.000000000000
vt 0.944019973278 0.198171973228 0.000000000000
vt 0.944028019905 0.216777980328 0.000000000000
vt 0.942818999290 0.199292004108 0.000000000000
vt 0.943071007729 0.227441012859 0.000000000000
vt 0.943970024586 0.239495992661 0.000000000000
vt 0.943081021309 0.262573957443 0.000000000000
vt 0.944011986256 0.268224000931 0.000000000000
vt 0.944009006023 0.302614986897 0.000000000000
vt 0.943095028400 0.301578998566 0.000000000000
vt 0.944033026695 0.318951964378 0.000000000000
vt 0.942794978619 0.323926985264 0.000000000000
vt 0.944033026695 0.339183986187 0.000000000000
vt 0.942821025848 0.349525988102 0.000000000000
vt 0.943974971771 0.358054041862 0.000000000000
vt 0.943966984749 0.379603028297 0.000000000000
vt 0.032733000815 0.758108019829 0.000000000000
vt 0.002653999953 0.759082973003 0.000000000000
vt 0.005640000105 0.757740020752 0.000000000000
vt 0.154818996787 0.758696019650 0.000000000000
vt 0.156049996614 0.757395029068 0.000000000000
vt 0.182968005538 0.758460998535 0.000000000000
vt 0.119686000049 0.758620977402 0.000000000000
vt 0.114463001490 0.757335007191 0.000000000000
vt 0.079746000469 0.757261991501 0.000000000000
vt 0.080679997802 0.758543014526 0.000000000000
vt 0.058331001550 0.758072018623 0.000000000000
vt 0.001560000004 0.757122993469 0.000000000000
vt 0.193237006664 0.712074995041 0.000000000000
vt 0.194703996181 0.711742997169 0.000000000000
vt 0.194703996181 0.713364005089 0.000000000000
vt 0.851311981678 0.310027003288 0.000000000000
vt 0.854870975018 0.315217971802 0.000000000000
vt 0.184930995107 0.742552995682 0.000000000000
vt 0.042376998812 0.729618012905 0.000000000000
vt 0.185918003321 0.757840991020 0.000000000000
vt 0.001505000051 0.752947986126 0.000000000000
vt 0.991346001625 0.746764004230 0.000000000000
vt 0.990063011646 0.747326016426 0.000000000000
vt 0.991346001625 0.742590010166 0.000000000000
vt 0.977056026459 0.746649026871 0.000000000000
vt 0.975377976894 0.731368005276 0.000000000000
vt 0.977032005787 0.732065975666 0.000000000000
vt 0.989669978619 0.741652011871 0.000000000000
vt 0.030355000868 0.728668987751 0.000000000000
vt 0.157399997115 0.730940997601 0.000000000000
vt 0.991264998913 0.724093973637 0.000000000000
vt 0.989700973034 0.723563015461 0.000000000000
vt 0.002584999893 0.719408988953 0.000000000000
vt 0.106788001955 0.730803012848 0.000000000000
vt 0.001436999999 0.734452009201 0.000000000000
vt 0.976724028587 0.721005022526 0.000000000000
vt 0.975136995316 0.698795020580 0.000000000000
vt 0.065165996552 0.729573011398 0.000000000000
vt 0.134588003159 0.729497015476 0.000000000000
vt 0.156040996313 0.729470014572 0.000000000000
vt 0.106002002954 0.729645013809 0.000000000000
vt 0.202453002334 0.780871987343 0.000000000000
vt 0.202944993973 0.781351983547 0.000000000000
vt 0.202453002334 0.792931973934 0.000000000000
vt 0.882301986217 0.308578968048 0.000000000000
vt 0.881222009659 0.303283989429 0.000000000000
vt 0.882290005684 0.279991030693 0.000000000000
vt 0.881119012833 0.325706005096 0.000000000000
vt 0.882171988487 0.349415004253 0.000000000000
vt 0.881011009216 0.362365007401 0.000000000000
vt 0.882179021835 0.372206985950 0.000000000000
vt 0.881846010685 0.383787035942 0.000000000000
vt 0.976886987686 0.714209020138 0.000000000000
vt 0.975362002850 0.712539017200 0.000000000000
vt 0.725257992744 0.361835002899 0.000000000000
vt 0.725974977016 0.353300988674 0.000000000000
vt 0.976792991161 0.707458019257 0.000000000000
vt 0.156444996595 0.707660019398 0.000000000000
vt 0.191027000546 0.906718015671 0.000000000000
vt 0.189994007349 0.883516013622 0.000000000000
vt 0.191343992949 0.884905993938 0.000000000000
vt 0.185017004609 0.709978997707 0.000000000000
vt 0.321575999260 0.850055992603 0.000000000000
vt 0.323282986879 0.826963007450 0.000000000000
vt 0.323514014482 0.853031992912 0.000000000000
vt 0.001532000024 0.702486991882 0.000000000000
vt 0.989730000496 0.692493021488 0.000000000000
vt 0.991321980953 0.692128002644 0.000000000000
vt 0.976602017879 0.703230023384 0.000000000000
vt 0.029162999243 0.699389994144 0.000000000000
vt 0.317151010036 0.908243000507 0.000000000000
vt 0.030654000118 0.705941975117 0.000000000000
vt 0.001728000003 0.694296002388 0.000000000000
vt 0.861820995808 0.381950974464 0.000000000000
vt 0.860077977180 0.382854998112 0.000000000000
vt 0.860619008541 0.347622990608 0.000000000000
vt 0.976658999920 0.682524979115 0.000000000000
vt 0.990036010742 0.689768016338 0.000000000000
vt 0.000128999993 0.700118005276 0.000000000000
vt 0.185031995177 0.693006992340 0.000000000000
vt 0.002747999970 0.658235013485 0.000000000000
vt 0.974994003773 0.681823015213 0.000000000000
vt 0.000000000000 0.691276013851 0.000000000000
vt 0.001545000006 0.685787975788 0.000000000000
vt 0.862465977669 0.340775966644 0.000000000000
vt 0.976610004902 0.675508022308 0.000000000000
vt 0.030703000724 0.690833985806 0.000000000000
vt 0.976168990135 0.670529007912 0.000000000000
vt 0.952978014946 0.293823957443 0.000000000000
vt 0.952708005905 0.287559032440 0.000000000000
vt 0.954325973988 0.288326025009 0.000000000000
vt 0.191333994269 0.852854013443 0.000000000000
vt 0.030287999660 0.658203005791 0.000000000000
vt 0.156290993094 0.675607979298 0.000000000000
vt 0.184090003371 0.672917008400 0.000000000000
vt 0.186333000660 0.681717991829 0.000000000000
vt 0.186408996582 0.677466988564 0.000000000000
vt 0.315257012844 0.885544002056 0.000000000000
vt 0.185213997960 0.672702014446 0.000000000000
vt 0.952757000923 0.249503970146 0.000000000000
vt 0.976225972176 0.666278004646 0.000000000000
vt 0.974968016148 0.661517024040 0.000000000000
vt 0.976502001286 0.660328984261 0.000000000000
vt 0.198475003242 0.848653972149 0.000000000000
vt 0.197403997183 0.868529021740 0.000000000000
vt 0.197004005313 0.835898995399 0.000000000000
vt 0.976449012756 0.653387010098 0.000000000000
vt 0.156415000558 0.662244975567 0.000000000000
vt 0.974906980991 0.653217017651 0.000000000000
vt 0.185231998563 0.664400994778 0.000000000000
vt 0.317054986954 0.858815014362 0.000000000000
vt 0.184183001518 0.634620010853 0.000000000000
vt 0.198427006602 0.820981979370 0.000000000000
vt 0.190038993955 0.824737012386 0.000000000000
vt 0.191464006901 0.805321991444 0.000000000000
vt 0.191401004791 0.839492022991 0.000000000000
vt 0.976347982883 0.635331988335 0.000000000000
vt 0.864351987839 0.377207994461 0.000000000000
vt 0.862466990948 0.337494969368 0.000000000000
vt 0.864499986172 0.354445993900 0.000000000000
vt 0.974758982658 0.634706020355 0.000000000000
vt 0.185258999467 0.645888984203 0.000000000000
vt 0.156621992588 0.628076016903 0.000000000000
vt 0.001642000047 0.642144978046 0.000000000000
vt 0.954335987568 0.244682013988 0.000000000000
vt 0.030367000028 0.620079994202 0.000000000000
vt 0.976197004318 0.626040995121 0.000000000000
vt 0.974689006805 0.625419020653 0.000000000000
vt 0.185287997127 0.636602997780 0.000000000000
vt 0.196889996529 0.797774970531 0.000000000000
vt 0.864198029041 0.328737974167 0.000000000000
vt 0.190106004477 0.797839999199 0.000000000000
vt 0.976050972939 0.604143977165 0.000000000000
vt 0.974426984787 0.604299008846 0.000000000000
vt 0.185243993998 0.615481019020 0.000000000000
vt 0.198347002268 0.793689012527 0.000000000000
vt 0.001805000007 0.615056991577 0.000000000000
vt 0.952762007713 0.217190027237 0.000000000000
vt 0.954436004162 0.217593014240 0.000000000000
vt 0.175522997975 0.595049977303 0.000000000000
vt 0.864499986172 0.311830043793 0.000000000000
vt 0.862644970417 0.310027003288 0.000000000000
vt 0.598466992378 0.836067974567 0.000000000000
vt 0.598653018475 0.855401992798 0.000000000000
vt 0.599722027779 0.866859018803 0.000000000000
vt 0.146658003330 0.857294976711 0.000000000000
vt 0.148218005896 0.845730006695 0.000000000000
vt 0.148218005896 0.858385980129 0.000000000000
vt 0.096816003323 0.785211980343 0.000000000000
vt 0.191110000014 0.779787003994 0.000000000000
vt 0.002919000108 0.585636019707 0.000000000000
vt 0.954328000546 0.197645008564 0.000000000000
vt 0.196889996529 0.779787003994 0.000000000000
vt 0.030786000192 0.602092027664 0.000000000000
vt 0.975919008255 0.587266027927 0.000000000000
vt 0.156194001436 0.602539002895 0.000000000000
vt 0.138426005840 0.601903021336 0.000000000000
vt 0.952763020992 0.192990005016 0.000000000000
vt 0.974308013916 0.586923003197 0.000000000000
vt 0.139037996531 0.602523982525 0.000000000000
vt 0.124660998583 0.602315008640 0.000000000000
vt 0.192258998752 0.828233003616 0.000000000000
vt 0.193592995405 0.834565997124 0.000000000000
vt 0.192266002297 0.847938001156 0.000000000000
vt 0.193857997656 0.847648024559 0.000000000000
vt 0.196126997471 0.862666010857 0.000000000000
vt 0.192445993423 0.867994010448 0.000000000000
vt 0.114580996335 0.600811004639 0.000000000000
vt 0.114826999605 0.602406978607 0.000000000000
vt 0.107747003436 0.602002978325 0.000000000000
vt 0.088041000068 0.601884007454 0.000000000000
vt 0.069242000580 0.600706994534 0.000000000000
vt 0.067984998226 0.602065026760 0.000000000000
vt 0.055638000369 0.602189004421 0.000000000000
vt 0.120105996728 0.592181026936 0.000000000000
vt 0.102274000645 0.592281997204 0.000000000000
vt 0.056416001171 0.567525029182 0.000000000000
vt 0.043953001499 0.601935029030 0.000000000000
vt 0.001746000024 0.595108985901 0.000000000000
vt 0.067702002823 0.592206001282 0.000000000000
vt 0.087632998824 0.592275977135 0.000000000000
vt 0.168307006359 0.590840995312 0.000000000000
vt 0.180092006922 0.591504991055 0.000000000000
vt 0.145906001329 0.850338995457 0.000000000000
vt 0.144811004400 0.857463002205 0.000000000000
vt 0.144024997950 0.849784016609 0.000000000000
vt 0.120137996972 0.577867984772 0.000000000000
vt 0.185292005539 0.598106026649 0.000000000000
vt 0.145906001329 0.845728993416 0.000000000000
vt 0.029516000301 0.567418992519 0.000000000000
vt 0.975822985172 0.574066996574 0.000000000000
vt 0.180564001203 0.586297988892 0.000000000000
vt 0.974247992039 0.572623014450 0.000000000000
vt 0.858435988426 0.769845008850 0.000000000000
vt 0.857285976410 0.763858973980 0.000000000000
vt 0.858874976635 0.764653980732 0.000000000000
vt 0.066968999803 0.577723979950 0.000000000000
vt 0.068986997008 0.590310990810 0.000000000000
vt 0.160815998912 0.858920991421 0.000000000000
vt 0.160815998912 0.850838005543 0.000000000000
vt 0.162322998047 0.853232026100 0.000000000000
vt 0.170000001788 0.582758009434 0.000000000000
vt 0.136969000101 0.566600978374 0.000000000000
vt 0.118455000222 0.590492010117 0.000000000000
vt 0.202944993973 0.805974006653 0.000000000000
vt 0.202147006989 0.804893970490 0.000000000000
vt 0.872929990292 0.310027003288 0.000000000000
vt 0.873023986816 0.333230018616 0.000000000000
vt 0.871685981750 0.310438990593 0.000000000000
vt 0.871685981750 0.351320028305 0.000000000000
vt 0.873022019863 0.352594971657 0.000000000000
vt 0.068635001779 0.579159975052 0.000000000000
vt 0.391048014164 0.849187016487 0.000000000000
vt 0.392320007086 0.844227015972 0.000000000000
vt 0.392320007086 0.861841976643 0.000000000000
vt 0.858874976635 0.760848999023 0.000000000000
vt 0.118453003466 0.579675018787 0.000000000000
vt 0.177141994238 0.582489013672 0.000000000000
vt 0.177701994777 0.574536025524 0.000000000000
vt 0.854821026325 0.342486023903 0.000000000000
vt 0.856715023518 0.342397987843 0.000000000000
vt 0.156470000744 0.566591024399 0.000000000000
vt 0.001792000025 0.573108017445 0.000000000000
vt 0.954328000546 0.175643980503 0.000000000000
vt 0.170974001288 0.573641002178 0.000000000000
vt 0.952763020992 0.175356030464 0.000000000000
vt 0.185381993651 0.583805024624 0.000000000000
vt 0.107128001750 0.577727973461 0.000000000000
vt 0.090388998389 0.567573010921 0.000000000000
vt 0.181226000190 0.572170972824 0.000000000000
vt 0.001979999943 0.557126998901 0.000000000000
vt 0.182565003633 0.569652974606 0.000000000000
vt 0.155284002423 0.852680027485 0.000000000000
vt 0.151967003942 0.846830010414 0.000000000000
vt 0.155284002423 0.846096992493 0.000000000000
vt 0.974117994308 0.552634000778 0.000000000000
vt 0.975634992123 0.553029000759 0.000000000000
vt 0.185447007418 0.563816010952 0.000000000000
vt 0.723029971123 0.382642030716 0.000000000000
vt 0.720950007439 0.384811043739 0.000000000000
vt 0.720950007439 0.381199002266 0.000000000000
vt 0.119676999748 0.566600978374 0.000000000000
vt 0.587081015110 0.846852004528 0.000000000000
vt 0.590613007545 0.850097000599 0.000000000000
vt 0.328673005104 0.851665973663 0.000000000000
vt 0.325515002012 0.853845000267 0.000000000000
vt 0.325515002012 0.845713973045 0.000000000000
vt 0.167881995440 0.565510988235 0.000000000000
vt 0.099174998701 0.566290020943 0.000000000000
vt 0.080067999661 0.566262006760 0.000000000000
vt 0.053791001439 0.566197991371 0.000000000000
vt 0.031166000292 0.566186010838 0.000000000000
vt 0.198529005051 0.400054991245 0.000000000000
vt 0.202638998628 0.398041963577 0.000000000000
vt 0.202699005604 0.417544007301 0.000000000000
vt 0.202720999718 0.434836030006 0.000000000000
vt 0.199491992593 0.441447973251 0.000000000000
vt 0.202517002821 0.455335974693 0.000000000000
vt 0.202604994178 0.500720977783 0.000000000000
vt 0.202720999718 0.523346006870 0.000000000000
vt 0.198727995157 0.521739006042 0.000000000000
vt 0.193537995219 0.668492019176 0.000000000000
vt 0.193443000317 0.663003981113 0.000000000000
vt 0.194993004203 0.667008996010 0.000000000000
vt 0.030696000904 0.560697972775 0.000000000000
vt 0.345705986023 0.844919025898 0.000000000000
vt 0.350309997797 0.846126019955 0.000000000000
vt 0.345705986023 0.850512981415 0.000000000000
vt 0.952759027481 0.159170985222 0.000000000000
vt 0.954461991787 0.159662008286 0.000000000000
vt 0.399493992329 0.821308016777 0.000000000000
vt 0.395146012306 0.817978024483 0.000000000000
vt 0.400709986687 0.817130982876 0.000000000000
vt 0.155235007405 0.855578005314 0.000000000000
vt 0.154217004776 0.857473015785 0.000000000000
vt 0.154217004776 0.852680027485 0.000000000000
vt 0.395619004965 0.843149006367 0.000000000000
vt 0.398369014263 0.837190985680 0.000000000000
vt 0.398369014263 0.848977029324 0.000000000000
vt 0.171784996986 0.560720026493 0.000000000000
vt 0.975636005402 0.540449976921 0.000000000000
vt 0.973873019218 0.539785981178 0.000000000000
vt 0.185014992952 0.550966978073 0.000000000000
vt 0.587081015110 0.856271982193 0.000000000000
vt 0.585560023785 0.853244006634 0.000000000000
vt 0.586470007896 0.836878001690 0.000000000000
vt 0.585560023785 0.872720003128 0.000000000000
vt 0.382283002138 0.837190985680 0.000000000000
vt 0.384505003691 0.849058985710 0.000000000000
vt 0.382283002138 0.859314024448 0.000000000000
vt 0.781445026398 0.131505012512 0.000000000000
vt 0.342851996422 0.855315029621 0.000000000000
vt 0.340333998203 0.853229999542 0.000000000000
vt 0.948656022549 0.538352012634 0.000000000000
vt 0.954324007034 0.146414995193 0.000000000000
vt 0.030587000772 0.535300016403 0.000000000000
vt 0.175870001316 0.559952974319 0.000000000000
vt 0.942568004131 0.325340032578 0.000000000000
vt 0.940914988518 0.323181986809 0.000000000000
vt 0.942794978619 0.305073022842 0.000000000000
vt 0.178628996015 0.912449002266 0.000000000000
vt 0.952755987644 0.145707011223 0.000000000000
vt 0.156611993909 0.552748978138 0.000000000000
vt 0.001836000010 0.543878972530 0.000000000000
vt 0.002969000023 0.539662003517 0.000000000000
vt 0.177390992641 0.546097993851 0.000000000000
vt 0.348569005728 0.850512981415 0.000000000000
vt 0.347142994404 0.855210006237 0.000000000000
vt 0.352393001318 0.843571007252 0.000000000000
vt 0.348293989897 0.844919025898 0.000000000000
vt 0.349292993546 0.842247009277 0.000000000000
vt 0.333938002586 0.850867986679 0.000000000000
vt 0.333938002586 0.858482003212 0.000000000000
vt 0.332390010357 0.854478001595 0.000000000000
vt 0.171619996428 0.546002984047 0.000000000000
vt 0.974623978138 0.536109983921 0.000000000000
vt 0.718715012074 0.381675004959 0.000000000000
vt 0.720950007439 0.384925961494 0.000000000000
vt 0.710739016533 0.384781956673 0.000000000000
vt 0.711198985577 0.381093978882 0.000000000000
vt 0.835699975491 0.766022980213 0.000000000000
vt 0.839100003242 0.765869975090 0.000000000000
vt 0.839100003242 0.760294973850 0.000000000000
vt 0.836422979832 0.769105017185 0.000000000000
vt 0.193284004927 0.637605011463 0.000000000000
vt 0.829657018185 0.765100002289 0.000000000000
vt 0.825897991657 0.768582999706 0.000000000000
vt 0.825784981251 0.760411024094 0.000000000000
vt 0.201373994350 0.641048014164 0.000000000000
vt 0.202510997653 0.619817018509 0.000000000000
vt 0.202711001039 0.653834998608 0.000000000000
vt 0.194676995277 0.631609976292 0.000000000000
vt 0.030962999910 0.508800029755 0.000000000000
vt 0.001972000115 0.531162977219 0.000000000000
vt 0.821478009224 0.379812955856 0.000000000000
vt 0.821478009224 0.367745995522 0.000000000000
vt 0.825755000114 0.372545957565 0.000000000000
vt 0.721040010452 0.285834014416 0.000000000000
vt 0.721552014351 0.280444979668 0.000000000000
vt 0.723457992077 0.282261967659 0.000000000000
vt 0.725830972195 0.286635041237 0.000000000000
vt 0.721040010452 0.291310012341 0.000000000000
vt 0.174997001886 0.534417986870 0.000000000000
vt 0.346900999546 0.827351987362 0.000000000000
vt 0.346457004547 0.831416010857 0.000000000000
vt 0.345705986023 0.826963007450 0.000000000000
vt 0.156553998590 0.518729984760 0.000000000000
vt 0.157931998372 0.506817996502 0.000000000000
vt 0.954411983490 0.133697986603 0.000000000000
vt 0.180418998003 0.537338972092 0.000000000000
vt 0.181215003133 0.532824993134 0.000000000000
vt 0.391149997711 0.838369011879 0.000000000000
vt 0.391007006168 0.837190985680 0.000000000000
vt 0.395619004965 0.839433014393 0.000000000000
vt 0.186140999198 0.532306015491 0.000000000000
vt 0.185525998473 0.530546009541 0.000000000000
vt 0.975232005119 0.521118998528 0.000000000000
vt 0.973873019218 0.519363999367 0.000000000000
vt 0.975356996059 0.511928021908 0.000000000000
vt 0.184404000640 0.514611005783 0.000000000000
vt 0.973793983459 0.507785975933 0.000000000000
vt 0.185559004545 0.518966972828 0.000000000000
vt 0.952731013298 0.119462013245 0.000000000000
vt 0.030627999455 0.496837019920 0.000000000000
vt 0.193313002586 0.611105024815 0.000000000000
vt 0.003132000100 0.508958995342 0.000000000000
vt 0.975282013416 0.506811976433 0.000000000000
vt 0.001905999961 0.519299983978 0.000000000000
vt 0.954326987267 0.121836006641 0.000000000000
vt 0.001903999946 0.511431992054 0.000000000000
vt 0.954334020615 0.113968014717 0.000000000000
vt 0.973725020885 0.500118970871 0.000000000000
vt 0.185576006770 0.511300027370 0.000000000000
vt 0.952838003635 0.110424995422 0.000000000000
vt 0.975229978561 0.500302016735 0.000000000000
vt 0.156555995345 0.496863007545 0.000000000000
vt 0.973546981812 0.479647994041 0.000000000000
vt 0.185607999563 0.490828990936 0.000000000000
vt 0.168630003929 0.498592972755 0.000000000000
vt 0.001981999958 0.488978028297 0.000000000000
vt 0.954316973686 0.091512978077 0.000000000000
vt 0.177852004766 0.499677002430 0.000000000000
vt 0.130089998245 0.854420006275 0.000000000000
vt 0.131666004658 0.849480986595 0.000000000000
vt 0.131666004658 0.858699977398 0.000000000000
vt 0.975154995918 0.483739972115 0.000000000000
vt 0.952768981457 0.096231997013 0.000000000000
vt 0.181336998940 0.491868019104 0.000000000000
vt 0.193237006664 0.599141001701 0.000000000000
vt 0.194769993424 0.591566026211 0.000000000000
vt 0.179686993361 0.491246998310 0.000000000000
vt 0.191486999393 0.784811973572 0.000000000000
vt 0.192258998752 0.779787003994 0.000000000000
vt 0.192258998752 0.788332998753 0.000000000000
vt 0.167796999216 0.489853978157 0.000000000000
vt 0.002095999895 0.477411031723 0.000000000000
vt 0.185504004359 0.481729984283 0.000000000000
vt 0.975033998489 0.475423991680 0.000000000000
vt 0.131897002459 0.858219981194 0.000000000000
vt 0.131897002459 0.849480986595 0.000000000000
vt 0.133594006300 0.852160990238 0.000000000000
vt 0.168158993125 0.487789034843 0.000000000000
vt 0.168427005410 0.492519974709 0.000000000000
vt 0.172224998474 0.487450957298 0.000000000000
vt 0.831776022911 0.384588956833 0.000000000000
vt 0.831776022911 0.380484998226 0.000000000000
vt 0.833612978458 0.384487986565 0.000000000000
vt 0.973375976086 0.470550000668 0.000000000000
vt 0.178563997149 0.487457036972 0.000000000000
vt 0.175311997533 0.486261010170 0.000000000000
vt 0.125435993075 0.855557978153 0.000000000000
vt 0.124477997422 0.859631001949 0.000000000000
vt 0.124477997422 0.852468013763 0.000000000000
vt 0.156984001398 0.468353033066 0.000000000000
vt 0.952760994434 0.075742006302 0.000000000000
vt 0.350309997797 0.853725016117 0.000000000000
vt 0.349011003971 0.860922992229 0.000000000000
vt 0.349011003971 0.850512981415 0.000000000000
vt 0.973451018333 0.463634014130 0.000000000000
vt 0.974961996078 0.463423967361 0.000000000000
vt 0.193281993270 0.554903984070 0.000000000000
vt 0.194740995765 0.556877970695 0.000000000000
vt 0.201201006770 0.582771003246 0.000000000000
vt 0.202720999718 0.569437026978 0.000000000000
vt 0.202480003238 0.597949028015 0.000000000000
vt 0.002185000107 0.452350974083 0.000000000000
vt 0.954425990582 0.079945981503 0.000000000000
vt 0.973385989666 0.456817984581 0.000000000000
vt 0.185657992959 0.474813997746 0.000000000000
vt 0.185663998127 0.467998027802 0.000000000000
vt 0.974918007851 0.457085967064 0.000000000000
vt 0.184552997351 0.447263956070 0.000000000000
vt 0.201358005404 0.555133998394 0.000000000000
vt 0.002240000060 0.426149010658 0.000000000000
vt 0.030799999833 0.452598989010 0.000000000000
vt 0.954445004463 0.054885029793 0.000000000000
vt 0.157046005130 0.448037981987 0.000000000000
vt 0.952766001225 0.054386973381 0.000000000000
vt 0.202715992928 0.549121022224 0.000000000000
vt 0.974693000317 0.425790011883 0.000000000000
vt 0.973156988621 0.425768017769 0.000000000000
vt 0.185730993748 0.436946988106 0.000000000000
vt 0.202647000551 0.523346006870 0.000000000000
vt 0.942794978619 0.198171973228 0.000000000000
vt 0.193237006664 0.524237990379 0.000000000000
vt 0.954460978508 0.028683006763 0.000000000000
vt 0.194572001696 0.525225996971 0.000000000000
vt 0.973070025444 0.414763987064 0.000000000000
vt 0.185758993030 0.425943017006 0.000000000000
vt 0.030869999900 0.421932995319 0.000000000000
vt 0.974587023258 0.415448009968 0.000000000000
vt 0.308234989643 0.852509021759 0.000000000000
vt 0.310362011194 0.828590989113 0.000000000000
vt 0.310429006815 0.853798985481 0.000000000000
vt 0.308266013861 0.901880025864 0.000000000000
vt 0.310322999954 0.921665012836 0.000000000000
vt 0.308234989643 0.920430004597 0.000000000000
vt 0.308405995369 0.937223970890 0.000000000000
vt 0.310351997614 0.936268985271 0.000000000000
vt 0.952758014202 0.028071999550 0.000000000000
vt 0.184615001082 0.399690032005 0.000000000000
vt 0.156875997782 0.422262012959 0.000000000000
vt 0.878768026829 0.133289992809 0.000000000000
vt 0.877884984016 0.162706971169 0.000000000000
vt 0.877641975880 0.132533013821 0.000000000000
vt 0.878840029240 0.194072008133 0.000000000000
vt 0.877794027328 0.197552978992 0.000000000000
vt 0.878818988800 0.234022021294 0.000000000000
vt 0.877641975880 0.239570021629 0.000000000000
vt 0.878960013390 0.257555007935 0.000000000000
vt 0.877641975880 0.258536994457 0.000000000000
vt 0.126701995730 0.422535002232 0.000000000000
vt 0.123464003205 0.421002030373 0.000000000000
vt 0.091854996979 0.422230005264 0.000000000000
vt 0.088058002293 0.420929014683 0.000000000000
vt 0.049837999046 0.421959996223 0.000000000000
vt 0.176568999887 0.414231002331 0.000000000000
vt 0.129834994674 0.415925979614 0.000000000000
vt 0.016845999286 0.399299979210 0.000000000000
vt 0.127019003034 0.414963006973 0.000000000000
vt 0.099352002144 0.399399995804 0.000000000000
vt 0.046978998929 0.399358987808 0.000000000000
vt 0.972949981689 0.399302005768 0.000000000000
vt 0.974463999271 0.399078011513 0.000000000000
vt 0.185803994536 0.410480976105 0.000000000000
vt 0.155949994922 0.415883004665 0.000000000000
vt 0.167890995741 0.414978027344 0.000000000000
vt 0.157484993339 0.414538979530 0.000000000000
vt 0.146213993430 0.415051996708 0.000000000000
vt 0.389739990234 0.846915006638 0.000000000000
vt 0.391007006168 0.863306999207 0.000000000000
vt 0.172775998712 0.413609027863 0.000000000000
vt 0.367642998695 0.823032975197 0.000000000000
vt 0.367394000292 0.825250983238 0.000000000000
vt 0.359997987747 0.820509016514 0.000000000000
vt 0.177036002278 0.407487988472 0.000000000000
vt 0.125063002110 0.405299007893 0.000000000000
vt 0.856725990772 0.384938001633 0.000000000000
vt 0.856725990772 0.375077962875 0.000000000000
vt 0.858520984650 0.382591009140 0.000000000000
vt 0.073850996792 0.398310005665 0.000000000000
vt 0.141203999519 0.399605989456 0.000000000000
vt 0.972930014133 0.387269973755 0.000000000000
vt 0.185855999589 0.398447990417 0.000000000000
vt 0.952708005905 0.005116999149 0.000000000000
vt 0.954420983791 0.000759005547 0.000000000000
vt 0.161253005266 0.406175017357 0.000000000000
vt 0.167594999075 0.404042005539 0.000000000000
vt 0.171798005700 0.406728029251 0.000000000000
vt 0.002313999925 0.398225009441 0.000000000000
vt 0.135075002909 0.404093027115 0.000000000000
vt 0.153309002519 0.404641032219 0.000000000000
vt 0.974422991276 0.386602997780 0.000000000000
vt 0.952803015709 0.000000000000 0.000000000000
vt 0.166499003768 0.398445010185 0.000000000000
vt 0.847687005997 0.768748998642 0.000000000000
vt 0.848479986191 0.761602997780 0.000000000000
vt 0.851004004478 0.762682974339 0.000000000000
vt 0.158627003431 0.405550003052 0.000000000000
vt 0.158218994737 0.398362994194 0.000000000000
vt 0.330332010984 0.852820992470 0.000000000000
vt 0.332010000944 0.850867986679 0.000000000000
vt 0.332010000944 0.857059001923 0.000000000000
vt 0.164796993136 0.398041963577 0.000000000000
vt 0.124995000660 0.398277997971 0.000000000000
vt 0.098815999925 0.398221969604 0.000000000000
vt 0.045823998749 0.398105025291 0.000000000000
vt 0.016191000119 0.398041963577 0.000000000000
vt 0.840391993523 0.356333971024 0.000000000000
vt 0.841895997524 0.357295036316 0.000000000000
vt 0.842077970505 0.376652002335 0.000000000000
vt 0.840828001499 0.378352999687 0.000000000000
vt 0.850036978722 0.761079013348 0.000000000000
vt 0.906252980232 0.767054975033 0.000000000000
vt 0.907763004303 0.767273008823 0.000000000000
vt 0.902997016907 0.800153970718 0.000000000000
vt 0.902487993240 0.793145000935 0.000000000000
vt 0.899209976196 0.816105008125 0.000000000000
vt 0.899296998978 0.826070010662 0.000000000000
vt 0.892293989658 0.864114999771 0.000000000000
vt 0.895958006382 0.850814998150 0.000000000000
vt 0.891752004623 0.878522992134 0.000000000000
vt 0.889017999172 0.887134015560 0.000000000000
vt 0.887539982796 0.907855987549 0.000000000000
vt 0.885722994804 0.909825026989 0.000000000000
vt 0.884024977684 0.922592997551 0.000000000000
vt 0.885753989220 0.921621024609 0.000000000000
vt 0.924907982349 0.872014999390 0.000000000000
vt 0.907854974270 0.859300017357 0.000000000000
vt 0.977612972260 0.750092029572 0.000000000000
vt 0.058766998351 0.783511996269 0.000000000000
vt 0.063303999603 0.759235024452 0.000000000000
vt 0.082805998623 0.783604025841 0.000000000000
vt 0.043072000146 0.759203016758 0.000000000000
vt 0.006269999780 0.777315020561 0.000000000000
vt 0.163497000933 0.783797025681 0.000000000000
vt 0.165480002761 0.759495973587 0.000000000000
vt 0.184062004089 0.783765017986 0.000000000000
vt 0.133267000318 0.769663989544 0.000000000000
vt 0.152495995164 0.783847987652 0.000000000000
vt 0.134395003319 0.783740997314 0.000000000000
vt 0.184085994959 0.759561002254 0.000000000000
vt 0.119459003210 0.783798992634 0.000000000000
vt 0.106802001595 0.783591985703 0.000000000000
vt 0.185035005212 0.761285007000 0.000000000000
vt 0.114032998681 0.759335994720 0.000000000000
vt 0.093330003321 0.770577013493 0.000000000000
vt 0.988135993481 0.757342994213 0.000000000000
vt 0.202221006155 0.749475002289 0.000000000000
vt 0.202828004956 0.748475015163 0.000000000000
vt 0.202828004956 0.762283027172 0.000000000000
vt 0.111855000257 0.853422999382 0.000000000000
vt 0.113338999450 0.853468000889 0.000000000000
vt 0.113214001060 0.859598994255 0.000000000000
vt 0.079641997814 0.759271025658 0.000000000000
vt 0.113338999450 0.850062012672 0.000000000000
vt 0.007406000048 0.763508021832 0.000000000000
vt 0.006771999877 0.764505982399 0.000000000000
vt 0.142761006951 0.759380996227 0.000000000000
vt 0.024202000350 0.759090006351 0.000000000000
vt 0.150169998407 0.852846980095 0.000000000000
vt 0.150169998407 0.855260014534 0.000000000000
vt 0.148407995701 0.854683995247 0.000000000000
vt 0.340153992176 0.826637029648 0.000000000000
vt 0.330139994621 0.826677024364 0.000000000000
vt 0.987303972244 0.745757997036 0.000000000000
vt 0.987909018993 0.726930975914 0.000000000000
vt 0.978596985340 0.724198997021 0.000000000000
vt 0.877641975880 0.260800004005 0.000000000000
vt 0.882301986217 0.258536994457 0.000000000000
vt 0.878325998783 0.267928004265 0.000000000000
vt 0.878054022789 0.288094043732 0.000000000000
vt 0.878172993660 0.347872972488 0.000000000000
vt 0.186408996582 0.903818011284 0.000000000000
vt 0.766080975533 0.848267018795 0.000000000000
vt 0.768033027649 0.829837977886 0.000000000000
vt 0.767940998077 0.856226980686 0.000000000000
vt 0.766165018082 0.827076971531 0.000000000000
vt 0.768042981625 0.801605999470 0.000000000000
vt 0.766103029251 0.794533014297 0.000000000000
vt 0.766242980957 0.770572006702 0.000000000000
vt 0.769460976124 0.774893999100 0.000000000000
vt 0.768957972527 0.771944999695 0.000000000000
vt 0.987896025181 0.708967983723 0.000000000000
vt 0.768326997757 0.882295012474 0.000000000000
vt 0.796195983887 0.882646024227 0.000000000000
vt 0.792025983334 0.884274005890 0.000000000000
vt 0.978595972061 0.702919006348 0.000000000000
vt 0.767974019051 0.770035028458 0.000000000000
vt 0.804194986820 0.771851003170 0.000000000000
vt 0.987278997898 0.690585970879 0.000000000000
vt 0.978353023529 0.685907006264 0.000000000000
vt 0.989957988262 0.680926024914 0.000000000000
vt 0.809123992920 0.770012021065 0.000000000000
vt 0.988350987434 0.675796985626 0.000000000000
vt 0.184668004513 0.898550987244 0.000000000000
vt 0.186142995954 0.897414028645 0.000000000000
vt 0.186318993568 0.903679013252 0.000000000000
vt 0.808223009109 0.884284973145 0.000000000000
vt 0.187197998166 0.855360984802 0.000000000000
vt 0.977626025677 0.667374014854 0.000000000000
vt 0.184856995940 0.854541003704 0.000000000000
vt 0.186188995838 0.859359979630 0.000000000000
vt 0.978146016598 0.652660012245 0.000000000000
vt 0.837876021862 0.884325981140 0.000000000000
vt 0.845623016357 0.882637023926 0.000000000000
vt 0.187049001455 0.833759009838 0.000000000000
vt 0.841780006886 0.770045995712 0.000000000000
vt 0.860077977180 0.310027003288 0.000000000000
vt 0.582688987255 0.806838989258 0.000000000000
vt 0.583241999149 0.797667980194 0.000000000000
vt 0.589735984802 0.836878001690 0.000000000000
vt 0.110463999212 0.901453018188 0.000000000000
vt 0.109347000718 0.911944985390 0.000000000000
vt 0.109154999256 0.902652025223 0.000000000000
vt 0.860157012939 0.884368002415 0.000000000000
vt 0.577663004398 0.768787026405 0.000000000000
vt 0.109154999256 0.880755007267 0.000000000000
vt 0.186259999871 0.827045977116 0.000000000000
vt 0.110584996641 0.880298018456 0.000000000000
vt 0.184933006763 0.828260004520 0.000000000000
vt 0.580111980438 0.770376026630 0.000000000000
vt 0.877472996712 0.882166028023 0.000000000000
vt 0.880276024342 0.869584023952 0.000000000000
vt 0.879769980907 0.884046971798 0.000000000000
vt 0.324965000153 0.861890017986 0.000000000000
vt 0.323915988207 0.874644994736 0.000000000000
vt 0.323516011238 0.855315983295 0.000000000000
vt 0.184898003936 0.803158998489 0.000000000000
vt 0.597608983517 0.883729994297 0.000000000000
vt 0.594713985920 0.768787026405 0.000000000000
vt 0.110440999269 0.863817989826 0.000000000000
vt 0.109160996974 0.863875985146 0.000000000000
vt 0.186290994287 0.802846014500 0.000000000000
vt 0.192458003759 0.811318993568 0.000000000000
vt 0.196279004216 0.823229014874 0.000000000000
vt 0.192550003529 0.821152985096 0.000000000000
vt 0.196849003434 0.783739984035 0.000000000000
vt 0.192652001977 0.796940982342 0.000000000000
vt 0.192433997989 0.779787003994 0.000000000000
vt 0.109154999256 0.850678026676 0.000000000000
vt 0.094538003206 0.590466976166 0.000000000000
vt 0.179083004594 0.585596024990 0.000000000000
vt 0.175861999393 0.593752980232 0.000000000000
vt 0.114350996912 0.586982011795 0.000000000000
vt 0.091146998107 0.586933016777 0.000000000000
vt 0.071782000363 0.586624026299 0.000000000000
vt 0.113990001380 0.584143996239 0.000000000000
vt 0.113891996443 0.582445979118 0.000000000000
vt 0.170799002051 0.585157990456 0.000000000000
vt 0.114108003676 0.851701021194 0.000000000000
vt 0.115919001400 0.850062012672 0.000000000000
vt 0.115919001400 0.858111023903 0.000000000000
vt 0.073360003531 0.582293987274 0.000000000000
vt 0.110437996686 0.830002009869 0.000000000000
vt 0.186318993568 0.785211980343 0.000000000000
vt 0.988618016243 0.580404996872 0.000000000000
vt 0.988148987293 0.562198996544 0.000000000000
vt 0.989866018295 0.562458992004 0.000000000000
vt 0.148862004280 0.851828992367 0.000000000000
vt 0.151967003942 0.846096992493 0.000000000000
vt 0.151967003942 0.852846980095 0.000000000000
vt 0.714128971100 0.384636044502 0.000000000000
vt 0.711198985577 0.383356988430 0.000000000000
vt 0.714128971100 0.381093978882 0.000000000000
vt 0.976926982403 0.553380012512 0.000000000000
vt 0.988808989525 0.535095989704 0.000000000000
vt 0.583261013031 0.855614006519 0.000000000000
vt 0.580982029438 0.848810017109 0.000000000000
vt 0.583261013031 0.847535014153 0.000000000000
vt 0.202511996031 0.474444031715 0.000000000000
vt 0.197474002838 0.666639983654 0.000000000000
vt 0.869077980518 0.338559031487 0.000000000000
vt 0.870389997959 0.349735975266 0.000000000000
vt 0.870328009129 0.365921020508 0.000000000000
vt 0.169707000256 0.563643991947 0.000000000000
vt 0.839312016964 0.132349967957 0.000000000000
vt 0.818121016026 0.132413983345 0.000000000000
vt 0.833832979202 0.130527019501 0.000000000000
vt 0.130089998245 0.849480986595 0.000000000000
vt 0.130089998245 0.862451970577 0.000000000000
vt 0.128834992647 0.862003028393 0.000000000000
vt 0.882173001766 0.132117033005 0.000000000000
vt 0.868121981621 0.132533013821 0.000000000000
vt 0.805518984795 0.131608963013 0.000000000000
vt 0.796225011349 0.132173001766 0.000000000000
vt 0.870387971401 0.336270987988 0.000000000000
vt 0.880801975727 0.110193967819 0.000000000000
vt 0.976559996605 0.536936998367 0.000000000000
vt 0.121537998319 0.847477018833 0.000000000000
vt 0.125435993075 0.847566008568 0.000000000000
vt 0.122863002121 0.850564002991 0.000000000000
vt 0.347487986088 0.838856995106 0.000000000000
vt 0.349974006414 0.837808012962 0.000000000000
vt 0.350039005280 0.831475973129 0.000000000000
vt 0.978255987167 0.521575987339 0.000000000000
vt 0.870389997959 0.310027003288 0.000000000000
vt 0.198522999883 0.641511976719 0.000000000000
vt 0.987962007523 0.510291993618 0.000000000000
vt 0.989893019199 0.506564974785 0.000000000000
vt 0.198611006141 0.606525003910 0.000000000000
vt 0.882535994053 0.106878995895 0.000000000000
vt 0.882510006428 0.084164977074 0.000000000000
vt 0.710340023041 0.343439996243 0.000000000000
vt 0.708593010902 0.337967991829 0.000000000000
vt 0.711354017258 0.307990014553 0.000000000000
vt 0.988834977150 0.498401999474 0.000000000000
vt 0.344307005405 0.918329000473 0.000000000000
vt 0.344283998013 0.911818027496 0.000000000000
vt 0.345705986023 0.911283016205 0.000000000000
vt 0.709775984287 0.299296021461 0.000000000000
vt 0.880698025227 0.079832017422 0.000000000000
vt 0.941915988922 0.894384026527 0.000000000000
vt 0.943265020847 0.893507003784 0.000000000000
vt 0.943170011044 0.902544021606 0.000000000000
vt 0.882492005825 0.064846992493 0.000000000000
vt 0.943215012550 0.879314005375 0.000000000000
vt 0.344289004803 0.895256996155 0.000000000000
vt 0.941797018051 0.878148972988 0.000000000000
vt 0.345593988895 0.880779981613 0.000000000000
vt 0.344283998013 0.886940002441 0.000000000000
vt 0.880770027637 0.034639000893 0.000000000000
vt 0.943225979805 0.858824014664 0.000000000000
vt 0.882513999939 0.040004968643 0.000000000000
vt 0.344339996576 0.874939978123 0.000000000000
vt 0.941516995430 0.852355003357 0.000000000000
vt 0.178628996015 0.823276996613 0.000000000000
vt 0.710439026356 0.279281973839 0.000000000000
vt 0.768216013908 0.041208982468 0.000000000000
vt 0.769994974136 0.020217001438 0.000000000000
vt 0.882535994053 0.020709991455 0.000000000000
vt 0.941947996616 0.837665975094 0.000000000000
vt 0.943260014057 0.837468028069 0.000000000000
vt 0.344316989183 0.868601977825 0.000000000000
vt 0.344312012196 0.837303996086 0.000000000000
vt 0.880792021751 0.003295004368 0.000000000000
vt 0.345618009567 0.837602972984 0.000000000000
vt 0.941895008087 0.811913013458 0.000000000000
vt 0.344395011663 0.826963007450 0.000000000000
vt 0.192252993584 0.799633026123 0.000000000000
vt 0.191954001784 0.796618998051 0.000000000000
vt 0.192252993584 0.795282006264 0.000000000000
vt 0.867168009281 0.310027003288 0.000000000000
vt 0.308510988951 0.826963007450 0.000000000000
vt 0.943265020847 0.811154007912 0.000000000000
vt 0.941857993603 0.797801017761 0.000000000000
vt 0.882293999195 0.167003989220 0.000000000000
vt 0.881838023663 0.184895992279 0.000000000000
vt 0.882335007191 0.223209023476 0.000000000000
vt 0.367642998695 0.773478984833 0.000000000000
vt 0.366995990276 0.777265012264 0.000000000000
vt 0.359871000051 0.780981004238 0.000000000000
vt 0.807271003723 0.770012021065 0.000000000000
vt 0.808749973774 0.761713027954 0.000000000000
vt 0.814015984535 0.770012021065 0.000000000000
vt 0.193237006664 0.711742997169 0.000000000000
vt 0.193237006664 0.704015016556 0.000000000000
vt 0.200928002596 0.703342020512 0.000000000000
vt 0.943257987499 0.788197994232 0.000000000000
vt 0.202047005296 0.773478984833 0.000000000000
vt 0.202944993973 0.780746996403 0.000000000000
vt 0.850340008736 0.768984019756 0.000000000000
vt 0.753314018250 0.797592997551 0.000000000000
vt 0.764367997646 0.796748995781 0.000000000000
vt 0.753035008907 0.807615995407 0.000000000000
vt 0.941561996937 0.784322977066 0.000000000000
vt 0.975670993328 0.392946004868 0.000000000000
vt 0.943045020103 0.783082008362 0.000000000000
vt 0.976658999920 0.387867987156 0.000000000000
vt 0.140897005796 0.854834973812 0.000000000000
vt 0.140897005796 0.852886021137 0.000000000000
vt 0.142762005329 0.854510009289 0.000000000000
vt 0.385993003845 0.863515973091 0.000000000000
vt 0.387351989746 0.837190985680 0.000000000000
vt 0.387364000082 0.859400987625 0.000000000000
vt 0.901319026947 0.793848991394 0.000000000000
vt 0.904631018639 0.771050989628 0.000000000000
vt 0.897269010544 0.820078015327 0.000000000000
vt 0.891867995262 0.859537005424 0.000000000000
vt 0.882757008076 0.920921981335 0.000000000000
vt 0.885295987129 0.905048012733 0.000000000000
vt 0.838185012341 0.358286976814 0.000000000000
vt 0.839406013489 0.376546978951 0.000000000000
vt 0.387364000082 0.865242004395 0.000000000000
vt 0.202040001750 0.743754029274 0.000000000000
vt 0.202828004956 0.730898022652 0.000000000000
vt 0.809924006462 0.376953959465 0.000000000000
vt 0.812240004539 0.378903985023 0.000000000000
vt 0.165934994817 0.823276996613 0.000000000000
vt 0.854247987270 0.341998994350 0.000000000000
vt 0.966489970684 0.783111989498 0.000000000000
vt 0.949424982071 0.782922983170 0.000000000000
vt 0.979793012142 0.748549997807 0.000000000000
vt 0.334329992533 0.822769999504 0.000000000000
vt 0.124408997595 0.856545984745 0.000000000000
vt 0.123069003224 0.854588985443 0.000000000000
vt 0.124408997595 0.852468013763 0.000000000000
vt 0.878067016602 0.329342007637 0.000000000000
vt 0.877656996250 0.367439985275 0.000000000000
vt 0.766138017178 0.884368002415 0.000000000000
vt 0.197209998965 0.906364977360 0.000000000000
vt 0.197444006801 0.883638024330 0.000000000000
vt 0.201312005520 0.904887974262 0.000000000000
vt 0.979200005531 0.673200011253 0.000000000000
vt 0.201447993517 0.857676982880 0.000000000000
vt 0.950123012066 0.692189991474 0.000000000000
vt 0.725391983986 0.298442959785 0.000000000000
vt 0.725865006447 0.291310012341 0.000000000000
vt 0.725865006447 0.304257035255 0.000000000000
vt 0.201076000929 0.836342990398 0.000000000000
vt 0.201256006956 0.818728029728 0.000000000000
vt 0.325515002012 0.891871988773 0.000000000000
vt 0.324165999889 0.911823987961 0.000000000000
vt 0.323810994625 0.890639007092 0.000000000000
vt 0.597626984119 0.769856989384 0.000000000000
vt 0.595353007317 0.768787026405 0.000000000000
vt 0.595417976379 0.801352024078 0.000000000000
vt 0.597389996052 0.818812012672 0.000000000000
vt 0.325515002012 0.846929013729 0.000000000000
vt 0.324602007866 0.826963007450 0.000000000000
vt 0.977330982685 0.603673994541 0.000000000000
vt 0.977073013783 0.587195992470 0.000000000000
vt 0.978502988815 0.583799004555 0.000000000000
vt 0.192425996065 0.880342006683 0.000000000000
vt 0.196429997683 0.886242985725 0.000000000000
vt 0.192258998752 0.892027974129 0.000000000000
vt 0.988665997982 0.605506002903 0.000000000000
vt 0.987210988998 0.581467986107 0.000000000000
vt 0.197989001870 0.463896989822 0.000000000000
vt 0.198137000203 0.483152985573 0.000000000000
vt 0.198366999626 0.506731987000 0.000000000000
vt 0.197394996881 0.637506008148 0.000000000000
vt 0.721040010452 0.369922995567 0.000000000000
vt 0.707819998264 0.369922995567 0.000000000000
vt 0.709837019444 0.368470013142 0.000000000000
vt 0.978213012218 0.540592014790 0.000000000000
vt 0.125435993075 0.852468013763 0.000000000000
vt 0.839043974876 0.768571019173 0.000000000000
vt 0.814306974411 0.767225027084 0.000000000000
vt 0.819393992424 0.767302989960 0.000000000000
vt 0.348421007395 0.832166016102 0.000000000000
vt 0.725115001202 0.280773043633 0.000000000000
vt 0.830649971962 0.760411024094 0.000000000000
vt 0.394813001156 0.842387974262 0.000000000000
vt 0.977892994881 0.505739986897 0.000000000000
vt 0.197558000684 0.606001019478 0.000000000000
vt 0.976520001888 0.499752998352 0.000000000000
vt 0.987213015556 0.485324978828 0.000000000000
vt 0.988701999187 0.482167959213 0.000000000000
vt 0.172903001308 0.498998999596 0.000000000000
vt 0.178342998028 0.496325969696 0.000000000000
vt 0.198465004563 0.573440015316 0.000000000000
vt 0.768115997314 0.001700997353 0.000000000000
vt 0.988359987736 0.456372976303 0.000000000000
vt 0.987192988396 0.442079007626 0.000000000000
vt 0.988900005817 0.441684961319 0.000000000000
vt 0.987429022789 0.427635014057 0.000000000000
vt 0.988849997520 0.415930986404 0.000000000000
vt 0.197570994496 0.526347994804 0.000000000000
vt 0.198519006371 0.553532004356 0.000000000000
vt 0.882260024548 0.000903010368 0.000000000000
vt 0.770528018475 0.002707004547 0.000000000000
vt 0.855238974094 0.002353012562 0.000000000000
vt 0.824763000011 0.002393007278 0.000000000000
vt 0.833594977856 0.000535011292 0.000000000000
vt 0.805868983269 0.002449989319 0.000000000000
vt 0.809983015060 0.000669002533 0.000000000000
vt 0.787319004536 0.002395987511 0.000000000000
vt 0.786798000336 0.000514984131 0.000000000000
vt 0.769411981106 0.000721991062 0.000000000000
vt 0.767250001431 0.000000000000 0.000000000000
vt 0.881694018841 0.134562969208 0.000000000000
vt 0.882254004478 0.151813030243 0.000000000000
vt 0.881951987743 0.201608002186 0.000000000000
vt 0.882241010666 0.241855978966 0.000000000000
vt 0.977274000645 0.418516993523 0.000000000000
vt 0.977181971073 0.403311967850 0.000000000000
vt 0.753268003464 0.760888993740 0.000000000000
vt 0.753035008907 0.755658984184 0.000000000000
vt 0.763520002365 0.769509971142 0.000000000000
vt 0.825785994530 0.761636972427 0.000000000000
vt 0.825785994530 0.768582999706 0.000000000000
vt 0.821788012981 0.762823998928 0.000000000000
vt 0.753087997437 0.779365003109 0.000000000000
vt 0.753319025040 0.774051010609 0.000000000000
vt 0.766059994698 0.783205986023 0.000000000000
vt 0.382283002138 0.854707002640 0.000000000000
vt 0.380630999804 0.855629026890 0.000000000000
vt 0.380630999804 0.853708982468 0.000000000000
vt 0.885242998600 0.894150018692 0.000000000000
vt 0.889096975327 0.866912007332 0.000000000000
vt 0.881440997124 0.920817971230 0.000000000000
vt 0.336935997009 0.819984018803 0.000000000000
vt 0.855637013912 0.313650012016 0.000000000000
vt 0.878152012825 0.309414982796 0.000000000000
vt 0.197492003441 0.906892001629 0.000000000000
vt 0.363148987293 0.826391994953 0.000000000000
vt 0.365121990442 0.825250983238 0.000000000000
vt 0.363233000040 0.862492978573 0.000000000000
vt 0.365267992020 0.861364006996 0.000000000000
vt 0.364715009928 0.887934029102 0.000000000000
vt 0.363148987293 0.883683025837 0.000000000000
vt 0.363287001848 0.916226983070 0.000000000000
vt 0.365096986294 0.916203975677 0.000000000000
vt 0.363200008869 0.940186977386 0.000000000000
vt 0.403443008661 0.932834029198 0.000000000000
vt 0.401555001736 0.933593988419 0.000000000000
vt 0.403284013271 0.931105017662 0.000000000000
vt 0.400709986687 0.911041975021 0.000000000000
vt 0.186642006040 0.877182006836 0.000000000000
vt 0.201332002878 0.882094025612 0.000000000000
vt 0.403286993504 0.889953970909 0.000000000000
vt 0.176503002644 0.938699007034 0.000000000000
vt 0.176396995783 0.912809014320 0.000000000000
vt 0.178498998284 0.939728975296 0.000000000000
vt 0.178628996015 0.908056974411 0.000000000000
vt 0.401183992624 0.891165018082 0.000000000000
vt 0.178356006742 0.880532979965 0.000000000000
vt 0.176460996270 0.896611988544 0.000000000000
vt 0.987110018730 0.653047978878 0.000000000000
vt 0.988665997982 0.631787002087 0.000000000000
vt 0.176598995924 0.866959989071 0.000000000000
vt 0.401398986578 0.863241970539 0.000000000000
vt 0.403365999460 0.857297003269 0.000000000000
vt 0.978918015957 0.632018029690 0.000000000000
vt 0.977385997772 0.624828994274 0.000000000000
vt 0.401217997074 0.841823995113 0.000000000000
vt 0.176689997315 0.844678997993 0.000000000000
vt 0.178251996636 0.839489996433 0.000000000000
vt 0.403517991304 0.818915009499 0.000000000000
vt 0.186408996582 0.803893983364 0.000000000000
vt 0.978815019131 0.606509983540 0.000000000000
vt 0.187237992883 0.781602978706 0.000000000000
vt 0.987125992775 0.622771024704 0.000000000000
vt 0.987168014050 0.604972004890 0.000000000000
vt 0.176396995783 0.825062990189 0.000000000000
vt 0.178593993187 0.823276996613 0.000000000000
vt 0.597688019276 0.848801016808 0.000000000000
vt 0.595423996449 0.824642002583 0.000000000000
vt 0.595363974571 0.848519027233 0.000000000000
vt 0.596796989441 0.863747000694 0.000000000000
vt 0.162955999374 0.837278008461 0.000000000000
vt 0.165590003133 0.835344016552 0.000000000000
vt 0.165590003133 0.857104003429 0.000000000000
vt 0.201617002487 0.801136016846 0.000000000000
vt 0.196446001530 0.799399971962 0.000000000000
vt 0.196224004030 0.781589984894 0.000000000000
vt 0.196889996529 0.838627994061 0.000000000000
vt 0.196669995785 0.902450978756 0.000000000000
vt 0.192312002182 0.905194997787 0.000000000000
vt 0.978555023670 0.571702003479 0.000000000000
vt 0.978707015514 0.554274976254 0.000000000000
vt 0.986840009689 0.550572991371 0.000000000000
vt 0.392320007086 0.852288007736 0.000000000000
vt 0.395619004965 0.850594997406 0.000000000000
vt 0.198096007109 0.421654999256 0.000000000000
vt 0.395054996014 0.823616981506 0.000000000000
vt 0.389279007912 0.820209026337 0.000000000000
vt 0.198580995202 0.665789008141 0.000000000000
vt 0.202720999718 0.667676985264 0.000000000000
vt 0.182404994965 0.801602005959 0.000000000000
vt 0.184269994497 0.827288985252 0.000000000000
vt 0.182133004069 0.830412983894 0.000000000000
vt 0.182278007269 0.851602971554 0.000000000000
vt 0.181704998016 0.864202976227 0.000000000000
vt 0.184214994311 0.870580017567 0.000000000000
vt 0.181968003511 0.873499989510 0.000000000000
vt 0.181606993079 0.888278007507 0.000000000000
vt 0.184668004513 0.899065971375 0.000000000000
vt 0.182236000896 0.901489973068 0.000000000000
vt 0.184441998601 0.902764022350 0.000000000000
vt 0.367642998695 0.906670987606 0.000000000000
vt 0.367895007133 0.881434023380 0.000000000000
vt 0.369309991598 0.907068014145 0.000000000000
vt 0.849237024784 0.384755969048 0.000000000000
vt 0.850202023983 0.380581974983 0.000000000000
vt 0.851307988167 0.383076012135 0.000000000000
vt 0.763176977634 0.937804996967 0.000000000000
vt 0.761269986629 0.907971978188 0.000000000000
vt 0.763064026833 0.905839979649 0.000000000000
vt 0.369715988636 0.882951974869 0.000000000000
vt 0.986904978752 0.526423990726 0.000000000000
vt 0.978890001774 0.517359018326 0.000000000000
vt 0.367823988199 0.858720004559 0.000000000000
vt 0.369695991278 0.854870021343 0.000000000000
vt 0.761595010757 0.876818001270 0.000000000000
vt 0.987360000610 0.503736972809 0.000000000000
vt 0.763127028942 0.867150008678 0.000000000000
vt 0.369619011879 0.831820011139 0.000000000000
vt 0.367785006762 0.839402019978 0.000000000000
vt 0.976155996323 0.469251990318 0.000000000000
vt 0.977865993977 0.473621964455 0.000000000000
vt 0.367799013853 0.814559996128 0.000000000000
vt 0.761270999908 0.838578999043 0.000000000000
vt 0.368752986193 0.811653017998 0.000000000000
vt 0.950049996376 0.467064976692 0.000000000000
vt 0.763176977634 0.847123980522 0.000000000000
vt 0.986838996410 0.469666004181 0.000000000000
vt 0.977469027042 0.443464040756 0.000000000000
vt 0.763091981411 0.807617008686 0.000000000000
vt 0.367812991142 0.795265018940 0.000000000000
vt 0.975821018219 0.426077008247 0.000000000000
vt 0.198502004147 0.525330007076 0.000000000000
vt 0.367642998695 0.775457024574 0.000000000000
vt 0.370543003082 0.776162981987 0.000000000000
vt 0.765402972698 0.858227014542 0.000000000000
vt 0.763719975948 0.832759976387 0.000000000000
vt 0.766059994698 0.809570014477 0.000000000000
vt 0.763688981533 0.862456023693 0.000000000000
vt 0.765464007854 0.881842017174 0.000000000000
vt 0.763176977634 0.899484992027 0.000000000000
vt 0.765094995499 0.905023992062 0.000000000000
vt 0.765330016613 0.922415018082 0.000000000000
vt 0.763303995132 0.924546003342 0.000000000000
vt 0.881931006908 0.256274998188 0.000000000000
vt 0.355841010809 0.814047992229 0.000000000000
vt 0.366484999657 0.803829014301 0.000000000000
vt 0.366769999266 0.792558014393 0.000000000000
vt 0.357192993164 0.787401020527 0.000000000000
vt 0.966476976871 0.385082960129 0.000000000000
vt 0.756637990475 0.771400988102 0.000000000000
vt 0.760981023312 0.802784979343 0.000000000000
vt 0.987379014492 0.402758002281 0.000000000000
vt 0.988627970219 0.388342022896 0.000000000000
vt 0.988821983337 0.401820003986 0.000000000000
vt 0.819393992424 0.768248975277 0.000000000000
vt 0.905521988869 0.765286982059 0.000000000000
vt 0.904693007469 0.760280013084 0.000000000000
vt 0.906612992287 0.759599983692 0.000000000000
vt 0.837140977383 0.369153022766 0.000000000000
vt 0.903447985649 0.763984024525 0.000000000000
vt 0.900942027569 0.785040974617 0.000000000000
vt 0.897368013859 0.809490025043 0.000000000000
vt 0.893823027611 0.834064006805 0.000000000000
vt 0.821478009224 0.371466040611 0.000000000000
vt 0.818827986717 0.367745995522 0.000000000000
vt 0.166380003095 0.801470994949 0.000000000000
vt 0.856725990772 0.316545963287 0.000000000000
vt 0.877957999706 0.382230997086 0.000000000000
vt 0.654377996922 0.878952980042 0.000000000000
vt 0.669777989388 0.877590000629 0.000000000000
vt 0.674305975437 0.878982007504 0.000000000000
vt 0.365007013083 0.941520988941 0.000000000000
vt 0.949386000633 0.703495025635 0.000000000000
vt 0.601579010487 0.856131970882 0.000000000000
vt 0.601661980152 0.831714987755 0.000000000000
vt 0.602555990219 0.842480003834 0.000000000000
vt 0.986724972725 0.642527997494 0.000000000000
vt 0.602689027786 0.791414976120 0.000000000000
vt 0.601671993732 0.792765974998 0.000000000000
vt 0.601980984211 0.775173008442 0.000000000000
vt 0.594713985920 0.782091975212 0.000000000000
vt 0.202030003071 0.784749984741 0.000000000000
vt 0.201324999332 0.781926989555 0.000000000000
vt 0.949266016483 0.590093016624 0.000000000000
vt 0.619261980057 0.140170991421 0.000000000000
vt 0.604259014130 0.140457987785 0.000000000000
vt 0.605709016323 0.139312982559 0.000000000000
vt 0.197756007314 0.445397019386 0.000000000000
vt 0.352719008923 0.860050022602 0.000000000000
vt 0.351172000170 0.846074998379 0.000000000000
vt 0.352719008923 0.844919025898 0.000000000000
vt 0.987155973911 0.540067017078 0.000000000000
vt 0.583261013031 0.861245989799 0.000000000000
vt 0.583261013031 0.836878001690 0.000000000000
vt 0.585560023785 0.860750973225 0.000000000000
vt 0.605812013149 0.111805021763 0.000000000000
vt 0.606935024261 0.105796992779 0.000000000000
vt 0.608002007008 0.135636985302 0.000000000000
vt 0.819049000740 0.762980997562 0.000000000000
vt 0.724913001060 0.084151983261 0.000000000000
vt 0.726037025452 0.081194996834 0.000000000000
vt 0.726004004478 0.116181015968 0.000000000000
vt 0.949275970459 0.486360013485 0.000000000000
vt 0.197456002235 0.583006978035 0.000000000000
vt 0.198060005903 0.561757028103 0.000000000000
vt 0.198436006904 0.546037971973 0.000000000000
vt 0.605395019054 0.019850015640 0.000000000000
vt 0.607761979103 0.005450010300 0.000000000000
vt 0.606871008873 0.036405026913 0.000000000000
vt 0.724195003510 0.005231976509 0.000000000000
vt 0.725923001766 0.000000000000 0.000000000000
vt 0.725960016251 0.028201997280 0.000000000000
vt 0.126872003078 0.857587993145 0.000000000000
vt 0.126872003078 0.841459989548 0.000000000000
vt 0.128834992647 0.843048989773 0.000000000000
vt 0.370489001274 0.773479998112 0.000000000000
vt 0.763176977634 0.807615995407 0.000000000000
vt 0.949180006981 0.404201030731 0.000000000000
vt 0.987323999405 0.388090014458 0.000000000000
vt 0.838006973267 0.378476977348 0.000000000000
vt 0.950429022312 0.385079026222 0.000000000000
vt 0.871208012104 0.362030029297 0.000000000000
vt 0.870391011238 0.359959959984 0.000000000000
vt 0.871685981750 0.344265997410 0.000000000000
vt 0.856725990772 0.342397987843 0.000000000000
vt 0.949391007423 0.768271982670 0.000000000000
vt 0.986211001873 0.749143004417 0.000000000000
vt 0.870391011238 0.334676980972 0.000000000000
vt 0.334060996771 0.820285022259 0.000000000000
vt 0.332874000072 0.821866989136 0.000000000000
vt 0.591050028801 0.846852004528 0.000000000000
vt 0.592284977436 0.859242022038 0.000000000000
vt 0.591050028801 0.862621009350 0.000000000000
vt 0.871470987797 0.310027003288 0.000000000000
vt 0.986182987690 0.733373999596 0.000000000000
vt 0.980412006378 0.723903000355 0.000000000000
vt 0.986279010773 0.725012004375 0.000000000000
vt 0.695623993874 0.878903985023 0.000000000000
vt 0.702468991280 0.877533972263 0.000000000000
vt 0.715793013573 0.879014015198 0.000000000000
vt 0.640109002590 0.877460002899 0.000000000000
vt 0.635850012302 0.879046022892 0.000000000000
vt 0.616276979446 0.878796994686 0.000000000000
vt 0.601490020752 0.878925979137 0.000000000000
vt 0.603074014187 0.877050995827 0.000000000000
vt 0.722908020020 0.878064990044 0.000000000000
vt 0.658873021603 0.876702010632 0.000000000000
vt 0.720681011677 0.875712990761 0.000000000000
vt 0.684566974640 0.875779986382 0.000000000000
vt 0.980252027512 0.700078010559 0.000000000000
vt 0.629727005959 0.875589013100 0.000000000000
vt 0.657998979092 0.875393986702 0.000000000000
vt 0.604408979416 0.875250995159 0.000000000000
vt 0.986271977425 0.700598001480 0.000000000000
vt 0.722994983196 0.851428985596 0.000000000000
vt 0.603695988655 0.852693974972 0.000000000000
vt 0.865868985653 0.384531974792 0.000000000000
vt 0.864499986172 0.376138985157 0.000000000000
vt 0.865868985653 0.366147041321 0.000000000000
vt 0.980171978474 0.684471011162 0.000000000000
vt 0.864708006382 0.359106004238 0.000000000000
vt 0.720785021782 0.844040989876 0.000000000000
vt 0.864825010300 0.350932955742 0.000000000000
vt 0.721758008003 0.830859005451 0.000000000000
vt 0.986280977726 0.675390005112 0.000000000000
vt 0.604049980640 0.832818984985 0.000000000000
vt 0.723384022713 0.829609990120 0.000000000000
vt 0.720547020435 0.816519021988 0.000000000000
vt 0.133594006300 0.855822026730 0.000000000000
vt 0.134803995490 0.843424975872 0.000000000000
vt 0.134803995490 0.867094993591 0.000000000000
vt 0.602894008160 0.815414011478 0.000000000000
vt 0.601490020752 0.810382008553 0.000000000000
vt 0.979946970940 0.660800993443 0.000000000000
vt 0.387364000082 0.846984982491 0.000000000000
vt 0.388480007648 0.847714006901 0.000000000000
vt 0.387364000082 0.870051026344 0.000000000000
vt 0.721809029579 0.804598987103 0.000000000000
vt 0.723273992538 0.808008015156 0.000000000000
vt 0.604233026505 0.804898023605 0.000000000000
vt 0.979731023312 0.629905998707 0.000000000000
vt 0.387798011303 0.837190985680 0.000000000000
vt 0.342851012945 0.925350010395 0.000000000000
vt 0.343071997166 0.904708981514 0.000000000000
vt 0.344251990318 0.902593016624 0.000000000000
vt 0.604108989239 0.783478975296 0.000000000000
vt 0.880666017532 0.846943020821 0.000000000000
vt 0.880291998386 0.829899013042 0.000000000000
vt 0.881313979626 0.827189028263 0.000000000000
vt 0.720435023308 0.775478005409 0.000000000000
vt 0.343050003052 0.879200994968 0.000000000000
vt 0.722756028175 0.778140008450 0.000000000000
vt 0.344283998013 0.887786984444 0.000000000000
vt 0.880276024342 0.820829987526 0.000000000000
vt 0.881380975246 0.809390008450 0.000000000000
vt 0.344159990549 0.875612020493 0.000000000000
vt 0.880297005177 0.803973019123 0.000000000000
vt 0.603734016418 0.758783996105 0.000000000000
vt 0.720368981361 0.759262979031 0.000000000000
vt 0.723330974579 0.755852997303 0.000000000000
vt 0.881413996220 0.785885989666 0.000000000000
vt 0.721179008484 0.756304979324 0.000000000000
vt 0.664514005184 0.759133994579 0.000000000000
vt 0.640636026859 0.759051024914 0.000000000000
vt 0.651206970215 0.757650017738 0.000000000000
vt 0.594713985920 0.871999979019 0.000000000000
vt 0.625419974327 0.759869992733 0.000000000000
vt 0.617142975330 0.757499992847 0.000000000000
vt 0.707054972649 0.758273005486 0.000000000000
vt 0.680285990238 0.757327020168 0.000000000000
vt 0.687803983688 0.759164988995 0.000000000000
vt 0.666292011738 0.756438970566 0.000000000000
vt 0.342851012945 0.856489002705 0.000000000000
vt 0.705519974232 0.755984008312 0.000000000000
vt 0.602468013763 0.755963981152 0.000000000000
vt 0.681690990925 0.755797982216 0.000000000000
vt 0.642255008221 0.755658984184 0.000000000000
vt 0.618676006794 0.755846023560 0.000000000000
vt 0.880303025246 0.788824975491 0.000000000000
vt 0.344085007906 0.858444988728 0.000000000000
vt 0.344033002853 0.849283993244 0.000000000000
vt 0.342868000269 0.844393014908 0.000000000000
vt 0.344004005194 0.832758009434 0.000000000000
vt 0.880276024342 0.770012021065 0.000000000000
vt 0.986419022083 0.565598011017 0.000000000000
vt 0.343371003866 0.826963007450 0.000000000000
vt 0.842055022717 0.334856033325 0.000000000000
vt 0.838860988617 0.331380963326 0.000000000000
vt 0.842055022717 0.328101038933 0.000000000000
vt 0.839154005051 0.334854006767 0.000000000000
vt 0.582071006298 0.840297996998 0.000000000000
vt 0.577663004398 0.837104022503 0.000000000000
vt 0.826481997967 0.379812955856 0.000000000000
vt 0.823845982552 0.385035991669 0.000000000000
vt 0.704338014126 0.140013992786 0.000000000000
vt 0.724285006523 0.138527035713 0.000000000000
vt 0.725942015648 0.140457987785 0.000000000000
vt 0.680589973927 0.139456033707 0.000000000000
vt 0.610426008701 0.138014018536 0.000000000000
vt 0.642839014530 0.140053987503 0.000000000000
vt 0.606711983681 0.136170029640 0.000000000000
vt 0.682201027870 0.137421011925 0.000000000000
vt 0.662093997002 0.139984011650 0.000000000000
vt 0.638908982277 0.137315988541 0.000000000000
vt 0.707894027233 0.136184990406 0.000000000000
vt 0.722976028919 0.136143982410 0.000000000000
vt 0.184668004513 0.785211980343 0.000000000000
vt 0.724664986134 0.121146976948 0.000000000000
vt 0.852536976337 0.379233956337 0.000000000000
vt 0.723271012306 0.112025976181 0.000000000000
vt 0.604143023491 0.111325025558 0.000000000000
vt 0.814015984535 0.761636972427 0.000000000000
vt 0.352719008923 0.826963007450 0.000000000000
vt 0.986414015293 0.515739977360 0.000000000000
vt 0.605759978294 0.085844993591 0.000000000000
vt 0.604279994965 0.079819023609 0.000000000000
vt 0.371544003487 0.904245972633 0.000000000000
vt 0.370543003082 0.892624974251 0.000000000000
vt 0.371701985598 0.888516008854 0.000000000000
vt 0.723258018494 0.083944022655 0.000000000000
vt 0.370667010546 0.860507011414 0.000000000000
vt 0.607089996338 0.074643969536 0.000000000000
vt 0.986445009708 0.498297989368 0.000000000000
vt 0.724439024925 0.069521009922 0.000000000000
vt 0.723185002804 0.060895025730 0.000000000000
vt 0.371695995331 0.857804000378 0.000000000000
vt 0.605634987354 0.057144999504 0.000000000000
vt 0.725911021233 0.048108994961 0.000000000000
vt 0.604200005531 0.056824982166 0.000000000000
vt 0.724456012249 0.039250969887 0.000000000000
vt 0.604650020599 0.035571992397 0.000000000000
vt 0.722706973553 0.040731012821 0.000000000000
vt 0.370633006096 0.830348014832 0.000000000000
vt 0.371861010790 0.829914987087 0.000000000000
vt 0.983767986298 0.450834989548 0.000000000000
vt 0.567396998405 0.934171974659 0.000000000000
vt 0.564139008522 0.931864976883 0.000000000000
vt 0.577663004398 0.936953008175 0.000000000000
vt 0.371800005436 0.809563994408 0.000000000000
vt 0.370555996895 0.805400013924 0.000000000000
vt 0.556393980980 0.930418014526 0.000000000000
vt 0.723806023598 0.002548992634 0.000000000000
vt 0.540578007698 0.923879027367 0.000000000000
vt 0.668982028961 0.003309011459 0.000000000000
vt 0.631947994232 0.003120005131 0.000000000000
vt 0.670502007008 0.001754999161 0.000000000000
vt 0.604207992554 0.000165998936 0.000000000000
vt 0.606894016266 0.003749012947 0.000000000000
vt 0.698674976826 0.003183007240 0.000000000000
vt 0.708670973778 0.000329017639 0.000000000000
vt 0.693479001522 0.000343978405 0.000000000000
vt 0.618627011776 0.000328004360 0.000000000000
vt 0.637274026871 0.000410020351 0.000000000000
vt 0.658876001835 0.000186979771 0.000000000000
vt 0.675588011742 0.000073015690 0.000000000000
vt 0.537608027458 0.923985004425 0.000000000000
vt 0.370543003082 0.790193974972 0.000000000000
vt 0.371749013662 0.773478984833 0.000000000000
vt 0.200701996684 0.711548984051 0.000000000000
vt 0.977905988693 0.386595964432 0.000000000000
vt 0.526823997498 0.918767988682 0.000000000000
vt 0.134976997972 0.841413974762 0.000000000000
vt 0.128834992647 0.843424975872 0.000000000000
vt 0.132852002978 0.840210974216 0.000000000000
vt 0.525094985962 0.919668018818 0.000000000000
vt 0.900065004826 0.763454020023 0.000000000000
vt 0.128834992647 0.830002009869 0.000000000000
vt 0.571008980274 0.788909971714 0.000000000000
vt 0.576197028160 0.769702970982 0.000000000000
vt 0.569294989109 0.789891004562 0.000000000000
vt 0.562996983528 0.812285006046 0.000000000000
vt 0.561906993389 0.811703979969 0.000000000000
vt 0.554982006550 0.835784018040 0.000000000000
vt 0.553631007671 0.835838019848 0.000000000000
vt 0.544355988503 0.863047003746 0.000000000000
vt 0.544278979301 0.867196023464 0.000000000000
vt 0.535467028618 0.893254995346 0.000000000000
vt 0.535784006119 0.888249993324 0.000000000000
vt 0.342851996422 0.826963007450 0.000000000000
vt 0.308234989643 0.821479022503 0.000000000000
vt 0.309902012348 0.822178006172 0.000000000000
vt 0.308337986469 0.826963007450 0.000000000000
vt 0.949190020561 0.783082008362 0.000000000000
vt 0.329721003771 0.826138019562 0.000000000000
vt 0.983429014683 0.751972973347 0.000000000000
vt 0.165590003133 0.801881015301 0.000000000000
vt 0.980759024620 0.758140981197 0.000000000000
vt 0.983129978180 0.721099972725 0.000000000000
vt 0.983462989330 0.722172975540 0.000000000000
vt 0.982940018177 0.696750998497 0.000000000000
vt 0.983759999275 0.678557991982 0.000000000000
vt 0.986280024052 0.683564007282 0.000000000000
vt 0.982658028603 0.662187993526 0.000000000000
vt 0.982631981373 0.652563989162 0.000000000000
vt 0.982450008392 0.630164980888 0.000000000000
vt 0.983548998833 0.636949002743 0.000000000000
vt 0.986368000507 0.625485002995 0.000000000000
vt 0.986419022083 0.599559009075 0.000000000000
vt 0.983596980572 0.590885996819 0.000000000000
vt 0.986455976963 0.584410011768 0.000000000000
vt 0.979412972927 0.585758984089 0.000000000000
vt 0.979318976402 0.576597988605 0.000000000000
vt 0.982107996941 0.585735023022 0.000000000000
vt 0.979256987572 0.560072004795 0.000000000000
vt 0.981895029545 0.557021975517 0.000000000000
vt 0.981795012951 0.547231018543 0.000000000000
vt 0.849237024784 0.377943038940 0.000000000000
vt 0.121537998319 0.848994016647 0.000000000000
vt 0.118428997695 0.846816003323 0.000000000000
vt 0.121537998319 0.839182019234 0.000000000000
vt 0.115919001400 0.847696006298 0.000000000000
vt 0.117220997810 0.831170022488 0.000000000000
vt 0.978649973869 0.530794978142 0.000000000000
vt 0.981676995754 0.528276979923 0.000000000000
vt 0.120582997799 0.830002009869 0.000000000000
vt 0.391007006168 0.844227015972 0.000000000000
vt 0.978698015213 0.501630008221 0.000000000000
vt 0.981544971466 0.513894021511 0.000000000000
vt 0.978448987007 0.470919013023 0.000000000000
vt 0.983685970306 0.501259028912 0.000000000000
vt 0.981312990189 0.481536984444 0.000000000000
vt 0.981114983559 0.456833958626 0.000000000000
vt 0.983739972115 0.461354017258 0.000000000000
vt 0.978398025036 0.443031013012 0.000000000000
vt 0.986509025097 0.431466996670 0.000000000000
vt 0.983777999878 0.423501968384 0.000000000000
vt 0.986555993557 0.419840991497 0.000000000000
vt 0.986616015434 0.399984002113 0.000000000000
vt 0.983789026737 0.407441020012 0.000000000000
vt 0.978190004826 0.422680020332 0.000000000000
vt 0.980696022511 0.403521001339 0.000000000000
vt 0.983838975430 0.387232005596 0.000000000000
vt 0.986542999744 0.386747002602 0.000000000000
vt 0.928282976151 0.763180017471 0.000000000000
vt 0.924925029278 0.764096021652 0.000000000000
vt 0.928520977497 0.761847972870 0.000000000000
vt 0.834158003330 0.355010986328 0.000000000000
vt 0.836924016476 0.356194972992 0.000000000000
vt 0.925566017628 0.765403985977 0.000000000000
vt 0.928346991539 0.784515976906 0.000000000000
vt 0.928385019302 0.807546019554 0.000000000000
vt 0.925646007061 0.807021021843 0.000000000000
vt 0.928389012814 0.833060026169 0.000000000000
vt 0.928422987461 0.861805975437 0.000000000000
vt 0.925732970238 0.835754990578 0.000000000000
vt 0.928520977497 0.921615004539 0.000000000000
vt 0.925796985626 0.892080008984 0.000000000000
vt 0.928493022919 0.888427019119 0.000000000000
vt 0.907808005810 0.761847972870 0.000000000000
vt 0.923902988434 0.761879026890 0.000000000000
vt 0.983429014683 0.775614976883 0.000000000000
vt 0.983429014683 0.776116013527 0.000000000000
vt 0.983318984509 0.741564989090 0.000000000000
vt 0.983476996422 0.701647996902 0.000000000000
vt 0.983485996723 0.694701015949 0.000000000000
vt 0.983723998070 0.686564028263 0.000000000000
vt 0.986316025257 0.652324020863 0.000000000000
vt 0.979781985283 0.615100026131 0.000000000000
vt 0.983582019806 0.615007996559 0.000000000000
vt 0.986401975155 0.616415977478 0.000000000000
vt 0.979553997517 0.602926015854 0.000000000000
vt 0.982235014439 0.601188004017 0.000000000000
vt 0.983623027802 0.570697009563 0.000000000000
vt 0.587081015110 0.837507009506 0.000000000000
vt 0.592284977436 0.836878001690 0.000000000000
vt 0.591234028339 0.846517980099 0.000000000000
vt 0.983689010143 0.524743020535 0.000000000000
vt 0.983829975128 0.479629039764 0.000000000000
vt 0.980844974518 0.420426964760 0.000000000000
vt 0.165590003133 0.827012002468 0.000000000000
vt 0.167035996914 0.823276996613 0.000000000000
vt 0.169385001063 0.826389014721 0.000000000000
vt 0.834158003330 0.376159012318 0.000000000000
vt 0.925615012646 0.781247019768 0.000000000000
vt 0.925740003586 0.860170006752 0.000000000000
vt 0.335837006569 0.827099978924 0.000000000000
vt 0.949307024479 0.761389017105 0.000000000000
vt 0.949284017086 0.723803997040 0.000000000000
vt 0.949356019497 0.721508979797 0.000000000000
vt 0.949365019798 0.680423021317 0.000000000000
vt 0.983681976795 0.657356977463 0.000000000000
vt 0.949320018291 0.658814013004 0.000000000000
vt 0.949387013912 0.637309014797 0.000000000000
vt 0.949281990528 0.619916975498 0.000000000000
vt 0.949406027794 0.581503987312 0.000000000000
vt 0.400709986687 0.831595003605 0.000000000000
vt 0.949325025082 0.552873015404 0.000000000000
vt 0.949355006218 0.523662984371 0.000000000000
vt 0.949416995049 0.494696974754 0.000000000000
vt 0.949292004108 0.463317036629 0.000000000000
vt 0.949365973473 0.464509010315 0.000000000000
vt 0.754333972931 0.847130000591 0.000000000000
vt 0.759693026543 0.841180980206 0.000000000000
vt 0.759540021420 0.855125010014 0.000000000000
vt 0.980602025986 0.385079026222 0.000000000000
vt 0.949379026890 0.409726023674 0.000000000000
vt 0.949392974377 0.385393977165 0.000000000000
vt 0.983968019485 0.385079026222 0.000000000000
vt 0.924921989441 0.762241005898 0.000000000000
vt 0.924925029278 0.828565001488 0.000000000000
vt 0.398842006922 0.397773981094 0.000000000000
vt 0.399073988199 0.363723039627 0.000000000000
vt 0.405855000019 0.397855043411 0.000000000000
vt 0.203255996108 0.398051977158 0.000000000000
vt 0.203317999840 0.376358985901 0.000000000000
vt 0.209843993187 0.397809982300 0.000000000000
vt 0.405674993992 0.383203983307 0.000000000000
vt 0.209864005446 0.373667001724 0.000000000000
vt 0.405469000340 0.336439967155 0.000000000000
vt 0.209810003638 0.343867003918 0.000000000000
vt 0.203280001879 0.338775038719 0.000000000000
vt 0.398874998093 0.343258023262 0.000000000000
vt 0.398952007294 0.318907976151 0.000000000000
vt 0.209805995226 0.323341965675 0.000000000000
vt 0.405864000320 0.318426966667 0.000000000000
vt 0.209700003266 0.316395998001 0.000000000000
vt 0.202952995896 0.310904979706 0.000000000000
vt 0.208645999432 0.293959021568 0.000000000000
vt 0.209970995784 0.308259010315 0.000000000000
vt 0.398898988962 0.284345030785 0.000000000000
vt 0.405490994453 0.295354962349 0.000000000000
vt 0.209967002273 0.300253033638 0.000000000000
vt 0.202944993973 0.286143004894 0.000000000000
vt 0.209907993674 0.279052019119 0.000000000000
vt 0.398943006992 0.274721026421 0.000000000000
vt 0.203319996595 0.273784995079 0.000000000000
vt 0.209775999188 0.258643984795 0.000000000000
vt 0.405496001244 0.252241015434 0.000000000000
vt 0.398918986320 0.252321004868 0.000000000000
vt 0.203277006745 0.234888017178 0.000000000000
vt 0.398938000202 0.223343014717 0.000000000000
vt 0.209750995040 0.236702978611 0.000000000000
vt 0.209771007299 0.212580978870 0.000000000000
vt 0.405508995056 0.196437001228 0.000000000000
vt 0.398921996355 0.207890033722 0.000000000000
vt 0.202993005514 0.205065011978 0.000000000000
vt 0.209760993719 0.192391991615 0.000000000000
vt 0.398905009031 0.179175972939 0.000000000000
vt 0.203341007233 0.167843997478 0.000000000000
vt 0.209720999002 0.146438002586 0.000000000000
vt 0.398966997862 0.169385015965 0.000000000000
vt 0.949356019497 0.552604019642 0.000000000000
vt 0.405443996191 0.167536973953 0.000000000000
vt 0.399026989937 0.150429964066 0.000000000000
vt 0.203483998775 0.138633966446 0.000000000000
vt 0.405368000269 0.141430020332 0.000000000000
vt 0.949355006218 0.526497006416 0.000000000000
vt 0.398900985718 0.136048018932 0.000000000000
vt 0.209750995040 0.122954010963 0.000000000000
vt 0.398928999901 0.103690028191 0.000000000000
vt 0.405878990889 0.123279988766 0.000000000000
vt 0.405523985624 0.109629988670 0.000000000000
vt 0.202946007252 0.117927014828 0.000000000000
vt 0.202954992652 0.101333022118 0.000000000000
vt 0.209950998425 0.101324975491 0.000000000000
vt 0.209784001112 0.083050012589 0.000000000000
vt 0.398952990770 0.078985989094 0.000000000000
vt 0.203290000558 0.078289031982 0.000000000000
vt 0.405463010073 0.079442024231 0.000000000000
vt 0.209707006812 0.072530984879 0.000000000000
vt 0.209824994206 0.045198023319 0.000000000000
vt 0.405860006809 0.055001974106 0.000000000000
vt 0.398892998695 0.042577981949 0.000000000000
vt 0.202944993973 0.040332019329 0.000000000000
vt 0.405496001244 0.024658977985 0.000000000000
vt 0.209806993604 0.029138028622 0.000000000000
vt 0.398912012577 0.025672018528 0.000000000000
vt 0.202969998121 0.019173979759 0.000000000000
vt 0.209913998842 0.008929014206 0.000000000000
vt 0.398591995239 0.007229983807 0.000000000000
vt 0.405461013317 0.000328004360 0.000000000000
vt 0.925800979137 0.921458005905 0.000000000000
vt 0.202957004309 0.000065982342 0.000000000000
vt 0.367700010538 0.007067024708 0.000000000000
vt 0.370808005333 0.004236996174 0.000000000000
vt 0.369006991386 0.007497012615 0.000000000000
vt 0.241025999188 0.007080972195 0.000000000000
vt 0.235428005457 0.000011026859 0.000000000000
vt 0.272935986519 0.007086992264 0.000000000000
vt 0.211647003889 0.006778001785 0.000000000000
vt 0.369668990374 0.003982007504 0.000000000000
vt 0.297351002693 0.007080018520 0.000000000000
vt 0.295684009790 0.000087976456 0.000000000000
vt 0.326083987951 0.007064998150 0.000000000000
vt 0.377440989017 0.006829977036 0.000000000000
vt 0.371964991093 0.002538979053 0.000000000000
vt 0.852536976337 0.382214009762 0.000000000000
vt 0.854225993156 0.377943992615 0.000000000000
vt 0.854225993156 0.385057985783 0.000000000000
vt 0.202262997627 0.799152970314 0.000000000000
vt 0.202262997627 0.792931973934 0.000000000000
vt 0.202944993973 0.795557022095 0.000000000000
vt 0.351857006550 0.006959974766 0.000000000000
vt 0.339136004448 0.000239014626 0.000000000000
vt 0.263072997332 0.000000000000 0.000000000000
vt 0.832916975021 0.350018024445 0.000000000000
vt 0.838244974613 0.355010986328 0.000000000000
vt 0.832104980946 0.353282988071 0.000000000000
vt 0.113982997835 0.830002009869 0.000000000000
vt 0.115919001400 0.835442006588 0.000000000000
vt 0.110584996641 0.837466001511 0.000000000000
vt 0.397258013487 0.836297988892 0.000000000000
vt 0.354050010443 0.800831973553 0.000000000000
vt 0.760496020317 0.807911992073 0.000000000000
vt 0.761116981506 0.813908994198 0.000000000000
vt 0.361710011959 0.825250983238 0.000000000000
vt 0.362789988518 0.831197977066 0.000000000000
vt 0.357116997242 0.825365006924 0.000000000000
vt 0.725971996784 0.381301999092 0.000000000000
vt 0.723334014416 0.374758005142 0.000000000000
vt 0.725971996784 0.369922995567 0.000000000000
vt 0.753820002079 0.840694010258 0.000000000000
vt 0.754298985004 0.840191006660 0.000000000000
vt 0.753035008907 0.814042985439 0.000000000000
vt 0.200678005815 0.668492972851 0.000000000000
vt 0.201995998621 0.680001020432 0.000000000000
vt 0.197303995490 0.678853988647 0.000000000000
vt 0.197625994682 0.671724021435 0.000000000000
vt 0.171906992793 0.832850992680 0.000000000000
vt 0.829918026924 0.335554003716 0.000000000000
vt 0.839100003242 0.761887013912 0.000000000000
vt 0.843622028828 0.765725970268 0.000000000000
vt 0.839100003242 0.769105017185 0.000000000000
vt 0.754188001156 0.834115982056 0.000000000000
vt 0.354831993580 0.793954014778 0.000000000000
vt 0.893621981144 0.757309973240 0.000000000000
vt 0.193237006664 0.678167998791 0.000000000000
vt 0.194975003600 0.672389984131 0.000000000000
vt 0.172661006451 0.826425015926 0.000000000000
vt 0.354050010443 0.831869006157 0.000000000000
vt 0.393824011087 0.833781003952 0.000000000000
vt 0.760461986065 0.827449977398 0.000000000000
vt 0.756776988506 0.820403993130 0.000000000000
vt 0.828898012638 0.347496032715 0.000000000000
vt 0.115919001400 0.847100019455 0.000000000000
vt 0.111176997423 0.845642983913 0.000000000000
vt 0.753741979599 0.827235996723 0.000000000000
vt 0.828293979168 0.338616967201 0.000000000000
vt 0.892313003540 0.764270007610 0.000000000000
vt 0.166260004044 0.834459006786 0.000000000000
vt 0.826524972916 0.333747982979 0.000000000000
vt 0.830359995365 0.328559041023 0.000000000000
vt 0.115570999682 0.850062012672 0.000000000000
vt 0.111438997090 0.849475026131 0.000000000000
vt 0.361052989960 0.835990011692 0.000000000000
vt 0.832386970520 0.373885989189 0.000000000000
vt 0.832516014576 0.379797995090 0.000000000000
vt 0.826524972916 0.374063014984 0.000000000000
vt 0.826947987080 0.380427002907 0.000000000000
vt 0.391615003347 0.837190985680 0.000000000000
vt 0.390240013599 0.835232019424 0.000000000000
vt 0.382283002138 0.836679995060 0.000000000000
vt 0.193237006664 0.683103024960 0.000000000000
vt 0.200347006321 0.685528993607 0.000000000000
vt 0.355410009623 0.839287996292 0.000000000000
vt 0.827009022236 0.365009009838 0.000000000000
vt 0.888216972351 0.760586977005 0.000000000000
vt 0.168863996863 0.840101003647 0.000000000000
vt 0.830708980560 0.355010986328 0.000000000000
vt 0.834158003330 0.360064983368 0.000000000000
vt 0.826524972916 0.359299004078 0.000000000000
vt 0.887995004654 0.755843997002 0.000000000000
vt 0.886330008507 0.763534009457 0.000000000000
vt 0.173935994506 0.840204000473 0.000000000000
vt 0.881479024887 0.759965002537 0.000000000000
vt 0.165590003133 0.839386999607 0.000000000000
vt 0.166172996163 0.846121013165 0.000000000000
vt 0.195134997368 0.687291026115 0.000000000000
vt 0.362722992897 0.840303003788 0.000000000000
vt 0.173154994845 0.841459989548 0.000000000000
vt 0.355913013220 0.840467989445 0.000000000000
vt 0.199258998036 0.692018985748 0.000000000000
vt 0.881440997124 0.755248010159 0.000000000000
vt 0.171067997813 0.846786975861 0.000000000000
vt 0.197212994099 0.693566024303 0.000000000000
vt 0.126184001565 0.841996014118 0.000000000000
vt 0.124269999564 0.841459989548 0.000000000000
vt 0.195331007242 0.703342020512 0.000000000000
vt 0.173705995083 0.857213020325 0.000000000000
vt 0.362789988518 0.856422007084 0.000000000000
vt 0.154860004783 0.845340013504 0.000000000000
vt 0.148218005896 0.835343003273 0.000000000000
vt 0.155284002423 0.835343003273 0.000000000000
vt 0.148233994842 0.846096992493 0.000000000000
vt 0.355726003647 0.856245994568 0.000000000000
# 2427 texture coords

o Mesh1_0
g Mesh1_0
usemtl Material_001
s 1
f 1/1/1 2/2/2 3/3/3 
f 1/4/1 4/5/4 2/6/2 
f 2/7/2 4/8/4 5/9/5 
f 2/7/2 5/9/5 6/10/6 
f 6/10/6 7/11/7 8/12/8 
f 8/12/8 9/13/9 10/14/10 
f 10/15/10 11/16/11 12/17/12 
f 12/18/12 11/19/11 13/20/13 
f 12/18/12 13/20/13 14/21/14 
f 13/20/13 15/22/15 14/21/14 
f 15/22/15 16/23/16 14/21/14 
f 14/21/14 16/23/16 17/24/17 
f 16/23/16 18/25/18 17/24/17 
f 18/25/18 19/26/19 17/24/17 
f 17/24/17 19/26/19 20/27/20 
f 19/26/19 21/28/21 20/27/20 
f 21/28/21 22/29/22 20/27/20 
f 20/30/20 22/31/22 23/32/23 
f 4/33/4 1/34/1 3/35/3 
f 6/10/6 24/36/24 7/11/7 
f 8/12/8 25/37/25 9/13/9 
f 10/14/10 9/13/9 26/38/26 
f 10/15/10 26/39/26 11/16/11 
f 27/40/27 28/41/28 15/22/15 
f 16/23/16 29/42/29 18/25/18 
f 4/43/4 30/44/30 5/45/5 
f 6/10/6 5/9/5 24/36/24 
f 31/46/31 7/11/7 24/36/24 
f 31/46/31 25/37/25 7/11/7 
f 25/37/25 8/12/8 7/11/7 
f 13/20/13 11/19/11 26/47/26 
f 32/48/32 33/49/33 13/50/13 
f 33/51/33 15/22/15 13/20/13 
f 33/51/33 27/40/27 15/22/15 
f 34/52/34 16/23/16 15/22/15 
f 34/52/34 35/53/35 16/23/16 
f 36/54/36 21/28/21 19/26/19 
f 30/55/30 24/36/24 5/9/5 
f 16/23/16 37/56/37 29/42/29 
f 22/31/22 38/57/38 23/32/23 
f 39/58/39 40/59/40 41/60/41 
f 4/8/4 42/61/42 30/55/30 
f 30/55/30 42/61/42 43/62/43 
f 44/63/44 31/46/31 24/36/24 
f 44/63/44 45/64/45 31/46/31 
f 25/37/25 26/38/26 9/13/9 
f 46/65/46 19/26/19 18/25/18 
f 47/66/47 21/28/21 36/54/36 
f 42/61/42 4/8/4 3/67/3 
f 16/68/16 35/69/35 37/70/37 
f 43/62/43 44/63/44 30/55/30 
f 30/55/30 44/63/44 24/36/24 
f 48/71/48 25/37/25 31/46/31 
f 48/71/48 26/38/26 25/37/25 
f 26/72/26 32/73/32 13/74/13 
f 27/40/27 34/52/34 28/41/28 
f 46/65/46 36/54/36 19/26/19 
f 49/75/49 42/76/42 3/77/3 
f 45/64/45 48/71/48 31/46/31 
f 38/57/38 22/31/22 50/78/50 
f 51/79/51 39/58/39 41/60/41 
f 39/80/39 52/81/52 40/82/40 
f 42/83/42 53/84/53 43/85/43 
f 43/85/43 53/84/53 54/86/54 
f 54/86/54 44/87/44 43/85/43 
f 54/86/54 55/88/55 44/87/44 
f 55/88/55 56/89/56 44/87/44 
f 44/87/44 56/89/56 45/90/45 
f 56/89/56 57/91/57 45/90/45 
f 57/91/57 58/92/58 48/93/48 
f 57/91/57 48/93/48 45/90/45 
f 58/92/58 59/94/59 48/93/48 
f 48/93/48 59/94/59 26/95/26 
f 59/94/59 32/96/32 26/95/26 
f 37/56/37 35/53/35 29/42/29 
f 29/42/29 46/65/46 18/25/18 
f 60/97/60 61/98/61 62/99/62 
f 22/29/22 63/100/63 50/101/50 
f 39/102/39 64/103/64 52/104/52 
f 65/105/65 66/106/66 67/107/67 
f 49/75/49 68/108/68 42/76/42 
f 42/109/42 68/110/68 53/111/53 
f 53/111/53 69/112/69 54/113/54 
f 54/113/54 69/112/69 55/114/55 
f 69/112/69 70/115/70 55/114/55 
f 56/116/56 71/117/71 57/118/57 
f 71/117/71 58/119/58 57/118/57 
f 72/120/72 73/121/73 58/119/58 
f 58/119/58 73/121/73 59/122/59 
f 59/122/59 73/121/73 32/123/32 
f 73/121/73 33/124/33 32/123/32 
f 33/51/33 34/52/34 27/40/27 
f 28/125/28 34/126/34 15/127/15 
f 35/53/35 46/65/46 29/42/29 
f 60/128/60 74/129/74 75/50/75 
f 74/130/74 60/97/60 76/131/76 
f 76/131/76 60/97/60 62/99/62 
f 21/28/21 47/66/47 22/29/22 
f 47/66/47 63/100/63 22/29/22 
f 50/78/50 77/132/77 38/57/38 
f 39/133/39 51/134/51 64/135/64 
f 41/136/41 78/137/78 51/138/51 
f 40/139/40 78/140/78 41/141/41 
f 79/142/79 80/143/80 65/105/65 
f 66/106/66 65/105/65 81/144/81 
f 65/105/65 80/143/80 81/144/81 
f 68/110/68 82/145/82 53/111/53 
f 53/111/53 82/145/82 69/112/69 
f 70/115/70 56/116/56 55/114/55 
f 70/115/70 71/117/71 56/116/56 
f 71/117/71 72/120/72 58/119/58 
f 46/65/46 47/66/47 36/54/36 
f 50/101/50 63/100/63 77/146/77 
f 77/146/77 83/147/83 38/148/38 
f 84/149/84 85/150/85 86/151/86 
f 86/151/86 87/152/87 88/153/88 
f 89/154/89 90/155/90 91/156/91 
f 89/154/89 91/156/91 92/157/92 
f 89/154/89 92/157/92 93/158/93 
f 89/154/89 93/158/93 94/159/94 
f 94/159/94 93/158/93 95/160/95 
f 94/159/94 95/160/95 96/161/96 
f 94/159/94 96/161/96 97/162/97 
f 94/159/94 97/162/97 98/163/98 
f 86/151/86 99/164/99 84/149/84 
f 86/151/86 85/150/85 87/152/87 
f 100/165/100 64/103/64 101/166/101 
f 51/167/51 102/168/102 103/169/103 
f 102/170/102 104/171/104 105/172/105 
f 100/165/100 106/173/106 64/103/64 
f 64/103/64 106/173/106 52/104/52 
f 102/170/102 107/174/107 104/171/104 
f 100/165/100 108/175/108 106/173/106 
f 104/171/104 107/174/107 109/176/109 
f 51/177/51 78/178/78 109/176/109 
f 106/173/106 108/175/108 52/104/52 
f 110/179/110 111/180/111 112/181/112 
f 113/182/113 114/183/114 115/184/115 
f 115/184/115 116/185/116 117/186/117 
f 118/187/118 119/188/119 120/189/120 
f 113/190/113 121/191/121 114/192/114 
f 122/193/122 119/188/119 118/187/118 
f 122/193/122 79/142/79 119/188/119 
f 119/188/119 79/142/79 65/105/65 
f 115/184/115 114/183/114 116/185/116 
f 122/193/122 80/143/80 79/142/79 
f 122/193/122 123/194/123 80/143/80 
f 81/144/81 124/195/124 66/106/66 
f 80/196/80 124/197/124 81/198/81 
f 80/143/80 125/199/125 124/195/124 
f 114/183/114 126/200/126 116/185/116 
f 127/201/127 126/200/126 114/183/114 
f 123/194/123 125/199/125 80/143/80 
f 128/202/128 127/201/127 114/183/114 
f 123/194/123 129/203/129 125/199/125 
f 125/199/125 130/204/130 124/195/124 
f 127/205/127 131/206/131 132/207/132 
f 125/199/125 133/208/133 130/204/130 
f 129/203/129 133/208/133 125/199/125 
f 129/203/129 134/209/134 133/208/133 
f 131/210/131 135/211/135 136/212/136 
f 131/213/131 136/214/136 132/215/132 
f 136/216/136 127/217/127 132/218/132 
f 127/201/127 137/219/137 126/200/126 
f 136/220/136 138/221/138 127/201/127 
f 127/201/127 138/221/138 137/219/137 
f 136/212/136 135/211/135 139/222/139 
f 136/220/136 139/223/139 138/221/138 
f 138/221/138 140/224/140 137/219/137 
f 133/208/133 141/225/141 130/204/130 
f 138/221/138 142/226/142 140/224/140 
f 134/209/134 143/227/143 133/208/133 
f 133/208/133 143/227/143 141/225/141 
f 139/223/139 144/228/144 138/221/138 
f 139/223/139 145/229/145 144/228/144 
f 143/227/143 146/230/146 141/225/141 
f 144/228/144 142/226/142 138/221/138 
f 134/209/134 147/231/147 143/227/143 
f 147/231/147 148/232/148 143/227/143 
f 143/227/143 148/232/148 146/230/146 
f 147/231/147 149/233/149 148/232/148 
f 145/229/145 150/234/150 144/228/144 
f 144/228/144 151/235/151 142/226/142 
f 145/229/145 152/236/152 150/234/150 
f 144/228/144 150/234/150 151/235/151 
f 151/235/151 150/234/150 153/237/153 
f 150/234/150 154/238/154 153/237/153 
f 149/233/149 155/239/155 148/232/148 
f 148/232/148 156/240/156 146/230/146 
f 146/241/146 156/242/156 49/243/49 
f 148/232/148 155/239/155 156/240/156 
f 155/239/155 157/244/157 156/240/156 
f 156/245/156 158/246/158 49/75/49 
f 49/75/49 158/246/158 68/108/68 
f 156/240/156 157/244/157 158/247/158 
f 68/110/68 158/248/158 82/145/82 
f 154/238/154 150/234/150 159/249/159 
f 158/248/158 157/250/157 82/145/82 
f 152/236/152 160/251/160 150/234/150 
f 150/234/150 160/251/160 159/249/159 
f 155/239/155 161/252/161 157/244/157 
f 82/145/82 157/250/157 69/112/69 
f 157/244/157 161/252/161 162/253/162 
f 160/251/160 163/254/163 159/249/159 
f 69/255/69 157/244/157 70/256/70 
f 157/244/157 162/253/162 70/256/70 
f 152/236/152 164/257/164 160/251/160 
f 160/251/160 165/258/165 163/254/163 
f 70/256/70 162/253/162 71/259/71 
f 161/252/161 166/260/166 162/253/162 
f 162/253/162 166/260/166 71/259/71 
f 161/252/161 167/261/167 166/260/166 
f 166/260/166 72/262/72 71/259/71 
f 166/260/166 167/261/167 72/262/72 
f 167/261/167 73/263/73 72/262/72 
f 167/261/167 161/252/161 168/264/168 
f 167/261/167 33/265/33 73/263/73 
f 160/251/160 169/266/169 165/258/165 
f 164/267/164 170/268/170 171/269/171 
f 164/257/164 171/270/171 160/251/160 
f 168/264/168 172/271/172 167/261/167 
f 160/251/160 173/272/173 169/266/169 
f 167/261/167 172/271/172 33/265/33 
f 160/251/160 171/270/171 173/272/173 
f 33/265/33 172/271/172 34/273/34 
f 168/264/168 174/274/174 172/271/172 
f 34/273/34 172/271/172 35/275/35 
f 171/270/171 175/276/175 173/272/173 
f 170/268/170 176/277/176 171/269/171 
f 172/271/172 177/278/177 35/275/35 
f 176/277/176 178/279/178 171/269/171 
f 171/270/171 178/280/178 175/276/175 
f 174/274/174 177/278/177 172/271/172 
f 173/272/173 175/276/175 179/281/179 
f 174/274/174 180/282/180 177/278/177 
f 179/281/179 175/276/175 181/283/181 
f 182/284/182 177/278/177 180/282/180 
f 35/275/35 177/278/177 46/285/46 
f 183/286/183 182/284/182 180/282/180 
f 176/277/176 75/287/75 178/279/178 
f 175/276/175 184/288/184 181/283/181 
f 46/285/46 182/284/182 47/289/47 
f 177/278/177 182/284/182 46/285/46 
f 75/290/75 185/291/185 178/280/178 
f 178/280/178 185/291/185 175/276/175 
f 186/292/186 182/284/182 183/286/183 
f 175/276/175 185/291/185 184/288/184 
f 75/287/75 74/130/74 185/293/185 
f 184/288/184 185/291/185 187/294/187 
f 74/130/74 76/131/76 185/293/185 
f 182/284/182 186/292/186 188/295/188 
f 185/291/185 76/296/76 187/294/187 
f 186/292/186 189/297/189 188/295/188 
f 47/289/47 182/284/182 63/298/63 
f 182/284/182 188/295/188 63/298/63 
f 63/100/63 188/299/188 77/146/77 
f 61/98/61 190/300/190 62/99/62 
f 62/301/62 190/302/190 76/296/76 
f 76/296/76 190/302/190 187/294/187 
f 188/299/188 189/303/189 77/146/77 
f 187/294/187 190/302/190 191/304/191 
f 77/146/77 189/303/189 83/147/83 
f 186/292/186 101/166/101 189/297/189 
f 192/305/192 193/306/193 194/307/194 
f 87/152/87 195/308/195 88/153/88 
f 88/309/88 195/310/195 196/311/196 
f 83/312/83 189/313/189 192/305/192 
f 83/312/83 192/305/192 194/307/194 
f 193/314/193 192/315/192 197/316/197 
f 193/314/193 197/316/197 198/317/198 
f 199/318/199 198/317/198 197/316/197 
f 199/318/199 197/316/197 200/319/200 
f 199/318/199 200/319/200 201/320/201 
f 99/321/99 202/322/202 203/323/203 
f 84/324/84 99/321/99 204/325/204 
f 84/324/84 204/325/204 85/326/85 
f 85/326/85 205/327/205 87/328/87 
f 87/328/87 205/327/205 195/329/195 
f 88/153/88 196/330/196 206/331/206 
f 88/153/88 206/331/206 207/332/207 
f 207/332/207 206/331/206 208/333/208 
f 207/334/207 208/335/208 209/336/209 
f 209/336/209 210/337/210 211/338/211 
f 209/336/209 208/335/208 210/337/210 
f 211/338/211 210/337/210 212/339/212 
f 212/339/212 213/340/213 61/341/61 
f 213/342/213 190/343/190 61/344/61 
f 201/320/201 200/319/200 90/345/90 
f 90/345/90 200/319/200 91/346/91 
f 91/346/91 214/347/214 92/348/92 
f 92/348/92 214/347/214 93/349/93 
f 93/349/93 214/347/214 95/350/95 
f 95/350/95 214/347/214 96/351/96 
f 96/351/96 214/347/214 97/352/97 
f 98/353/98 215/354/215 216/355/216 
f 98/163/98 97/162/97 215/356/215 
f 216/355/216 215/354/215 217/357/217 
f 217/357/217 215/354/215 218/358/218 
f 218/358/218 219/359/219 202/322/202 
f 202/322/202 219/359/219 203/323/203 
f 99/321/99 203/323/203 204/325/204 
f 85/326/85 204/325/204 205/327/205 
f 205/327/205 204/325/204 220/360/220 
f 205/327/205 220/360/220 195/329/195 
f 195/329/195 220/360/220 196/361/196 
f 196/361/196 220/360/220 206/362/206 
f 208/335/208 220/360/220 210/337/210 
f 210/337/210 220/360/220 213/340/213 
f 210/337/210 213/340/213 212/339/212 
f 189/297/189 101/166/101 192/315/192 
f 192/315/192 103/363/103 197/316/197 
f 200/319/200 214/347/214 91/346/91 
f 97/352/97 214/347/214 215/354/215 
f 218/358/218 215/354/215 219/359/219 
f 203/323/203 219/359/219 204/325/204 
f 204/325/204 219/359/219 220/360/220 
f 206/362/206 220/360/220 208/335/208 
f 190/302/190 213/340/213 191/304/191 
f 103/363/103 105/172/105 197/316/197 
f 197/316/197 221/364/221 200/319/200 
f 200/319/200 221/364/221 214/347/214 
f 220/360/220 222/365/222 213/340/213 
f 101/166/101 103/363/103 192/315/192 
f 64/366/64 103/367/103 101/368/101 
f 51/369/51 103/370/103 64/371/64 
f 102/170/102 105/172/105 103/363/103 
f 197/316/197 105/172/105 221/364/221 
f 219/359/219 222/365/222 220/360/220 
f 186/292/186 223/372/223 101/166/101 
f 223/372/223 108/175/108 101/166/101 
f 215/354/215 224/373/224 219/359/219 
f 225/374/225 221/364/221 105/172/105 
f 101/375/101 108/376/108 100/377/100 
f 104/378/104 225/379/225 105/380/105 
f 102/170/102 51/177/51 107/174/107 
f 215/354/215 214/347/214 224/373/224 
f 213/340/213 222/365/222 191/304/191 
f 51/381/51 109/382/109 107/383/107 
f 214/347/214 226/384/226 227/385/227 
f 219/359/219 224/373/224 228/386/228 
f 219/359/219 228/386/228 229/387/229 
f 230/388/230 52/104/52 108/175/108 
f 52/389/52 78/140/78 40/139/40 
f 104/171/104 109/176/109 225/374/225 
f 221/364/221 226/384/226 214/347/214 
f 52/104/52 230/388/230 78/178/78 
f 225/374/225 109/176/109 231/390/231 
f 225/374/225 231/390/231 221/364/221 
f 229/387/229 222/365/222 219/359/219 
f 191/304/191 222/365/222 232/391/232 
f 223/372/223 230/388/230 108/175/108 
f 78/178/78 231/390/231 109/176/109 
f 214/347/214 227/385/227 224/373/224 
f 230/388/230 231/390/231 78/178/78 
f 233/392/233 234/393/234 235/394/235 
f 236/395/236 237/396/237 238/397/238 
f 151/398/151 153/399/153 239/400/239 
f 153/399/153 154/401/154 239/400/239 
f 154/238/154 159/249/159 239/402/239 
f 110/403/110 112/404/112 233/392/233 
f 240/405/240 241/406/241 242/407/242 
f 242/407/242 241/406/241 233/408/233 
f 243/409/243 241/410/241 240/411/240 
f 244/412/244 245/413/245 246/414/246 
f 112/181/112 111/180/111 245/413/245 
f 242/407/242 233/408/233 112/415/112 
f 244/416/244 247/417/247 248/418/248 
f 244/416/244 249/419/249 247/417/247 
f 246/420/246 249/419/249 244/416/244 
f 246/420/246 250/421/250 249/419/249 
f 241/406/241 251/422/251 233/408/233 
f 243/409/243 251/423/251 241/410/241 
f 251/422/251 252/424/252 233/408/233 
f 253/425/253 251/423/251 243/409/243 
f 249/419/249 250/421/250 247/417/247 
f 233/408/233 252/424/252 234/426/234 
f 252/424/252 251/422/251 253/427/253 
f 247/428/247 250/429/250 237/430/237 
f 254/431/254 129/432/129 123/433/123 
f 254/431/254 134/434/134 129/432/129 
f 126/435/126 137/436/137 255/437/255 
f 149/438/149 256/439/256 155/440/155 
f 239/400/239 159/441/159 257/442/257 
f 161/443/161 258/444/258 168/445/168 
f 165/446/165 169/447/169 259/448/259 
f 169/447/169 173/449/173 259/448/259 
f 184/450/184 187/451/187 260/452/260 
f 261/453/261 113/454/113 115/455/115 
f 236/395/236 262/456/262 237/396/237 
f 168/445/168 263/457/263 174/458/174 
f 242/459/242 264/460/264 240/461/240 
f 244/412/244 265/462/265 245/413/245 
f 243/409/243 266/463/266 253/425/253 
f 252/464/252 267/465/267 234/466/234 
f 134/434/134 268/467/268 147/468/147 
f 268/467/268 269/469/269 147/468/147 
f 147/468/147 269/469/269 149/438/149 
f 142/470/142 151/398/151 270/471/270 
f 151/398/151 239/400/239 270/471/270 
f 155/440/155 271/472/271 161/443/161 
f 174/458/174 272/473/272 180/474/180 
f 186/475/186 183/476/183 273/477/273 
f 120/478/120 274/479/274 118/480/118 
f 245/413/245 275/481/275 112/181/112 
f 247/482/247 276/483/276 248/484/248 
f 247/485/247 277/486/277 276/487/276 
f 247/485/247 278/488/278 277/486/277 
f 116/489/116 126/435/126 279/490/279 
f 247/485/247 280/491/280 278/488/278 
f 247/485/247 237/492/237 280/491/280 
f 237/492/237 262/493/262 280/491/280 
f 181/494/181 281/495/281 179/496/179 
f 181/494/181 184/450/184 281/495/281 
f 230/497/230 282/498/282 231/499/231 
f 115/455/115 117/500/117 261/453/261 
f 253/425/253 283/501/283 252/502/252 
f 252/502/252 283/501/283 267/503/267 
f 262/504/262 236/505/236 284/506/284 
f 137/436/137 140/507/140 255/437/255 
f 231/499/231 282/498/282 221/508/221 
f 229/509/229 285/510/285 222/511/222 
f 242/459/242 286/512/286 264/460/264 
f 276/483/276 287/513/287 248/484/248 
f 116/489/116 279/490/279 117/514/117 
f 142/470/142 270/471/270 288/515/288 
f 184/450/184 260/452/260 281/495/281 
f 191/516/191 232/517/232 289/518/289 
f 221/508/221 290/519/290 226/520/226 
f 228/521/228 224/522/224 291/523/291 
f 118/524/118 292/525/292 122/526/122 
f 113/527/113 261/528/261 293/529/293 
f 242/459/242 275/481/275 286/512/286 
f 248/530/248 265/462/265 244/412/244 
f 245/413/245 265/462/265 275/481/275 
f 112/181/112 275/481/275 242/459/242 
f 276/531/276 294/532/294 287/533/287 
f 276/531/276 277/534/277 294/532/294 
f 278/535/278 280/536/280 295/537/295 
f 280/536/280 262/538/262 295/537/295 
f 126/435/126 255/437/255 296/539/296 
f 263/457/263 272/473/272 174/458/174 
f 291/523/291 229/509/229 228/521/228 
f 118/480/118 274/479/274 292/540/292 
f 287/541/287 265/462/265 248/530/248 
f 297/542/297 134/434/134 254/431/254 
f 269/469/269 256/439/256 149/438/149 
f 163/543/163 298/544/298 159/441/159 
f 173/449/173 179/496/179 299/545/299 
f 260/452/260 187/451/187 300/546/300 
f 275/547/275 301/548/301 302/549/302 
f 303/550/303 302/549/302 304/551/304 
f 277/534/277 278/535/278 295/537/295 
f 303/550/303 305/552/305 302/549/302 
f 306/553/306 307/554/307 267/555/267 
f 308/556/308 309/557/309 310/558/310 
f 308/556/308 311/559/311 309/557/309 
f 311/559/311 312/560/312 309/557/309 
f 311/559/311 313/561/313 312/560/312 
f 313/561/313 314/562/314 312/560/312 
f 315/563/315 316/564/316 314/562/314 
f 310/558/310 309/557/309 317/565/317 
f 312/560/312 318/566/318 309/557/309 
f 319/567/319 309/557/309 318/566/318 
f 309/557/309 319/567/319 317/565/317 
f 314/562/314 320/568/320 312/560/312 
f 316/564/316 321/569/321 314/562/314 
f 317/565/317 319/567/319 322/570/322 
f 314/562/314 321/569/321 320/568/320 
f 317/565/317 322/570/322 323/571/323 
f 312/560/312 320/568/320 318/566/318 
f 324/572/324 321/573/321 325/574/325 
f 321/569/321 324/575/324 320/568/320 
f 322/570/322 326/576/326 323/571/323 
f 319/567/319 326/576/326 322/570/322 
f 323/571/323 326/576/326 327/577/327 
f 319/567/319 318/566/318 328/578/328 
f 318/566/318 320/568/320 329/579/329 
f 326/576/326 319/567/319 328/578/328 
f 329/579/329 320/568/320 330/580/330 
f 320/568/320 324/575/324 330/580/330 
f 318/566/318 329/579/329 328/578/328 
f 331/581/331 327/582/327 332/583/332 
f 327/577/327 326/576/326 332/584/332 
f 326/576/326 328/578/328 332/584/332 
f 328/578/328 329/579/329 333/585/333 
f 328/578/328 333/585/333 334/586/334 
f 329/579/329 335/587/335 333/585/333 
f 328/578/328 334/586/334 332/584/332 
f 329/579/329 336/588/336 335/587/335 
f 330/580/330 336/588/336 329/579/329 
f 337/589/337 332/584/332 338/590/338 
f 338/590/338 332/584/332 334/586/334 
f 339/591/339 336/588/336 330/580/330 
f 340/592/340 341/593/341 342/594/342 
f 343/595/343 344/596/344 341/593/341 
f 343/595/343 345/597/345 344/596/344 
f 345/597/345 346/598/346 344/596/344 
f 345/597/345 347/599/347 346/598/346 
f 347/599/347 348/600/348 346/598/346 
f 348/600/348 349/601/349 346/598/346 
f 344/596/344 350/602/350 341/593/341 
f 346/598/346 350/602/350 344/596/344 
f 341/593/341 350/602/350 342/594/342 
f 351/603/351 349/601/349 348/600/348 
f 352/604/352 353/605/353 354/606/354 
f 349/601/349 355/607/355 356/608/356 
f 351/603/351 355/607/355 349/601/349 
f 342/594/342 350/602/350 352/604/352 
f 349/601/349 356/608/356 346/598/346 
f 350/602/350 346/598/346 357/609/357 
f 346/598/346 356/608/356 357/609/357 
f 355/607/355 351/603/351 358/610/358 
f 359/611/359 354/606/354 360/612/360 
f 350/602/350 357/609/357 352/604/352 
f 355/607/355 361/613/361 356/608/356 
f 352/604/352 362/614/362 353/605/353 
f 352/604/352 357/609/357 362/614/362 
f 357/609/357 356/608/356 363/615/363 
f 356/608/356 361/613/361 363/615/363 
f 361/613/361 364/616/364 363/615/363 
f 354/606/354 353/605/353 365/617/365 
f 357/609/357 366/618/366 362/614/362 
f 353/605/353 367/619/367 365/617/365 
f 362/614/362 367/619/367 353/605/353 
f 357/609/357 368/620/368 366/618/366 
f 363/615/363 364/616/364 369/621/369 
f 357/609/357 363/615/363 369/621/369 
f 357/609/357 369/621/369 368/620/368 
f 365/617/365 367/619/367 370/622/370 
f 364/616/364 371/623/371 369/621/369 
f 364/624/364 372/625/372 371/626/371 
f 362/614/362 366/618/366 373/627/373 
f 366/618/366 374/628/374 373/627/373 
f 373/627/373 367/619/367 362/614/362 
f 366/618/366 375/629/375 374/628/374 
f 368/620/368 375/629/375 366/618/366 
f 367/619/367 376/630/376 370/622/370 
f 373/627/373 376/630/376 367/619/367 
f 373/627/373 377/631/377 376/630/376 
f 374/628/374 377/631/377 373/627/373 
f 374/628/374 378/632/378 377/631/377 
f 375/629/375 378/632/378 374/628/374 
f 375/629/375 379/633/379 378/632/378 
f 368/620/368 380/634/380 375/629/375 
f 369/621/369 380/634/380 368/620/368 
f 369/621/369 381/635/381 380/634/380 
f 222/511/222 289/636/289 232/637/232 
f 287/533/287 382/638/382 265/639/265 
f 382/638/382 383/640/383 265/639/265 
f 265/639/265 383/640/383 275/641/275 
f 382/638/382 287/533/287 294/532/294 
f 383/642/383 384/643/384 275/644/275 
f 275/645/275 302/646/302 286/647/286 
f 384/648/384 301/548/301 275/547/275 
f 294/532/294 277/534/277 385/649/385 
f 302/549/302 301/548/301 304/551/304 
f 277/534/277 295/537/295 385/649/385 
f 283/501/283 253/425/253 266/463/266 
f 385/649/385 295/537/295 386/650/386 
f 387/651/387 306/553/306 267/555/267 
f 388/652/388 308/556/308 389/653/389 
f 388/652/388 390/654/390 308/556/308 
f 390/654/390 311/559/311 308/556/308 
f 391/655/391 313/561/313 311/559/311 
f 389/653/389 310/558/310 392/656/392 
f 389/653/389 308/556/308 310/558/310 
f 315/563/315 314/562/314 313/561/313 
f 392/656/392 310/558/310 393/657/393 
f 310/558/310 317/565/317 393/657/393 
f 325/574/325 321/573/321 316/658/316 
f 317/565/317 323/571/323 393/657/393 
f 393/657/393 323/571/323 394/659/394 
f 325/574/325 395/660/395 324/572/324 
f 323/571/323 327/577/327 394/659/394 
f 394/659/394 327/577/327 331/661/331 
f 395/660/395 330/662/330 324/572/324 
f 331/661/331 332/584/332 337/589/337 
f 395/663/395 339/591/339 330/580/330 
f 396/664/396 334/586/334 333/585/333 
f 397/665/397 333/585/333 335/587/335 
f 336/588/336 339/591/339 398/666/398 
f 398/666/398 335/587/335 336/588/336 
f 340/592/340 399/667/399 341/593/341 
f 399/667/399 343/595/343 341/593/341 
f 342/594/342 352/604/352 359/611/359 
f 352/604/352 354/606/354 359/611/359 
f 355/607/355 358/610/358 400/668/400 
f 355/607/355 400/668/400 361/613/361 
f 354/606/354 401/669/401 360/612/360 
f 400/668/400 372/670/372 361/613/361 
f 361/671/361 372/625/372 364/624/364 
f 354/606/354 365/617/365 401/669/401 
f 365/617/365 370/622/370 401/669/401 
f 370/622/370 376/630/376 401/669/401 
f 375/629/375 380/634/380 379/633/379 
f 261/453/261 117/500/117 402/672/402 
f 403/673/403 404/674/404 274/675/274 
f 403/673/403 405/676/405 406/677/406 
f 405/678/405 407/679/407 408/680/408 
f 407/679/407 409/681/409 408/680/408 
f 407/679/407 410/682/410 409/681/409 
f 410/683/410 411/684/411 409/685/409 
f 410/683/410 412/686/412 411/684/411 
f 413/687/413 414/688/414 415/689/415 
f 416/690/416 414/688/414 413/687/413 
f 416/690/416 417/691/417 414/688/414 
f 418/692/418 417/691/417 416/690/416 
f 293/693/293 384/694/384 418/695/418 
f 383/640/383 419/696/419 420/697/420 
f 385/649/385 382/638/382 294/532/294 
f 383/640/383 421/698/421 419/696/419 
f 385/649/385 386/650/386 382/638/382 
f 422/699/422 421/700/421 423/701/423 
f 422/702/422 423/703/423 424/704/424 
f 423/703/423 305/705/305 424/704/424 
f 305/706/305 307/554/307 306/553/306 
f 425/707/425 389/653/389 392/656/392 
f 388/708/388 426/709/426 390/710/390 
f 390/710/390 426/709/426 391/711/391 
f 426/709/426 427/712/427 391/711/391 
f 391/711/391 427/712/427 315/713/315 
f 315/714/315 428/715/428 429/716/429 
f 391/655/391 311/559/311 390/654/390 
f 315/563/315 313/561/313 391/655/391 
f 315/563/315 429/717/429 316/564/316 
f 425/718/425 392/719/392 393/720/393 
f 429/717/429 325/721/325 316/564/316 
f 429/717/429 430/722/430 325/721/325 
f 431/723/431 142/470/142 288/515/288 
f 430/722/430 432/724/432 325/721/325 
f 432/724/432 395/663/395 325/721/325 
f 394/659/394 331/661/331 433/725/433 
f 432/724/432 434/726/434 395/663/395 
f 433/725/433 331/661/331 337/589/337 
f 434/726/434 339/591/339 395/663/395 
f 433/727/433 337/728/337 435/729/435 
f 334/586/334 396/664/396 338/590/338 
f 333/585/333 397/665/397 396/664/396 
f 335/587/335 398/666/398 397/665/397 
f 338/730/338 436/731/436 437/732/437 
f 397/733/397 438/734/438 396/735/396 
f 339/736/339 439/737/439 398/738/398 
f 440/739/440 441/740/441 442/741/442 
f 442/741/442 441/740/441 443/742/443 
f 440/739/440 444/743/444 441/740/441 
f 440/744/440 445/745/445 444/746/444 
f 444/747/444 446/748/446 441/749/441 
f 445/745/445 446/750/446 444/746/444 
f 447/751/447 342/594/342 448/752/448 
f 447/751/447 340/592/340 342/594/342 
f 449/753/449 450/754/450 348/600/348 
f 450/754/450 351/603/351 348/600/348 
f 450/754/450 358/610/358 351/603/351 
f 358/755/358 450/756/450 451/757/451 
f 342/594/342 359/611/359 448/752/448 
f 448/752/448 359/611/359 452/758/452 
f 359/611/359 360/612/360 452/758/452 
f 452/759/452 360/760/360 453/761/453 
f 358/755/358 451/757/451 454/762/454 
f 358/755/358 454/762/454 400/763/400 
f 453/761/453 360/760/360 455/764/455 
f 400/668/400 456/765/456 372/670/372 
f 400/763/400 454/762/454 456/766/456 
f 360/760/360 401/767/401 455/764/455 
f 456/765/456 457/768/457 372/670/372 
f 457/769/457 456/770/456 458/771/458 
f 457/768/457 371/623/371 372/670/372 
f 457/768/457 381/635/381 371/623/371 
f 457/769/457 458/771/458 381/772/381 
f 183/476/183 459/773/459 273/477/273 
f 455/764/455 401/767/401 376/774/376 
f 381/635/381 369/621/369 371/623/371 
f 378/775/378 379/776/379 460/777/460 
f 187/451/187 191/516/191 300/546/300 
f 461/778/461 293/529/293 261/528/261 
f 274/479/274 404/779/404 462/780/462 
f 403/673/403 406/677/406 404/674/404 
f 405/676/405 408/781/408 463/782/463 
f 409/685/409 411/684/411 464/783/464 
f 411/684/411 412/686/412 415/689/415 
f 412/686/412 413/687/413 415/689/415 
f 461/778/461 384/648/384 293/529/293 
f 405/676/405 463/782/463 406/677/406 
f 408/781/408 465/784/465 463/782/463 
f 409/685/409 465/784/465 408/781/408 
f 409/685/409 464/783/464 465/784/465 
f 418/785/418 420/786/420 417/787/417 
f 418/788/418 383/640/383 420/697/420 
f 384/694/384 383/789/383 418/695/418 
f 286/647/286 302/646/302 466/790/466 
f 384/648/384 467/791/467 301/548/301 
f 303/550/303 424/792/424 305/552/305 
f 302/646/302 305/793/305 466/790/466 
f 305/794/305 468/795/468 466/796/466 
f 469/797/469 470/798/470 471/799/471 
f 471/799/471 470/798/470 472/800/472 
f 470/798/470 473/801/473 472/800/472 
f 472/800/472 473/801/473 474/802/474 
f 473/801/473 475/803/475 474/802/474 
f 475/803/475 476/804/476 474/802/474 
f 474/802/474 476/804/476 477/805/477 
f 476/804/476 478/806/478 477/805/477 
f 477/805/477 478/806/478 479/807/479 
f 478/806/478 480/808/480 479/807/479 
f 479/807/479 480/808/480 481/809/481 
f 480/808/480 482/810/482 481/809/481 
f 482/810/482 422/811/422 481/809/481 
f 481/812/481 422/813/422 483/814/483 
f 472/815/472 484/816/484 471/817/471 
f 474/818/474 484/816/484 472/815/472 
f 474/818/474 485/819/485 484/816/484 
f 474/818/474 486/820/486 485/819/485 
f 477/821/477 486/820/486 474/818/474 
f 479/822/479 486/820/486 477/821/477 
f 422/813/422 487/823/487 483/814/483 
f 488/824/488 487/825/487 422/826/422 
f 305/793/305 306/827/306 468/828/468 
f 484/816/484 489/829/489 471/817/471 
f 481/812/481 490/830/490 479/822/479 
f 491/831/491 471/817/471 489/829/489 
f 487/823/487 492/832/492 483/814/483 
f 487/833/487 488/834/488 492/835/492 
f 491/836/491 489/837/489 493/838/493 
f 488/834/488 494/839/494 492/835/492 
f 481/812/481 483/814/483 495/840/495 
f 126/435/126 296/539/296 279/490/279 
f 481/812/481 495/840/495 490/830/490 
f 479/822/479 490/830/490 486/820/486 
f 484/816/484 496/841/496 489/829/489 
f 484/816/484 485/819/485 496/841/496 
f 492/835/492 494/839/494 497/842/497 
f 494/839/494 498/843/498 497/842/497 
f 483/814/483 492/832/492 499/844/499 
f 485/819/485 500/845/500 496/841/496 
f 492/832/492 497/846/497 499/844/499 
f 486/820/486 500/845/500 485/819/485 
f 493/838/493 489/837/489 501/847/501 
f 489/837/489 502/848/502 501/847/501 
f 486/820/486 503/849/503 500/845/500 
f 490/830/490 503/849/503 486/820/486 
f 496/841/496 504/850/504 505/851/505 
f 500/845/500 504/850/504 496/841/496 
f 500/845/500 506/852/506 504/850/504 
f 500/845/500 503/849/503 506/852/506 
f 495/853/495 507/854/507 490/855/490 
f 506/856/506 508/857/508 504/858/504 
f 506/856/506 509/859/509 508/857/508 
f 503/860/503 509/859/509 506/856/506 
f 503/860/503 510/861/510 509/859/509 
f 490/862/490 510/861/510 503/860/503 
f 490/862/490 507/863/507 510/861/510 
f 483/814/483 499/844/499 495/840/495 
f 511/864/511 501/847/501 512/865/512 
f 501/866/501 502/430/502 512/867/512 
f 512/865/512 513/868/513 511/864/511 
f 505/851/505 514/869/514 496/841/496 
f 505/870/505 515/871/515 514/872/514 
f 489/829/489 496/841/496 514/869/514 
f 489/829/489 514/869/514 502/873/502 
f 389/874/389 425/875/425 516/876/516 
f 389/874/389 516/876/516 388/708/388 
f 388/708/388 516/876/516 426/709/426 
f 497/846/497 517/877/517 499/844/499 
f 498/843/498 518/878/518 497/842/497 
f 497/842/497 518/878/518 517/879/517 
f 512/865/512 519/880/519 513/868/513 
f 512/865/512 502/848/502 519/880/519 
f 520/881/520 495/840/495 499/844/499 
f 393/720/393 521/882/521 425/718/425 
f 495/840/495 520/881/520 522/883/522 
f 520/881/520 499/844/499 523/884/523 
f 429/885/429 428/886/428 524/887/524 
f 502/848/502 525/888/525 519/880/519 
f 499/844/499 517/877/517 523/884/523 
f 518/878/518 526/889/526 517/879/517 
f 517/877/517 526/890/526 523/884/523 
f 502/873/502 514/869/514 527/891/527 
f 528/892/528 520/881/520 523/884/523 
f 525/888/525 502/848/502 527/893/527 
f 526/890/526 529/894/529 523/884/523 
f 523/884/523 530/895/530 528/892/528 
f 523/884/523 529/894/529 530/895/530 
f 429/885/429 524/887/524 430/896/430 
f 525/888/525 527/893/527 531/897/531 
f 522/883/522 520/881/520 532/898/532 
f 531/897/531 527/893/527 533/899/533 
f 529/900/529 534/901/534 530/902/530 
f 514/872/514 515/871/515 535/903/535 
f 520/881/520 528/892/528 536/904/536 
f 527/891/527 514/869/514 535/905/535 
f 527/891/527 537/906/537 533/907/533 
f 520/881/520 536/904/536 532/898/532 
f 533/907/533 537/906/537 538/908/538 
f 393/720/393 394/909/394 521/882/521 
f 538/908/538 537/906/537 539/910/539 
f 534/901/534 540/911/540 530/902/530 
f 538/912/538 539/913/539 541/914/541 
f 542/915/542 532/916/532 536/917/536 
f 541/914/541 539/913/539 543/918/543 
f 535/905/535 544/919/544 527/891/527 
f 543/918/543 539/913/539 545/920/545 
f 539/910/539 537/906/537 545/921/545 
f 433/727/433 521/882/521 394/909/394 
f 527/891/527 544/919/544 537/906/537 
f 433/727/433 546/922/546 521/882/521 
f 537/906/537 547/923/547 545/921/545 
f 537/906/537 544/919/544 547/923/547 
f 542/915/542 536/917/536 548/924/548 
f 549/925/549 550/926/550 544/927/544 
f 543/918/543 545/920/545 551/928/551 
f 430/929/430 552/930/552 432/931/432 
f 551/928/551 545/920/545 553/932/553 
f 545/921/545 547/923/547 553/933/553 
f 544/919/544 550/934/550 547/923/547 
f 530/895/530 554/935/554 528/892/528 
f 540/911/540 554/936/554 530/902/530 
f 536/904/536 528/892/528 555/937/555 
f 551/928/551 553/932/553 556/938/556 
f 553/932/553 557/939/557 556/938/556 
f 553/933/553 547/923/547 557/940/557 
f 536/917/536 555/941/555 548/924/548 
f 432/931/432 552/930/552 434/942/434 
f 550/926/550 549/925/549 558/943/558 
f 556/938/556 557/939/557 559/944/559 
f 557/939/557 560/945/560 559/944/559 
f 557/940/557 547/923/547 560/946/560 
f 548/924/548 555/941/555 561/947/561 
f 528/892/528 554/935/554 562/948/562 
f 540/911/540 563/949/563 554/936/554 
f 554/936/554 563/949/563 562/950/562 
f 555/937/555 528/892/528 562/948/562 
f 547/923/547 550/934/550 560/946/560 
f 550/934/550 564/951/564 560/946/560 
f 433/727/433 435/729/435 546/922/546 
f 339/952/339 434/942/434 439/953/439 
f 396/735/396 436/731/436 338/730/338 
f 397/733/397 565/954/565 438/734/438 
f 566/955/566 565/954/565 397/733/397 
f 397/733/397 398/956/398 566/955/566 
f 337/957/337 437/958/437 435/959/435 
f 338/590/338 437/960/437 337/589/337 
f 396/735/396 438/734/438 436/731/436 
f 550/926/550 558/943/558 567/961/567 
f 555/937/555 562/948/562 568/962/568 
f 562/950/562 563/949/563 569/963/569 
f 561/947/561 555/941/555 570/964/570 
f 570/965/570 555/937/555 568/962/568 
f 559/944/559 560/945/560 571/966/571 
f 550/934/550 567/967/567 564/951/564 
f 567/967/567 572/968/572 564/951/564 
f 563/949/563 573/969/573 569/963/569 
f 560/945/560 574/970/574 571/966/571 
f 567/967/567 575/971/575 572/968/572 
f 575/971/575 576/972/576 572/968/572 
f 577/973/577 578/974/578 579/975/579 
f 578/974/578 580/976/580 579/975/579 
f 579/975/579 581/977/581 582/978/582 
f 580/976/580 581/977/581 579/975/579 
f 576/972/576 583/979/583 572/968/572 
f 584/980/584 583/979/583 576/972/576 
f 577/981/577 583/979/583 584/980/584 
f 579/982/579 583/979/583 577/981/577 
f 579/982/579 585/983/585 583/979/583 
f 582/984/582 585/983/585 579/982/579 
f 582/984/582 586/985/586 585/983/585 
f 583/979/583 587/986/587 572/968/572 
f 583/979/583 588/987/588 587/986/587 
f 585/983/585 588/987/588 583/979/583 
f 586/985/586 589/988/589 585/983/585 
f 586/985/586 590/989/590 589/988/589 
f 562/948/562 569/990/569 568/962/568 
f 591/991/591 592/992/592 585/983/585 
f 564/951/564 572/968/572 593/993/593 
f 585/983/585 592/992/592 588/987/588 
f 564/951/564 594/994/594 560/946/560 
f 564/995/564 593/996/593 595/997/595 
f 585/983/585 589/988/589 591/991/591 
f 587/986/587 596/998/596 572/968/572 
f 560/946/560 594/994/594 574/999/574 
f 564/995/564 595/997/595 594/1000/594 
f 570/965/570 568/962/568 590/989/590 
f 590/989/590 568/962/568 597/1001/597 
f 571/966/571 574/970/574 598/1002/598 
f 574/999/574 594/994/594 599/1003/599 
f 574/970/574 600/1004/600 598/1002/598 
f 594/1005/594 601/1006/601 599/1007/599 
f 591/991/591 602/1008/602 603/1009/603 
f 593/1010/593 604/1011/604 605/1012/605 
f 593/993/593 572/968/572 604/1013/604 
f 572/968/572 596/998/596 606/1014/606 
f 607/1015/607 596/998/596 587/986/587 
f 591/991/591 589/988/589 602/1008/602 
f 443/715/443 608/1016/608 442/1017/442 
f 608/1018/608 609/1019/609 442/1020/442 
f 609/1019/609 440/1021/440 442/1020/442 
f 609/1019/609 445/1022/445 440/1021/440 
f 610/1023/610 603/1009/603 602/1008/602 
f 599/1024/599 611/1025/611 574/1026/574 
f 601/1006/601 611/1027/611 599/1007/599 
f 612/1028/612 596/998/596 607/1015/607 
f 574/999/574 611/1029/611 613/1030/613 
f 614/1031/614 443/1032/443 441/749/441 
f 614/1031/614 441/749/441 446/748/446 
f 590/989/590 597/1001/597 589/988/589 
f 572/968/572 615/1033/615 604/1013/604 
f 572/968/572 606/1014/606 615/1033/615 
f 569/990/569 616/1034/616 568/962/568 
f 573/969/573 616/1035/616 569/963/569 
f 611/1029/611 617/1036/617 613/1030/613 
f 604/1013/604 617/1036/617 611/1029/611 
f 573/969/573 618/1037/618 616/1035/616 
f 574/999/574 613/1030/613 600/1038/600 
f 612/1028/612 610/1023/610 619/1039/619 
f 610/1023/610 602/1008/602 619/1039/619 
f 619/1039/619 596/998/596 612/1028/612 
f 602/1008/602 620/1040/620 619/1039/619 
f 613/1030/613 621/1041/621 600/1038/600 
f 597/1001/597 568/962/568 622/1042/622 
f 621/1041/621 623/1043/623 600/1038/600 
f 613/1044/613 617/1045/617 624/1046/624 
f 617/1036/617 604/1013/604 615/1033/615 
f 596/998/596 619/1039/619 620/1040/620 
f 600/1004/600 625/1047/625 598/1002/598 
f 598/1002/598 625/1047/625 626/1048/626 
f 600/1038/600 623/1043/623 625/1049/625 
f 621/1050/621 627/1051/627 623/1052/623 
f 596/998/596 628/1053/628 606/1014/606 
f 602/1008/602 589/988/589 620/1040/620 
f 629/1054/629 623/1055/623 627/701/627 
f 624/1056/624 617/1057/617 630/1058/630 
f 620/1040/620 628/1053/628 596/998/596 
f 568/962/568 616/1034/616 622/1042/622 
f 617/1036/617 615/1033/615 630/1059/630 
f 620/1040/620 631/1060/631 628/1053/628 
f 620/1040/620 632/1061/632 631/1060/631 
f 589/988/589 632/1061/632 620/1040/620 
f 589/988/589 633/1062/633 632/1061/632 
f 597/1001/597 634/1063/634 589/988/589 
f 589/988/589 634/1063/634 633/1062/633 
f 635/1064/635 615/1065/615 606/1066/606 
f 606/1066/606 628/1067/628 636/1068/636 
f 636/1068/636 628/1067/628 631/1069/631 
f 633/1070/633 634/1071/634 637/1072/637 
f 634/1073/634 638/1074/638 639/1075/639 
f 634/1063/634 597/1001/597 638/1076/638 
f 629/1077/629 640/1078/640 623/1079/623 
f 618/1037/618 641/1080/641 616/1035/616 
f 641/1080/641 622/1081/622 616/1035/616 
f 629/1082/629 642/1083/642 640/1084/640 
f 643/1085/643 630/1086/630 644/1087/644 
f 640/1088/640 642/1089/642 623/1090/623 
f 644/1091/644 630/1059/630 615/1033/615 
f 626/1048/626 625/1047/625 645/1092/645 
f 645/1092/645 625/1047/625 646/1093/646 
f 625/1049/625 623/1043/623 646/1094/646 
f 647/1095/647 343/1096/343 399/1097/399 
f 647/1095/647 345/1098/345 343/1096/343 
f 345/1099/345 648/1100/648 347/1101/347 
f 649/1102/649 348/600/348 347/599/347 
f 649/526/649 449/1103/449 348/1104/348 
f 163/543/163 165/446/165 650/1105/650 
f 641/1080/641 651/1106/651 622/1081/622 
f 597/1001/597 652/1107/652 638/1076/638 
f 597/1001/597 622/1042/622 652/1107/652 
f 642/1108/642 646/1094/646 623/1043/623 
f 447/1109/447 448/1110/448 653/1111/653 
f 451/757/451 450/756/450 449/1112/449 
f 654/1113/654 651/1106/651 641/1080/641 
f 615/1033/615 655/1114/655 644/1091/644 
f 622/1042/622 651/1115/651 656/1116/656 
f 642/1108/642 644/1091/644 657/1117/657 
f 658/1079/658 646/1118/646 659/1119/659 
f 659/1120/659 646/1121/646 660/1122/660 
f 646/1123/646 657/1124/657 660/1125/660 
f 644/1091/644 661/1126/661 657/1117/657 
f 644/1091/644 655/1114/655 661/1126/661 
f 622/1042/622 656/1116/656 652/1107/652 
f 645/1092/645 646/1093/646 662/1127/662 
f 642/1108/642 657/1117/657 646/1094/646 
f 658/1128/658 662/1052/662 646/1129/646 
f 653/1111/653 448/1110/448 452/759/452 
f 660/1130/660 657/59/657 663/1131/663 
f 657/1132/657 661/137/661 664/1133/664 
f 664/1133/664 661/137/661 665/1134/665 
f 663/1135/663 657/1132/657 664/1133/664 
f 639/1075/639 638/1074/638 652/1136/652 
f 665/1137/665 661/1138/661 666/1139/666 
f 667/1140/667 668/1141/668 655/1142/655 
f 639/1075/639 652/1136/652 669/1143/669 
f 652/1107/652 656/1116/656 670/1144/670 
f 656/1116/656 651/1115/651 671/1145/671 
f 661/1146/661 672/1147/672 666/1148/666 
f 672/1149/672 673/1150/673 674/1151/674 
f 675/1152/675 666/1153/666 672/1149/672 
f 655/1114/655 672/1154/672 661/1126/661 
f 676/1155/676 673/1156/673 677/1157/677 
f 655/1114/655 668/1158/668 678/1159/678 
f 654/1113/654 671/1160/671 651/1106/651 
f 673/1161/673 672/1154/672 677/1162/677 
f 655/1114/655 678/1159/678 672/1154/672 
f 676/1163/676 677/1164/677 679/1165/679 
f 679/1166/679 677/1162/677 680/1167/680 
f 653/1111/653 452/759/452 453/761/453 
f 679/1168/679 680/1169/680 681/1170/681 
f 677/1162/677 682/1171/682 680/1167/680 
f 681/1170/681 680/1169/680 683/1172/683 
f 680/1167/680 682/1171/682 683/1173/683 
f 654/1113/654 684/1174/684 671/1160/671 
f 677/1162/677 672/1154/672 682/1171/682 
f 656/1116/656 685/1175/685 670/1144/670 
f 669/1143/669 652/1136/652 670/1176/670 
f 656/1116/656 686/1177/686 685/1175/685 
f 656/1116/656 671/1145/671 686/1177/686 
f 672/1154/672 678/1159/678 682/1171/682 
f 681/1170/681 683/1172/683 687/1178/687 
f 671/1145/671 688/1179/688 686/1177/686 
f 684/1174/684 688/1180/688 671/1160/671 
f 688/1179/688 689/1181/689 686/1177/686 
f 684/1174/684 689/1182/689 688/1180/688 
f 683/1172/683 690/1183/690 687/1178/687 
f 683/1173/683 682/1171/682 690/1184/690 
f 684/1174/684 691/1185/691 689/1182/689 
f 687/1178/687 690/1183/690 692/1186/692 
f 668/1158/668 693/1187/693 678/1159/678 
f 692/1186/692 690/1183/690 694/1188/694 
f 690/1184/690 682/1171/682 694/1189/694 
f 682/1171/682 678/1159/678 695/1190/695 
f 689/1181/689 696/1191/696 686/1177/686 
f 691/1185/691 696/1192/696 689/1182/689 
f 682/1171/682 695/1190/695 697/1193/697 
f 698/1194/698 697/1195/697 695/1196/695 
f 692/1186/692 694/1188/694 699/1197/699 
f 691/1185/691 700/1198/700 696/1192/696 
f 682/1171/682 697/1193/697 701/1199/701 
f 670/1176/670 685/1200/685 702/1201/702 
f 703/1202/703 701/1199/701 697/1193/697 
f 704/1203/704 703/1204/703 697/1205/697 
f 678/1159/678 705/1206/705 695/1190/695 
f 686/1177/686 696/1191/696 706/1207/706 
f 682/1171/682 707/1208/707 694/1189/694 
f 682/1171/682 701/1199/701 707/1208/707 
f 699/1197/699 694/1188/694 708/1209/708 
f 695/1210/695 705/1211/705 709/1212/709 
f 705/1206/705 678/1159/678 710/1213/710 
f 685/1175/685 686/1177/686 706/1207/706 
f 709/1214/709 705/1206/705 711/1215/711 
f 703/1216/703 712/1217/712 701/1218/701 
f 694/1188/694 707/1219/707 708/1209/708 
f 712/1220/712 707/1208/707 701/1199/701 
f 703/1202/703 713/1221/713 712/1220/712 
f 711/1222/711 710/1223/710 713/1224/713 
f 705/1206/705 710/1213/710 711/1215/711 
f 710/1213/710 678/1159/678 714/1225/714 
f 700/1198/700 715/1226/715 696/1192/696 
f 678/1159/678 693/1187/693 714/1225/714 
f 713/1227/713 710/1228/710 712/1229/712 
f 708/1209/708 707/1219/707 716/1230/716 
f 708/1209/708 716/1230/716 717/1231/717 
f 702/1201/702 685/1200/685 718/1232/718 
f 702/1201/702 718/1232/718 719/1233/719 
f 712/1220/712 710/1213/710 707/1208/707 
f 720/1234/720 714/1235/714 693/1236/693 
f 706/1207/706 721/1237/721 685/1175/685 
f 715/1226/715 706/1238/706 696/1192/696 
f 717/1231/717 716/1230/716 722/1239/722 
f 716/1240/716 707/1208/707 722/1241/722 
f 717/1231/717 722/1239/722 723/1242/723 
f 707/1208/707 724/1243/724 722/1241/722 
f 725/1244/725 714/1235/714 720/1234/720 
f 710/1213/710 714/1225/714 707/1208/707 
f 707/1208/707 714/1225/714 724/1243/724 
f 685/1175/685 726/1245/726 718/1246/718 
f 715/1226/715 721/1247/721 706/1238/706 
f 721/1237/721 726/1245/726 685/1175/685 
f 714/1225/714 727/1248/727 724/1243/724 
f 715/1226/715 728/1249/728 721/1247/721 
f 725/1244/725 727/1250/727 714/1235/714 
f 723/1242/723 722/1239/722 729/1251/729 
f 729/1251/729 722/1239/722 730/1252/730 
f 722/1241/722 724/1243/724 730/1253/730 
f 731/1254/731 727/1250/727 725/1244/725 
f 732/1255/732 455/764/455 376/774/376 
f 719/1233/719 718/1232/718 733/1256/733 
f 728/1249/728 726/1257/726 721/1247/721 
f 719/1233/719 733/1256/733 734/1258/734 
f 730/1252/730 735/1259/735 729/1251/729 
f 730/1253/730 724/1243/724 735/1260/735 
f 726/1245/726 733/1261/733 718/1246/718 
f 729/1251/729 735/1259/735 736/1262/736 
f 737/1263/737 376/1264/376 377/1265/377 
f 737/1263/737 377/1265/377 378/775/378 
f 737/1263/737 378/775/378 460/777/460 
f 738/1266/738 460/777/460 379/776/379 
f 738/1266/738 379/776/379 380/1267/380 
f 738/1266/738 380/1267/380 739/1268/739 
f 740/1269/740 380/1267/380 381/1270/381 
f 739/1268/739 380/1267/380 740/1269/740 
f 728/1249/728 741/1271/741 726/1257/726 
f 724/1243/724 742/1272/742 735/1260/735 
f 727/1248/727 731/1273/731 724/1243/724 
f 743/1274/743 744/1275/744 731/1276/731 
f 744/1275/744 745/1277/745 746/1278/746 
f 745/1277/745 747/1279/747 746/1278/746 
f 747/1279/747 748/1280/748 746/1278/746 
f 747/1279/747 734/1281/734 748/1280/748 
f 734/1281/734 733/1282/733 748/1280/748 
f 744/1283/744 749/1284/749 731/1273/731 
f 746/1285/746 749/1284/749 744/1283/744 
f 746/1285/746 750/1286/750 749/1284/749 
f 746/1285/746 748/1287/748 750/1286/750 
f 724/1243/724 751/1288/751 742/1272/742 
f 749/1284/749 752/1289/752 731/1273/731 
f 733/1261/733 753/1290/753 748/1287/748 
f 749/1284/749 754/1291/754 752/1289/752 
f 750/1286/750 755/1292/755 749/1284/749 
f 748/1287/748 756/1293/756 750/1286/750 
f 733/1261/733 726/1245/726 753/1290/753 
f 736/1262/736 735/1259/735 757/1294/757 
f 736/1262/736 757/1294/757 758/1295/758 
f 735/1260/735 742/1272/742 757/1296/757 
f 752/1289/752 759/1297/759 731/1273/731 
f 724/1243/724 760/1298/760 751/1288/751 
f 731/1273/731 760/1298/760 724/1243/724 
f 759/1297/759 760/1298/760 731/1273/731 
f 759/1297/759 761/1299/761 760/1298/760 
f 762/1300/762 761/1299/761 759/1297/759 
f 762/1301/762 759/1164/759 752/1302/752 
f 762/1300/762 752/1289/752 754/1291/754 
f 760/1298/760 763/1303/763 751/1288/751 
f 763/1303/763 760/1298/760 761/1299/761 
f 754/1304/754 764/1305/764 765/1306/765 
f 742/1272/742 751/1288/751 766/1307/766 
f 749/1284/749 767/1308/767 754/1291/754 
f 754/1309/754 767/1310/767 764/1311/764 
f 750/1286/750 768/1312/768 755/1292/755 
f 748/1287/748 753/1290/753 756/1293/756 
f 755/1292/755 769/1313/769 767/1308/767 
f 767/1308/767 749/1284/749 755/1292/755 
f 758/1295/758 757/1294/757 770/1314/770 
f 757/1296/757 742/1272/742 770/1315/770 
f 741/1271/741 771/1316/771 726/1257/726 
f 771/1316/771 772/1317/772 726/1257/726 
f 773/1318/773 774/1319/774 775/1320/775 
f 726/1245/726 772/1321/772 753/1290/753 
f 766/1307/766 775/1320/775 742/1272/742 
f 776/1322/776 769/1313/769 777/1323/777 
f 767/1308/767 769/1313/769 776/1322/776 
f 758/1295/758 770/1314/770 778/1324/778 
f 779/1325/779 772/1317/772 771/1316/771 
f 775/1320/775 774/1319/774 742/1272/742 
f 756/1293/756 768/1312/768 750/1286/750 
f 774/1319/774 780/1326/780 742/1272/742 
f 781/1327/781 782/1328/782 783/1329/783 
f 781/1330/781 769/1313/769 782/1331/782 
f 777/1323/777 769/1313/769 781/1330/781 
f 780/1326/780 770/1315/770 742/1272/742 
f 784/1332/784 785/1333/785 774/1334/774 
f 774/1319/774 785/1335/785 780/1326/780 
f 769/1313/769 786/1336/786 782/1331/782 
f 755/1292/755 786/1336/786 769/1313/769 
f 755/1292/755 787/1337/787 786/1336/786 
f 755/1292/755 768/1312/768 787/1337/787 
f 756/1293/756 788/1338/788 768/1312/768 
f 756/1293/756 789/1339/789 788/1338/788 
f 753/1290/753 789/1339/789 756/1293/756 
f 772/1321/772 789/1339/789 753/1290/753 
f 778/1340/778 770/1341/770 780/1342/780 
f 778/1340/778 780/1342/780 785/1343/785 
f 790/1344/790 783/1329/783 782/1328/782 
f 790/1345/790 782/1346/782 786/1347/786 
f 790/1345/790 786/1347/786 791/1348/791 
f 791/1348/791 786/1347/786 792/1349/792 
f 792/1349/792 786/1347/786 787/1350/787 
f 792/1349/792 787/1350/787 793/1351/793 
f 793/1351/793 787/1350/787 768/1352/768 
f 793/1351/793 768/1352/768 788/1353/788 
f 793/1351/793 788/1353/788 794/1354/794 
f 794/1354/794 788/1353/788 789/1355/789 
f 794/1354/794 789/1355/789 795/1356/795 
f 795/1356/795 789/1355/789 779/1357/779 
f 779/1357/779 789/1355/789 772/1358/772 
f 796/1359/796 224/522/224 227/1360/227 
f 462/780/462 292/540/292 274/479/274 
f 266/463/266 243/409/243 240/411/240 
f 462/780/462 404/779/404 797/1361/797 
f 414/1362/414 478/1363/478 415/1364/415 
f 417/787/417 480/1365/480 414/1362/414 
f 420/786/420 419/1366/419 417/787/417 
f 406/1367/406 470/1368/470 404/1369/404 
f 798/1370/798 463/1371/463 465/1372/465 
f 461/778/461 467/791/467 384/648/384 
f 417/787/417 419/1366/419 480/1365/480 
f 404/1369/404 470/1368/470 469/1373/469 
f 464/1374/464 798/1370/798 465/1372/465 
f 464/1374/464 411/1375/411 798/1370/798 
f 797/1376/797 404/1369/404 469/1373/469 
f 463/1371/463 798/1370/798 406/1367/406 
f 411/1375/411 475/1377/475 798/1370/798 
f 478/1363/478 799/1378/799 415/1364/415 
f 414/1362/414 480/1365/480 478/1363/478 
f 800/1379/800 301/548/301 467/791/467 
f 415/1364/415 799/1378/799 411/1375/411 
f 411/1375/411 799/1378/799 475/1377/475 
f 421/1380/421 801/1381/801 419/1382/419 
f 800/1383/800 304/1384/304 301/1385/301 
f 799/1378/799 478/1363/478 476/1386/476 
f 303/1387/303 304/1384/304 800/1383/800 
f 406/1367/406 798/1370/798 470/1368/470 
f 801/1388/801 480/1365/480 419/1366/419 
f 424/792/424 303/550/303 800/1379/800 
f 421/1389/421 422/813/422 801/1388/801 
f 798/1370/798 473/1390/473 470/1368/470 
f 801/1388/801 482/1391/482 480/1365/480 
f 797/1376/797 469/1373/469 491/831/491 
f 798/1370/798 475/1377/475 473/1390/473 
f 799/1378/799 476/1386/476 475/1377/475 
f 801/1388/801 422/813/422 482/1391/482 
f 488/1392/488 422/1393/422 424/1394/424 
f 267/555/267 283/1395/283 802/1396/802 
f 471/817/471 491/831/491 469/1373/469 
f 803/1397/803 494/839/494 488/834/488 
f 804/1398/804 494/839/494 803/1397/803 
f 804/1398/804 498/843/498 494/839/494 
f 493/838/493 501/847/501 805/1399/805 
f 806/1400/806 505/1401/505 807/1402/807 
f 505/1401/505 504/858/504 807/1402/807 
f 504/858/504 808/1403/808 807/1402/807 
f 504/858/504 508/857/508 808/1403/808 
f 510/861/510 809/1404/809 509/859/509 
f 501/847/501 511/864/511 805/1399/805 
f 806/1405/806 515/871/515 505/870/505 
f 810/1406/810 426/1407/426 516/1408/516 
f 811/1409/811 426/1407/426 810/1406/810 
f 811/1409/811 427/1410/427 426/1407/426 
f 812/1411/812 813/1412/813 427/1410/427 
f 427/1410/427 813/1412/813 315/1413/315 
f 315/1413/315 813/1412/813 428/1414/428 
f 804/1398/804 518/878/518 498/843/498 
f 804/1398/804 814/1415/814 518/878/518 
f 425/1416/425 521/1417/521 815/1418/815 
f 513/868/513 519/880/519 816/1419/816 
f 817/1420/817 524/1421/524 428/1414/428 
f 818/1422/818 518/878/518 814/1415/814 
f 519/880/519 525/888/525 816/1419/816 
f 816/1419/816 525/888/525 819/1423/819 
f 818/1422/818 526/889/526 518/878/518 
f 818/1422/818 529/1424/529 526/889/526 
f 820/1425/820 524/1421/524 817/1420/817 
f 821/1426/821 529/1424/529 818/1422/818 
f 821/1427/821 534/1428/534 529/1429/529 
f 815/1418/815 521/1417/521 822/1430/822 
f 515/871/515 823/1431/823 535/903/535 
f 531/897/531 533/899/533 824/1432/824 
f 821/1427/821 825/1433/825 534/1428/534 
f 533/899/533 538/912/538 824/1432/824 
f 825/1433/825 540/1434/540 534/1428/534 
f 538/912/538 541/914/541 824/1432/824 
f 823/1431/823 544/927/544 535/903/535 
f 541/914/541 543/918/543 826/1435/826 
f 822/1430/822 521/1417/521 827/1436/827 
f 827/1436/827 521/1417/521 546/1437/546 
f 828/1438/828 549/925/549 544/927/544 
f 829/1439/829 524/1421/524 820/1425/820 
f 524/887/524 829/1440/829 430/896/430 
f 826/1435/826 543/918/543 551/928/551 
f 829/1441/829 552/1442/552 430/1443/430 
f 830/1444/830 551/1445/551 556/1446/556 
f 827/1436/827 546/1437/546 831/1447/831 
f 832/1448/832 552/1442/552 829/1441/829 
f 556/1446/556 559/1449/559 830/1444/830 
f 825/1433/825 563/1450/563 540/1434/540 
f 830/1444/830 559/1449/559 833/1451/833 
f 825/1433/825 834/1452/834 563/1450/563 
f 832/1448/832 439/1453/439 552/1442/552 
f 831/1447/831 546/1437/546 435/1454/435 
f 552/930/552 439/953/439 434/942/434 
f 437/1455/437 835/1456/835 435/1454/435 
f 836/1457/836 565/1458/565 566/1459/566 
f 837/1460/837 563/1450/563 834/1452/834 
f 566/955/566 398/956/398 832/1461/832 
f 832/1448/832 398/1462/398 439/1453/439 
f 833/1451/833 559/1449/559 838/1463/838 
f 559/1449/559 571/1464/571 838/1463/838 
f 837/1460/837 573/1465/573 563/1450/563 
f 576/1466/576 839/1467/839 584/1468/584 
f 840/1469/840 575/1470/575 567/1471/567 
f 584/1468/584 839/1467/839 577/973/577 
f 578/974/578 577/973/577 839/1467/839 
f 838/1463/838 571/1464/571 598/1472/598 
f 588/987/588 607/1015/607 587/986/587 
f 588/987/588 841/1473/841 607/1015/607 
f 588/987/588 592/992/592 841/1473/841 
f 592/992/592 603/1009/603 841/1473/841 
f 592/992/592 591/991/591 603/1009/603 
f 601/1474/601 594/994/594 595/1475/595 
f 841/1473/841 608/1476/608 607/1015/607 
f 841/1473/841 609/1477/609 608/1476/608 
f 603/1009/603 609/1477/609 841/1473/841 
f 603/1009/603 445/1478/445 609/1477/609 
f 603/1009/603 610/1023/610 445/1478/445 
f 607/1015/607 608/1476/608 443/1479/443 
f 607/1015/607 614/1480/614 612/1028/612 
f 611/1029/611 605/1481/605 604/1013/604 
f 601/1474/601 605/1481/605 611/1029/611 
f 443/1482/443 614/1483/614 607/1484/607 
f 445/1478/445 610/1023/610 446/1485/446 
f 598/1472/598 842/1486/842 838/1463/838 
f 614/1480/614 610/1023/610 612/1028/612 
f 446/1485/446 610/1023/610 614/1480/614 
f 837/1460/837 618/1487/618 573/1465/573 
f 837/1488/837 843/1489/843 618/1490/618 
f 613/1491/613 624/1492/624 627/1493/627 
f 613/1494/613 627/1495/627 621/1496/621 
f 626/1048/626 842/1497/842 598/1002/598 
f 843/1489/843 844/1498/844 618/1490/618 
f 624/1499/624 630/1500/630 643/1501/643 
f 631/1069/631 632/1502/632 636/1068/636 
f 634/1073/634 639/1075/639 637/1503/637 
f 844/1504/844 641/1505/641 618/1506/618 
f 642/1108/642 643/1507/643 644/1091/644 
f 845/1508/845 846/1509/846 647/1510/647 
f 645/1511/645 842/1512/842 626/1513/626 
f 847/1514/847 340/592/340 447/751/447 
f 845/1508/845 647/1510/647 399/667/399 
f 846/1509/846 345/597/345 647/1510/647 
f 848/1515/848 399/667/399 340/592/340 
f 648/1516/648 345/597/345 846/1509/846 
f 849/1517/849 347/599/347 648/1516/648 
f 849/1517/849 649/1102/649 347/599/347 
f 641/1505/641 844/1504/844 654/1518/654 
f 847/1514/847 447/751/447 653/1519/653 
f 645/1092/645 662/1127/662 658/1520/658 
f 645/1521/645 658/1522/658 850/1523/850 
f 660/1122/660 663/1524/663 851/1525/851 
f 673/1156/673 676/1155/676 852/1526/852 
f 679/1168/679 681/1170/681 853/1527/853 
f 654/1518/654 844/1504/844 684/1528/684 
f 667/1140/667 854/1529/854 668/1141/668 
f 844/1498/844 855/1530/855 684/1531/684 
f 854/1529/854 856/1532/856 668/1141/668 
f 857/1533/857 653/1519/653 858/1534/858 
f 451/1535/451 859/1536/859 454/1537/454 
f 684/1531/684 855/1530/855 860/1538/860 
f 687/1539/687 692/1540/692 861/1541/861 
f 454/1537/454 859/1536/859 862/1542/862 
f 653/1519/653 453/1543/453 858/1534/858 
f 860/1544/860 691/1545/691 684/1546/684 
f 668/1141/668 856/1532/856 693/1236/693 
f 858/1534/858 453/1543/453 863/1547/863 
f 691/1545/691 860/1544/860 700/1548/700 
f 692/1540/692 699/1549/699 861/1541/861 
f 700/1548/700 860/1544/860 864/1550/864 
f 699/1549/699 865/1551/865 861/1541/861 
f 708/1552/708 865/1551/865 699/1549/699 
f 713/1221/713 703/1202/703 711/1215/711 
f 453/1543/453 455/1553/455 863/1547/863 
f 864/1550/864 715/1554/715 700/1548/700 
f 863/1547/863 455/1553/455 866/1555/866 
f 865/1551/865 708/1552/708 717/1556/717 
f 864/1550/864 867/1557/867 715/1554/715 
f 454/762/454 868/1558/868 456/766/456 
f 454/1537/454 862/1542/862 868/1559/868 
f 868/1560/868 458/1561/458 456/765/456 
f 866/1555/866 455/1553/455 869/1562/869 
f 867/1557/867 870/1563/870 715/1554/715 
f 870/1563/870 728/1564/728 715/1554/715 
f 723/1565/723 729/1566/729 865/1551/865 
f 869/1562/869 455/1553/455 732/1567/732 
f 865/1551/865 729/1566/729 871/1568/871 
f 870/1563/870 872/1569/872 728/1564/728 
f 729/1566/729 736/1570/736 871/1568/871 
f 873/1571/873 743/1572/743 731/1573/731 
f 458/771/458 740/1574/740 381/772/381 
f 376/1264/376 737/1263/737 732/1575/732 
f 872/1569/872 741/1576/741 728/1564/728 
f 872/1569/872 874/1577/874 741/1576/741 
f 743/1274/743 875/1578/875 744/1275/744 
f 744/1275/744 876/1579/876 745/1277/745 
f 745/1277/745 877/1580/877 747/1279/747 
f 751/1581/751 763/1582/763 878/1583/878 
f 751/1584/751 878/1585/878 766/1586/766 
f 765/1587/765 764/1588/764 767/1589/767 
f 874/1577/874 771/1590/771 741/1576/741 
f 774/1591/774 773/1592/773 879/310/879 
f 879/1593/879 781/1327/781 783/1329/783 
f 776/1594/776 880/1595/880 767/1596/767 
f 874/1577/874 881/1597/881 771/1590/771 
f 758/1295/758 778/1324/778 882/1598/882 
f 771/1590/771 881/1597/881 779/1599/779 
f 882/1598/882 778/1324/778 883/1600/883 
f 884/1601/884 785/1602/785 784/1603/784 
f 790/1604/790 791/1605/791 885/1606/885 
f 791/1348/791 886/1607/886 885/1608/885 
f 791/1348/791 792/1349/792 886/1607/886 
f 792/1349/792 887/1609/887 886/1607/886 
f 887/1609/887 792/1349/792 888/1610/888 
f 793/1351/793 794/1354/794 888/1610/888 
f 779/1357/779 881/1611/881 889/1612/889 
f 883/1613/883 778/1340/778 884/1614/884 
f 884/1614/884 778/1340/778 785/1343/785 
f 783/1615/783 790/1604/790 885/1606/885 
f 792/1349/792 793/1351/793 888/1610/888 
f 889/1612/889 794/1354/794 795/1356/795 
f 889/1381/889 795/1616/795 779/1617/779 
f 890/1618/890 891/1619/891 286/512/286 
f 286/512/286 891/1619/891 264/460/264 
f 264/1620/264 266/463/266 240/411/240 
f 286/647/286 466/790/466 890/1621/890 
f 122/1622/122 892/1623/892 123/433/123 
f 797/1361/797 491/836/491 893/1624/893 
f 802/1396/802 894/1625/894 267/555/267 
f 267/555/267 894/1625/894 387/651/387 
f 306/1626/306 387/1627/387 895/1628/895 
f 491/836/491 493/838/493 893/1624/893 
f 893/1624/893 493/838/493 805/1399/805 
f 508/857/508 509/859/509 896/1629/896 
f 509/859/509 809/1404/809 896/1629/896 
f 510/861/510 897/1630/897 809/1404/809 
f 510/861/510 507/863/507 897/1630/897 
f 805/1399/805 511/864/511 816/1419/816 
f 898/1631/898 516/1408/516 425/1416/425 
f 810/1406/810 516/1408/516 898/1631/898 
f 812/1411/812 427/1410/427 811/1409/811 
f 511/864/511 513/868/513 816/1419/816 
f 495/1632/495 522/1633/522 899/1634/899 
f 813/1412/813 817/1420/817 428/1414/428 
f 425/1416/425 815/1418/815 898/1631/898 
f 140/507/140 142/470/142 431/723/431 
f 525/888/525 531/897/531 819/1423/819 
f 819/1423/819 531/897/531 900/1635/900 
f 532/916/532 542/915/542 901/1636/901 
f 531/897/531 824/1432/824 900/1635/900 
f 902/1637/902 268/467/268 134/434/134 
f 824/1638/824 541/1639/541 900/1640/900 
f 900/1635/900 541/914/541 826/1435/826 
f 823/1431/823 828/1438/828 544/927/544 
f 542/915/542 548/924/548 903/1641/903 
f 904/1642/904 548/924/548 561/947/561 
f 831/1447/831 435/1454/435 835/1456/835 
f 905/1643/905 436/1644/436 438/1645/438 
f 835/1646/835 437/732/437 906/1647/906 
f 436/731/436 907/1648/907 437/732/437 
f 905/1649/905 907/1648/907 436/731/436 
f 565/1458/565 905/1643/905 438/1645/438 
f 565/1458/565 836/1457/836 905/1643/905 
f 566/1459/566 908/1650/908 836/1457/836 
f 832/1651/832 908/1650/908 566/1459/566 
f 833/1652/833 838/1653/838 909/1654/909 
f 586/1655/586 910/1656/910 590/1657/590 
f 834/1658/834 911/1659/911 837/1488/837 
f 593/993/593 605/1481/605 595/1475/595 
f 595/1475/595 605/1481/605 601/1474/601 
f 636/1068/636 632/1502/632 912/1660/912 
f 632/1502/632 633/1070/633 913/1661/913 
f 633/1070/633 914/1662/914 913/1661/913 
f 633/1070/633 637/1072/637 914/1662/914 
f 639/1075/639 915/1663/915 637/1503/637 
f 399/667/399 848/1515/848 845/1508/845 
f 649/1664/649 916/1665/916 449/1666/449 
f 842/1497/842 645/1092/645 917/1667/917 
f 659/1668/659 850/1523/850 658/1522/658 
f 653/1519/653 857/1533/857 847/1514/847 
f 916/1665/916 859/1536/859 449/1666/449 
f 449/1666/449 859/1536/859 451/1535/451 
f 663/1135/663 664/1133/664 851/1669/851 
f 851/1586/851 664/1670/664 674/1671/674 
f 674/1672/674 852/1526/852 851/1525/851 
f 673/1150/673 852/1673/852 674/1151/674 
f 666/1139/666 675/1674/675 665/1137/665 
f 669/1143/669 915/1663/915 639/1075/639 
f 675/1152/675 672/1149/672 674/1151/674 
f 679/1165/679 853/1675/853 676/1163/676 
f 681/1170/681 687/1178/687 918/1676/918 
f 669/1143/669 919/1677/919 915/1663/915 
f 687/1178/687 861/1678/861 918/1676/918 
f 669/1143/669 670/1176/670 919/1677/919 
f 173/449/173 299/545/299 259/448/259 
f 920/1679/920 864/1680/864 860/1538/860 
f 670/1176/670 702/1201/702 919/1677/919 
f 698/1681/698 704/1682/704 697/1193/697 
f 695/1190/695 709/1214/709 698/1681/698 
f 704/1682/704 698/1681/698 709/1214/709 
f 856/1532/856 720/1234/720 693/1236/693 
f 709/1214/709 711/1215/711 704/1682/704 
f 704/1682/704 711/1215/711 703/1202/703 
f 717/1556/717 723/1565/723 865/1551/865 
f 720/1234/720 921/1683/921 725/1244/725 
f 868/1560/868 922/1684/922 458/1561/458 
f 867/1685/867 923/1686/923 870/1687/870 
f 180/474/180 459/773/459 183/476/183 
f 924/1688/924 872/1689/872 870/1687/870 
f 719/1233/719 734/1258/734 925/1690/925 
f 725/1244/725 926/1691/926 731/1254/731 
f 927/1692/927 869/1562/869 732/1567/732 
f 458/1561/458 922/1684/922 740/1693/740 
f 737/1694/737 927/1692/927 732/1567/732 
f 460/1695/460 928/1696/928 737/1694/737 
f 738/1697/738 929/1698/929 460/1695/460 
f 739/1699/739 930/1700/930 738/1697/738 
f 740/1693/740 930/1700/930 739/1699/739 
f 740/1693/740 922/1684/922 931/1701/931 
f 737/1694/737 928/1696/928 927/1692/927 
f 460/1695/460 929/1698/929 928/1696/928 
f 738/1697/738 930/1700/930 929/1698/929 
f 740/1693/740 931/1701/931 930/1700/930 
f 922/1684/922 932/1702/932 931/1701/931 
f 873/1703/873 933/1704/933 743/1274/743 
f 934/1705/934 877/1580/877 745/1277/745 
f 877/1580/877 935/1706/935 747/1279/747 
f 747/1279/747 935/1706/935 734/1281/734 
f 736/1262/736 758/1295/758 936/1707/936 
f 758/1295/758 882/1598/882 937/1708/937 
f 775/1709/775 766/1710/766 938/1711/938 
f 774/1712/774 879/1713/879 784/1714/784 
f 879/1593/879 773/80/773 781/1327/781 
f 777/1715/777 781/1716/781 939/1717/939 
f 884/1718/884 784/1719/784 940/1720/940 
f 888/1610/888 941/1721/941 942/1722/942 
f 794/1354/794 941/1721/941 888/1610/888 
f 889/1612/889 941/1721/941 794/1354/794 
f 881/1611/881 943/1723/943 889/1612/889 
f 797/1361/797 893/1624/893 462/780/462 
f 466/790/466 468/828/468 890/1621/890 
f 800/1379/800 803/1397/803 424/792/424 
f 424/792/424 803/1397/803 488/834/488 
f 387/651/387 894/1625/894 895/1724/895 
f 468/828/468 306/827/306 895/1725/895 
f 508/857/508 944/1726/944 808/1403/808 
f 495/1632/495 899/1634/899 507/1727/507 
f 898/1728/898 945/1729/945 810/1730/810 
f 810/1730/810 945/1729/945 946/1731/946 
f 810/1730/810 946/1731/946 947/1732/947 
f 810/1730/810 947/1732/947 811/1733/811 
f 811/1733/811 947/1732/947 812/1734/812 
f 812/1734/812 947/1732/947 948/1735/948 
f 812/1734/812 948/1735/948 813/1736/813 
f 813/1737/813 949/1738/949 817/1739/817 
f 949/1738/949 950/1740/950 817/1739/817 
f 806/1405/806 951/1741/951 515/871/515 
f 522/1633/522 952/1742/952 899/1634/899 
f 817/1739/817 950/1740/950 820/1743/820 
f 898/1744/898 815/1745/815 945/1746/945 
f 815/1745/815 953/1747/953 945/1746/945 
f 950/1740/950 954/1748/954 820/1743/820 
f 522/1633/522 532/916/532 952/1742/952 
f 951/1741/951 823/1431/823 515/871/515 
f 532/916/532 901/1636/901 952/1742/952 
f 815/1745/815 955/1749/955 953/1747/953 
f 815/1745/815 822/1750/822 955/1749/955 
f 821/1426/821 956/1751/956 825/1752/825 
f 822/1750/822 827/1753/827 955/1749/955 
f 820/1743/820 957/1754/957 829/1755/829 
f 551/928/551 958/1756/958 826/1435/826 
f 551/928/551 830/1757/830 958/1756/958 
f 957/1754/957 959/1758/959 829/1755/829 
f 827/1753/827 831/1759/831 955/1749/955 
f 831/1759/831 960/1760/960 955/1749/955 
f 829/1755/829 959/1758/959 832/1761/832 
f 549/925/549 961/1762/961 558/943/558 
f 830/1757/830 962/1763/962 958/1756/958 
f 961/1762/961 963/1764/963 558/943/558 
f 825/1752/825 964/1765/964 834/1658/834 
f 830/1757/830 833/1652/833 962/1763/962 
f 964/1765/964 965/1766/965 834/1658/834 
f 959/1758/959 966/1084/966 832/1761/832 
f 831/1759/831 835/1767/835 960/1760/960 
f 835/1767/835 906/1768/906 960/1760/960 
f 965/1766/965 911/1659/911 834/1658/834 
f 836/1769/836 967/1770/967 905/1649/905 
f 836/1769/836 968/1771/968 967/1770/967 
f 836/1769/836 908/1772/908 968/1771/968 
f 832/1773/832 966/1774/966 908/1775/908 
f 833/1652/833 909/1654/909 962/1763/962 
f 561/947/561 570/964/570 969/1776/969 
f 558/943/558 963/1764/963 567/961/567 
f 575/1470/575 970/1777/970 576/1466/576 
f 963/1778/963 840/1469/840 567/1471/567 
f 575/1470/575 840/1469/840 970/1777/970 
f 578/974/578 971/1779/971 580/976/580 
f 582/978/582 581/977/581 586/1655/586 
f 586/1655/586 581/977/581 910/1656/910 
f 910/1656/910 972/1780/972 590/1657/590 
f 590/1657/590 972/1780/972 570/1781/570 
f 838/1653/838 973/1782/973 909/1654/909 
f 838/1653/838 842/1497/842 973/1782/973 
f 842/1497/842 974/1783/974 973/1782/973 
f 843/1489/843 975/1784/975 844/1498/844 
f 624/1785/624 643/1025/643 976/1786/976 
f 606/1066/606 977/1787/977 635/1064/635 
f 606/1066/606 636/1068/636 977/1787/977 
f 632/1502/632 913/1661/913 912/1660/912 
f 842/1497/842 917/1667/917 974/1783/974 
f 642/1083/642 978/1788/978 643/1789/643 
f 635/1790/635 854/1529/854 615/1791/615 
f 847/1514/847 848/1515/848 340/592/340 
f 848/1792/848 979/1793/979 845/1794/845 
f 845/1794/845 979/1793/979 846/1795/846 
f 648/1796/648 980/1797/980 849/1798/849 
f 649/1799/649 849/1798/849 980/1797/980 
f 649/1799/649 981/1800/981 916/1801/916 
f 916/1801/916 981/1800/981 982/1802/982 
f 615/1791/615 854/1529/854 655/1142/655 
f 655/1142/655 854/1529/854 667/1140/667 
f 847/1803/847 857/1804/857 983/1805/983 
f 645/1806/645 850/1807/850 917/1808/917 
f 851/1525/851 659/1120/659 660/1122/660 
f 916/1809/916 984/1810/984 859/1811/859 
f 857/1804/857 985/1812/985 983/1805/983 
f 844/1498/844 986/1813/986 855/1530/855 
f 650/1105/650 165/446/165 259/448/259 
f 853/1527/853 681/1170/681 987/1814/987 
f 857/1804/857 858/1815/858 985/1812/985 
f 858/1815/858 988/1816/988 985/1812/985 
f 984/1810/984 989/1817/989 859/1811/859 
f 855/1530/855 990/1818/990 860/1538/860 
f 859/1811/859 989/1817/989 862/1819/862 
f 858/1815/858 991/1820/991 988/1816/988 
f 858/1815/858 863/1821/863 991/1820/991 
f 990/1818/990 920/1679/920 860/1538/860 
f 861/1678/861 865/1822/865 992/1823/992 
f 863/1821/863 866/1824/866 991/1820/991 
f 989/1817/989 993/1825/993 862/1819/862 
f 866/1824/866 994/1826/994 991/1820/991 
f 272/473/272 995/1827/995 180/474/180 
f 862/1819/862 993/1825/993 868/1828/868 
f 864/1680/864 996/1829/996 867/1685/867 
f 865/1822/865 997/1830/997 992/1823/992 
f 921/1683/921 926/1691/926 725/1244/725 
f 180/474/180 995/1827/995 459/773/459 
f 868/1828/868 993/1825/993 922/1831/922 
f 866/1824/866 869/1832/869 994/1826/994 
f 923/1686/923 924/1688/924 870/1687/870 
f 865/1822/865 871/1833/871 997/1830/997 
f 871/1833/871 936/1707/936 997/1830/997 
f 926/1691/926 873/1834/873 731/1254/731 
f 869/1832/869 927/1835/927 998/1836/998 
f 871/1833/871 736/1262/736 936/1707/936 
f 928/1837/928 999/1838/999 927/1839/927 
f 928/1837/928 1000/1840/1000 999/1838/999 
f 928/1837/928 929/1841/929 1000/1840/1000 
f 929/1841/929 1001/1842/1001 1000/1840/1000 
f 930/1843/930 1001/1842/1001 929/1841/929 
f 930/1843/930 931/1844/931 1001/1842/1001 
f 931/1844/931 932/1845/932 1001/1842/1001 
f 743/1274/743 933/1704/933 875/1578/875 
f 875/1578/875 876/1579/876 744/1275/744 
f 876/1579/876 934/1705/934 745/1277/745 
f 935/1706/935 925/1846/925 734/1281/734 
f 754/1304/754 1002/1847/1002 762/1848/762 
f 754/1304/754 765/1306/765 1002/1847/1002 
f 758/1295/758 937/1708/937 936/1707/936 
f 763/1582/763 761/1849/761 1003/1850/1003 
f 186/475/186 273/477/273 223/1851/223 
f 775/1709/775 938/1711/938 773/1852/773 
f 777/1715/777 939/1717/939 776/1594/776 
f 1004/1853/1004 767/1596/767 880/1595/880 
f 1005/1854/1005 881/1855/881 874/1856/874 
f 879/1713/879 783/1857/783 784/1714/784 
f 783/1858/783 940/1859/940 784/1860/784 
f 884/1614/884 1006/1861/1006 883/1613/883 
f 885/1608/885 1007/1862/1007 783/1858/783 
f 885/1608/885 1008/1863/1008 1007/1862/1007 
f 886/1607/886 1008/1863/1008 885/1608/885 
f 886/1607/886 1009/1864/1009 1008/1863/1008 
f 887/1609/887 1009/1864/1009 886/1607/886 
f 888/1610/888 1010/1865/1010 887/1609/887 
f 888/1610/888 942/1722/942 1010/1865/1010 
f 889/1612/889 943/1723/943 941/1721/941 
f 461/1866/461 261/453/261 1011/1867/1011 
f 266/463/266 802/1868/802 283/501/283 
f 468/828/468 895/1725/895 1012/1869/1012 
f 508/857/508 896/1629/896 944/1726/944 
f 897/1630/897 507/863/507 899/1870/899 
f 896/1871/896 1013/1872/1013 944/1873/944 
f 813/1736/813 948/1735/948 949/1874/949 
f 1014/1875/1014 902/1637/902 134/434/134 
f 952/1876/952 901/1877/901 1015/1878/1015 
f 542/915/542 903/1641/903 901/1636/901 
f 954/1748/954 957/1754/957 820/1743/820 
f 956/1751/956 1016/1879/1016 825/1752/825 
f 1016/1879/1016 964/1765/964 825/1752/825 
f 828/1438/828 961/1762/961 549/925/549 
f 548/924/548 904/1642/904 903/1641/903 
f 1017/1880/1017 904/1881/904 969/1882/969 
f 904/1642/904 561/947/561 969/1776/969 
f 906/1647/906 437/732/437 1018/1883/1018 
f 1018/1883/1018 437/732/437 907/1648/907 
f 907/1648/907 905/1649/905 967/1770/967 
f 570/964/570 966/1884/966 969/1776/969 
f 972/1885/972 966/1884/966 570/964/570 
f 970/1777/970 839/1467/839 576/1466/576 
f 971/1779/971 578/974/578 839/1467/839 
f 971/1779/971 581/977/581 580/976/580 
f 159/441/159 298/544/298 1019/1886/1019 
f 155/440/155 256/439/256 271/472/271 
f 911/1659/911 843/1489/843 837/1488/837 
f 914/1887/914 637/1888/637 1020/1889/1020 
f 977/1787/977 636/1068/636 1021/1890/1021 
f 1021/1890/1021 636/1068/636 912/1660/912 
f 978/1788/978 642/1083/642 629/1082/629 
f 848/1891/848 847/1892/847 983/1893/983 
f 846/1795/846 980/1797/980 648/1796/648 
f 649/1799/649 980/1797/980 981/1800/981 
f 975/1784/975 1022/1894/1022 844/1498/844 
f 163/543/163 650/1105/650 298/544/298 
f 982/1895/982 1023/1896/1023 916/1897/916 
f 1023/1898/1023 984/1899/984 916/1900/916 
f 851/1525/851 852/1526/852 659/1120/659 
f 664/1670/664 675/1901/675 674/1671/674 
f 1022/1894/1022 986/1813/986 844/1498/844 
f 681/1170/681 918/1676/918 987/1814/987 
f 258/444/258 263/457/263 168/445/168 
f 1024/1902/1024 856/1903/856 854/1904/854 
f 918/1676/918 861/1678/861 992/1823/992 
f 299/545/299 179/496/179 1025/1905/1025 
f 920/1679/920 996/1829/996 864/1680/864 
f 702/1201/702 1026/1906/1026 919/1677/919 
f 856/1532/856 921/1683/921 720/1234/720 
f 702/1201/702 719/1233/719 1026/1906/1026 
f 719/1233/719 1027/1907/1027 1026/1906/1026 
f 719/1233/719 1028/1908/1028 1027/1907/1027 
f 719/1233/719 925/1690/925 1028/1908/1028 
f 994/1826/994 869/1832/869 998/1836/998 
f 1028/1909/1028 922/1910/922 993/1911/993 
f 998/1912/998 873/1913/873 926/1914/926 
f 1028/1915/1028 932/1916/932 922/1917/922 
f 927/1835/927 1029/1918/1029 998/1836/998 
f 1029/1919/1029 927/1839/927 999/1838/999 
f 1005/1854/1005 872/1689/872 924/1688/924 
f 1005/1854/1005 874/1856/874 872/1689/872 
f 761/1849/761 762/1848/762 1003/1850/1003 
f 300/546/300 191/516/191 1030/1920/1030 
f 939/1717/939 781/1716/781 773/1852/773 
f 1030/1920/1030 191/516/191 289/518/289 
f 1005/1854/1005 943/1921/943 881/1855/881 
f 1006/1861/1006 884/1614/884 940/1922/940 
f 1007/1862/1007 940/1859/940 783/1858/783 
f 1009/1864/1009 887/1609/887 1010/1865/1010 
f 273/477/273 1031/1923/1031 223/1851/223 
f 292/1924/292 462/1925/462 1032/1926/1032 
f 891/1927/891 890/1621/890 1012/1869/1012 
f 892/1623/892 1033/1928/1033 123/433/123 
f 890/1621/890 468/828/468 1012/1869/1012 
f 467/791/467 1034/1929/1034 800/1379/800 
f 462/1925/462 893/1930/893 1032/1926/1032 
f 1034/1929/1034 803/1397/803 800/1379/800 
f 1012/1931/1012 894/1625/894 1035/1932/1035 
f 1012/1931/1012 895/1724/895 894/1625/894 
f 1036/1933/1036 803/1934/803 1034/1935/1034 
f 1032/1926/1032 893/1930/893 1037/1936/1037 
f 803/1397/803 1036/1937/1036 804/1398/804 
f 805/1399/805 1037/1938/1037 893/1624/893 
f 804/1398/804 1038/1939/1038 814/1415/814 
f 808/1940/808 1039/1941/1039 807/1942/807 
f 944/1873/944 1039/1941/1039 808/1940/808 
f 944/1873/944 1013/1872/1013 1039/1941/1039 
f 896/1871/896 1040/1943/1040 1013/1872/1013 
f 809/1944/809 1040/1943/1040 896/1871/896 
f 809/1944/809 897/1945/897 1040/1943/1040 
f 899/1946/899 1041/1947/1041 897/1945/897 
f 805/1399/805 816/1419/816 1037/1938/1037 
f 807/1942/807 1039/1941/1039 806/1948/806 
f 1042/1949/1042 1013/1872/1013 1040/1943/1040 
f 1040/1943/1040 897/1945/897 1041/1947/1041 
f 806/1948/806 1039/1941/1039 945/1950/945 
f 1039/1941/1039 1013/1872/1013 946/1951/946 
f 1037/1938/1037 816/1419/816 1043/1952/1043 
f 946/1951/946 945/1950/945 1039/1941/1039 
f 1013/1872/1013 1042/1949/1042 946/1951/946 
f 1040/1943/1040 948/1953/948 1042/1949/1042 
f 1041/1947/1041 948/1953/948 1040/1943/1040 
f 946/1951/946 1042/1949/1042 947/1954/947 
f 947/1954/947 1042/1949/1042 948/1953/948 
f 948/1953/948 1041/1947/1041 949/1955/949 
f 1044/1956/1044 814/1415/814 1038/1939/1038 
f 806/1948/806 945/1950/945 951/1957/951 
f 899/1946/899 952/1876/952 1041/1947/1041 
f 949/1955/949 1041/1947/1041 950/1958/950 
f 814/1959/814 1044/1960/1044 818/1961/818 
f 952/1876/952 950/1958/950 1041/1947/1041 
f 297/542/297 1014/1875/1014 134/434/134 
f 816/1419/816 819/1423/819 1043/1952/1043 
f 1043/1952/1043 819/1423/819 1045/1962/1045 
f 1044/1960/1044 1046/1963/1046 818/1961/818 
f 819/1423/819 900/1635/900 1045/1962/1045 
f 951/1957/951 945/1950/945 953/1964/953 
f 1015/1878/1015 950/1958/950 952/1876/952 
f 1046/1963/1046 1047/1965/1047 818/1961/818 
f 953/1964/953 1048/1966/1048 951/1957/951 
f 818/1422/818 1047/1967/1047 821/1426/821 
f 950/1958/950 1015/1878/1015 954/1968/954 
f 951/1957/951 1048/1966/1048 823/1969/823 
f 955/1970/955 1048/1966/1048 953/1964/953 
f 900/1971/900 1049/1972/1049 1045/1973/1045 
f 1015/1878/1015 901/1877/901 954/1968/954 
f 954/1968/954 901/1877/901 1050/1974/1050 
f 903/1975/903 1050/1974/1050 901/1877/901 
f 821/1426/821 1047/1967/1047 956/1751/956 
f 900/1635/900 826/1435/826 1049/1976/1049 
f 1051/1977/1051 956/1978/956 1047/1979/1047 
f 1048/1966/1048 1052/1980/1052 823/1969/823 
f 1048/1966/1048 955/1970/955 1052/1980/1052 
f 823/1969/823 1052/1980/1052 828/1981/828 
f 954/1968/954 1050/1974/1050 957/1982/957 
f 1049/1976/1049 826/1435/826 1053/1983/1053 
f 903/1975/903 904/1881/904 1050/1974/1050 
f 1016/1984/1016 956/1978/956 1051/1977/1051 
f 1050/1974/1050 1017/1880/1017 957/1982/957 
f 904/1881/904 1017/1880/1017 1050/1974/1050 
f 826/1985/826 958/1986/958 1053/1987/1053 
f 957/1982/957 1017/1880/1017 959/1988/959 
f 1016/1989/1016 1054/1990/1054 964/1991/964 
f 955/1970/955 960/1992/960 1052/1980/1052 
f 958/1986/958 962/1993/962 1053/1987/1053 
f 828/1981/828 1052/1980/1052 961/1994/961 
f 1053/1987/1053 962/1993/962 1055/1995/1055 
f 1017/1880/1017 969/1882/969 959/1988/959 
f 1056/1996/1056 964/1991/964 1054/1990/1054 
f 1056/1996/1056 965/1997/965 964/1991/964 
f 1055/1995/1055 962/1993/962 1057/1998/1057 
f 1056/1996/1056 1058/1999/1058 965/1997/965 
f 1052/1980/1052 960/1992/960 961/1994/961 
f 959/1988/959 969/1882/969 966/2000/966 
f 960/1992/960 906/2001/906 961/1994/961 
f 961/1994/961 906/2001/906 963/2002/963 
f 1058/1999/1058 911/2003/911 965/1997/965 
f 906/2001/906 840/2004/840 963/2002/963 
f 967/2005/967 968/2006/968 1059/2007/1059 
f 908/1772/908 1060/2008/1060 968/1771/968 
f 908/2009/908 966/2000/966 1060/2010/1060 
f 906/2001/906 1018/2011/1018 840/2004/840 
f 967/2005/967 1061/2012/1061 907/2013/907 
f 967/2005/967 1059/2007/1059 1061/2012/1061 
f 907/2013/907 1061/2012/1061 1018/2011/1018 
f 1059/2007/1059 971/2014/971 1061/2012/1061 
f 968/2006/968 1060/2010/1060 1059/2007/1059 
f 962/1993/962 909/2015/909 1057/1998/1057 
f 1018/2011/1018 970/2016/970 840/2004/840 
f 1018/2011/1018 1061/2012/1061 970/2016/970 
f 1060/2010/1060 966/2000/966 972/2017/972 
f 1061/2012/1061 839/2018/839 970/2016/970 
f 1061/2012/1061 971/2014/971 839/2018/839 
f 1059/2007/1059 581/2019/581 971/2014/971 
f 1060/2010/1060 581/2019/581 1059/2007/1059 
f 1060/2010/1060 910/2020/910 581/2019/581 
f 1060/2010/1060 972/2017/972 910/2020/910 
f 1058/1999/1058 1062/2021/1062 911/2003/911 
f 1057/1998/1057 909/2015/909 1063/2022/1063 
f 1063/2022/1063 909/2015/909 1064/2023/1064 
f 909/2015/909 973/2024/973 1064/2023/1064 
f 1064/2023/1064 973/2024/973 1065/2025/1065 
f 1062/2021/1062 1066/2026/1066 911/2003/911 
f 1066/2027/1066 843/1489/843 911/1659/911 
f 1065/2025/1065 973/2024/973 974/2028/974 
f 624/2029/624 1067/2030/1067 627/2031/627 
f 624/2029/624 976/2032/976 1067/2030/1067 
f 1067/2033/1067 629/2034/629 627/1896/627 
f 1066/2027/1066 975/1784/975 843/1489/843 
f 643/1146/643 978/2035/978 976/2036/976 
f 977/2037/977 1068/2038/1068 635/2039/635 
f 1021/2040/1021 1068/2038/1068 977/2037/977 
f 914/1887/914 981/2041/981 913/2042/913 
f 1020/1889/1020 981/2041/981 914/1887/914 
f 1020/1889/1020 982/2043/982 981/2041/981 
f 1021/2040/1021 979/2044/979 1068/2038/1068 
f 912/2045/912 979/2044/979 1021/2040/1021 
f 912/2045/912 980/2046/980 979/2044/979 
f 913/2042/913 980/2046/980 912/2045/912 
f 981/2041/981 980/2046/980 913/2042/913 
f 635/2039/635 1068/2038/1068 854/1904/854 
f 1068/2038/1068 848/2047/848 983/2048/983 
f 1068/2049/1068 979/1793/979 848/1792/848 
f 980/1797/980 846/1795/846 979/1793/979 
f 1068/2038/1068 1069/2050/1069 854/1904/854 
f 1020/1889/1020 1023/1898/1023 982/2043/982 
f 917/1808/917 850/1807/850 1070/2051/1070 
f 983/2048/983 985/2052/985 1068/2038/1068 
f 161/443/161 271/472/271 258/444/258 
f 637/1888/637 915/2053/915 1020/1889/1020 
f 1020/1889/1020 915/2053/915 1023/1898/1023 
f 1068/2038/1068 985/2052/985 1069/2050/1069 
f 665/2054/665 675/1901/675 664/1670/664 
f 659/1120/659 852/1526/852 1071/2055/1071 
f 852/1526/852 676/1155/676 1071/2055/1071 
f 986/1813/986 1072/2056/1072 855/1530/855 
f 1023/1898/1023 1073/2057/1073 984/1899/984 
f 915/2053/915 919/2058/919 1023/1898/1023 
f 1023/1898/1023 919/2058/919 1073/2057/1073 
f 987/2059/987 918/2060/918 1074/2061/1074 
f 1069/2050/1069 1024/1902/1024 854/1904/854 
f 1072/2056/1072 990/1818/990 855/1530/855 
f 1069/2050/1069 985/2052/985 1024/1902/1024 
f 985/2052/985 988/2062/988 1024/1902/1024 
f 918/2060/918 992/2063/992 1074/2061/1074 
f 984/1899/984 1073/2057/1073 989/2064/989 
f 1075/2065/1075 920/1679/920 990/1818/990 
f 988/2062/988 1076/2066/1076 1024/1902/1024 
f 988/2062/988 991/2067/991 1076/2066/1076 
f 1024/1902/1024 1076/2066/1076 856/1903/856 
f 1074/2061/1074 992/2063/992 1077/2068/1077 
f 1073/2057/1073 1078/2069/1078 989/2064/989 
f 856/1903/856 1076/2066/1076 921/2070/921 
f 919/2058/919 1078/2069/1078 1073/2057/1073 
f 919/2058/919 1026/2071/1026 1078/2069/1078 
f 1078/2069/1078 993/1911/993 989/2064/989 
f 1076/2066/1076 1079/2072/1079 921/2070/921 
f 1076/2066/1076 991/2067/991 1079/2072/1079 
f 1078/2069/1078 1027/2073/1027 993/1911/993 
f 1078/2069/1078 1026/2071/1026 1027/2073/1027 
f 991/2067/991 994/2074/994 1079/2072/1079 
f 1077/2068/1077 997/2075/997 1080/2076/1080 
f 1077/2068/1077 992/2063/992 997/2075/997 
f 921/2070/921 1079/2072/1079 926/1914/926 
f 1081/2077/1081 923/1686/923 867/1685/867 
f 1027/2073/1027 1028/1909/1028 993/1911/993 
f 1079/2072/1079 998/1912/998 926/1914/926 
f 1079/2072/1079 994/2074/994 998/1912/998 
f 1082/2078/1082 924/2079/924 923/2080/923 
f 1080/2076/1080 997/2075/997 1083/2081/1083 
f 1083/2081/1083 997/2075/997 936/2082/936 
f 1082/2078/1082 1084/2083/1084 924/2079/924 
f 998/1912/998 1029/2084/1029 873/1913/873 
f 924/2079/924 1084/2083/1084 1005/2085/1005 
f 1000/2086/1000 1001/2087/1001 1085/2088/1085 
f 1028/1909/1028 925/2089/925 932/2090/932 
f 999/2091/999 933/2092/933 1029/2084/1029 
f 999/2091/999 875/2093/875 933/2092/933 
f 999/2091/999 1085/2088/1085 875/2093/875 
f 1000/2086/1000 1085/2088/1085 999/2091/999 
f 1001/2087/1001 935/2094/935 877/2095/877 
f 932/2090/932 935/2094/935 1001/2087/1001 
f 1085/2088/1085 1001/2087/1001 934/2096/934 
f 1001/2087/1001 877/2095/877 934/2096/934 
f 932/2090/932 925/2089/925 935/2094/935 
f 1029/2084/1029 933/2092/933 873/1913/873 
f 1085/2088/1085 876/2097/876 875/2093/875 
f 1085/2088/1085 934/2096/934 876/2097/876 
f 1084/2083/1084 1086/2098/1086 1005/2085/1005 
f 936/2082/936 937/2099/937 1083/2081/1083 
f 1083/2081/1083 937/2099/937 1087/2100/1087 
f 765/1587/765 767/1589/767 1004/2101/1004 
f 937/1708/937 882/1598/882 1087/2102/1087 
f 1005/2085/1005 1086/2098/1086 943/2103/943 
f 1087/2104/1087 882/2105/882 883/2106/883 
f 1086/2098/1086 1088/2107/1088 943/2103/943 
f 940/1859/940 1007/1862/1007 1089/2108/1089 
f 883/2106/883 1006/2109/1006 1087/2104/1087 
f 1008/2110/1008 1090/2111/1090 1007/1448/1007 
f 1008/2110/1008 1091/2112/1091 1090/2111/1090 
f 1009/2113/1009 1091/2112/1091 1008/2110/1008 
f 1009/2113/1009 1092/2114/1092 1091/2112/1091 
f 1010/2115/1010 1092/2114/1092 1009/2113/1009 
f 1010/2115/1010 1093/2116/1093 1092/2114/1092 
f 1010/2115/1010 1094/2117/1094 1093/2116/1093 
f 942/2118/942 1094/2117/1094 1010/2115/1010 
f 942/2118/942 941/2119/941 1095/2120/1095 
f 941/2119/941 1088/2107/1088 1095/2120/1095 
f 943/2103/943 1088/2107/1088 941/2119/941 
f 229/509/229 291/523/291 285/510/285 
f 292/525/292 892/2121/892 122/526/122 
f 261/453/261 402/672/402 1011/1867/1011 
f 891/2122/891 1096/2123/1096 264/2124/264 
f 117/514/117 279/490/279 402/2125/402 
f 891/2122/891 1012/1931/1012 1096/2123/1096 
f 1096/2123/1096 1097/2126/1097 264/2124/264 
f 467/791/467 1098/2127/1098 1034/1929/1034 
f 264/1620/264 1097/2128/1097 266/463/266 
f 266/463/266 1097/2128/1097 802/1868/802 
f 1096/2123/1096 1035/1932/1035 1097/2126/1097 
f 1097/2126/1097 1035/1932/1035 802/1396/802 
f 1096/2123/1096 1012/1931/1012 1035/1932/1035 
f 1035/1932/1035 894/1625/894 802/1396/802 
f 1032/2129/1032 1037/1938/1037 1099/2130/1099 
f 804/1398/804 1036/1937/1036 1038/1939/1038 
f 1037/1938/1037 1043/1952/1043 1099/2130/1099 
f 1100/2131/1100 1044/1956/1044 1038/1939/1038 
f 255/437/255 140/507/140 431/723/431 
f 1099/2130/1099 1043/1952/1043 1101/2132/1101 
f 1043/1952/1043 1045/1962/1045 1101/2132/1101 
f 1102/2133/1102 1047/1967/1047 1046/2134/1046 
f 1103/2135/1103 1049/1976/1049 1104/2136/1104 
f 1049/1976/1049 1053/1983/1053 1104/2136/1104 
f 1104/2136/1104 1053/1983/1053 1105/2137/1105 
f 1016/1879/1016 1106/2138/1106 1054/2139/1054 
f 270/471/270 239/400/239 257/442/257 
f 257/442/257 159/441/159 1019/1886/1019 
f 1058/2140/1058 1107/2141/1107 1062/2142/1062 
f 1063/2143/1063 1064/2144/1064 1108/2145/1108 
f 1065/2146/1065 974/1783/974 1109/2147/1109 
f 974/1783/974 1110/2148/1110 1109/2147/1109 
f 974/1783/974 917/1667/917 1110/2148/1110 
f 850/1807/850 659/2149/659 1070/2051/1070 
f 917/2150/917 1070/2151/1070 1111/2152/1111 
f 659/2153/659 1071/2154/1071 1070/2151/1070 
f 1111/2152/1111 1070/2151/1070 1071/2154/1071 
f 1111/2155/1111 853/1527/853 1112/2156/1112 
f 1111/2152/1111 1071/2154/1071 853/2157/853 
f 853/1675/853 1071/2158/1071 676/1163/676 
f 987/1814/987 1074/2159/1074 1113/2160/1113 
f 1074/2159/1074 1077/2161/1077 1113/2160/1113 
f 1114/2162/1114 920/1679/920 1075/2065/1075 
f 1077/2161/1077 1115/2163/1115 1113/2160/1113 
f 179/496/179 281/495/281 1025/1905/1025 
f 1077/2161/1077 1116/2164/1116 1115/2163/1115 
f 996/1829/996 1117/2165/1117 867/1685/867 
f 1077/2161/1077 1080/2166/1080 1116/2164/1116 
f 1081/2077/1081 1082/2167/1082 923/1686/923 
f 1118/2168/1118 1084/2169/1084 1082/2167/1082 
f 1084/2169/1084 1118/2168/1118 1086/2170/1086 
f 1118/2168/1118 1119/2171/1119 1086/2170/1086 
f 1083/2172/1083 1087/2102/1087 1120/2173/1120 
f 763/1582/763 1003/1850/1003 878/1583/878 
f 1121/2174/1121 1088/2175/1088 1086/2170/1086 
f 1090/2176/1090 1122/2177/1122 1007/2178/1007 
f 942/2118/942 1095/2120/1095 1094/2117/1094 
f 1006/1861/1006 1123/2179/1123 1087/2180/1087 
f 1090/2176/1090 1124/2181/1124 1122/2177/1122 
f 1091/2182/1091 1124/2181/1124 1090/2176/1090 
f 1092/2183/1092 1125/2184/1125 1091/2182/1091 
f 1092/2183/1092 1093/2185/1093 1125/2184/1125 
f 1093/2185/1093 1094/2186/1094 1126/2187/1126 
f 1088/2188/1088 1127/2189/1127 1095/2190/1095 
f 223/2191/223 1031/2192/1031 230/497/230 
f 230/497/230 1031/2192/1031 282/498/282 
f 282/498/282 290/519/290 221/508/221 
f 226/520/226 290/519/290 227/1360/227 
f 227/1360/227 290/519/290 796/1359/796 
f 224/522/224 796/1359/796 291/523/291 
f 222/511/222 285/510/285 289/636/289 
f 292/540/292 1032/2129/1032 1128/2193/1128 
f 1011/2194/1011 1098/2127/1098 467/791/467 
f 461/778/461 1011/2194/1011 467/791/467 
f 123/433/123 1033/1928/1033 254/431/254 
f 1128/2193/1128 1032/2129/1032 1129/2195/1129 
f 1032/2129/1032 1099/2130/1099 1129/2195/1129 
f 1034/1929/1034 1098/2127/1098 1036/1937/1036 
f 1098/2127/1098 1100/2131/1100 1036/1937/1036 
f 1036/1937/1036 1100/2131/1100 1038/1939/1038 
f 1130/2196/1130 1131/2197/1131 1044/1956/1044 
f 1044/1956/1044 1132/2198/1132 1046/2134/1046 
f 1045/1962/1045 1103/2135/1103 1101/2132/1101 
f 1046/2134/1046 1132/2198/1132 1102/2133/1102 
f 1045/1962/1045 1049/1976/1049 1103/2135/1103 
f 1106/2138/1106 1016/1879/1016 1051/2199/1051 
f 1053/1983/1053 1055/2200/1055 1105/2137/1105 
f 1133/2201/1133 1058/2140/1058 1056/2202/1056 
f 1055/2200/1055 1057/2203/1057 1134/2204/1134 
f 1057/2203/1057 1063/2143/1063 1134/2204/1134 
f 1063/2143/1063 1108/2145/1108 1134/2204/1134 
f 1108/2145/1108 1064/2144/1064 1109/2147/1109 
f 1064/2144/1064 1065/2146/1065 1109/2147/1109 
f 1135/2205/1135 1066/2027/1066 1062/2142/1062 
f 1136/74/1136 629/2034/629 1067/2033/1067 
f 976/2206/976 978/2207/978 1137/2208/1137 
f 1022/1894/1022 1138/2209/1138 986/1813/986 
f 1138/2209/1138 1072/2056/1072 986/1813/986 
f 1114/2162/1114 1075/2065/1075 990/1818/990 
f 1139/2210/1139 996/1829/996 920/1679/920 
f 1117/2165/1117 996/1829/996 1139/2210/1139 
f 1117/2165/1117 1081/2077/1081 867/1685/867 
f 1116/2164/1116 1080/2166/1080 1140/2211/1140 
f 1080/2166/1080 1083/2172/1083 1140/2211/1140 
f 939/1717/939 880/1595/880 776/1594/776 
f 1089/2212/1089 1007/2213/1007 1122/2214/1122 
f 1141/2215/1141 1123/2179/1123 1006/1861/1006 
f 1141/2215/1141 1006/1861/1006 940/1922/940 
f 1124/2181/1124 1091/2182/1091 1142/2216/1142 
f 1142/2216/1142 1091/2182/1091 1125/2184/1125 
f 1125/2184/1125 1093/2185/1093 1126/2187/1126 
f 1126/2187/1126 1094/2186/1094 1143/2217/1143 
f 1094/2186/1094 1095/2190/1095 1127/2189/1127 
f 892/2121/892 292/525/292 1128/2218/1128 
f 279/490/279 296/539/296 1144/2219/1144 
f 1144/2219/1144 296/539/296 1145/2220/1145 
f 1033/1928/1033 1146/2221/1146 254/431/254 
f 1146/2221/1146 297/542/297 254/431/254 
f 296/539/296 255/437/255 1145/2220/1145 
f 1100/2131/1100 1130/2196/1130 1044/1956/1044 
f 255/437/255 431/723/431 1145/2220/1145 
f 1147/2222/1147 902/1637/902 1014/1875/1014 
f 1131/2197/1131 1132/2198/1132 1044/1956/1044 
f 1147/2222/1147 268/467/268 902/1637/902 
f 1102/2133/1102 1148/2223/1148 1047/1967/1047 
f 1047/1967/1047 1148/2223/1148 1051/2199/1051 
f 288/515/288 270/471/270 1149/2224/1149 
f 1148/2223/1148 1106/2138/1106 1051/2199/1051 
f 1147/2222/1147 1150/2225/1150 268/467/268 
f 1150/2225/1150 269/469/269 268/467/268 
f 1106/2138/1106 1133/2201/1133 1054/2139/1054 
f 1054/2139/1054 1133/2201/1133 1056/2202/1056 
f 270/471/270 257/442/257 1151/2226/1151 
f 1105/2137/1105 1055/2200/1055 1134/2204/1134 
f 269/469/269 1150/2225/1150 256/439/256 
f 1133/2201/1133 1107/2141/1107 1058/2140/1058 
f 257/442/257 1019/1886/1019 1151/2226/1151 
f 1107/2141/1107 1135/2205/1135 1062/2142/1062 
f 256/439/256 1152/2227/1152 271/472/271 
f 1135/2205/1135 1138/2209/1138 1066/2027/1066 
f 1138/2209/1138 975/1784/975 1066/2027/1066 
f 629/1082/629 1136/2228/1136 978/1788/978 
f 1138/2209/1138 1022/1894/1022 975/1784/975 
f 298/544/298 650/1105/650 1153/2229/1153 
f 917/1667/917 1111/2155/1111 1110/2148/1110 
f 1111/2155/1111 1112/2156/1112 1110/2148/1110 
f 650/1105/650 259/448/259 1154/2230/1154 
f 1112/2156/1112 853/1527/853 987/1814/987 
f 1138/2209/1138 1114/2162/1114 990/1818/990 
f 1138/2209/1138 990/1818/990 1072/2056/1072 
f 263/457/263 1155/2231/1155 272/473/272 
f 1114/2162/1114 1139/2210/1139 920/1679/920 
f 1155/2231/1155 995/1827/995 272/473/272 
f 1025/1905/1025 281/495/281 1156/2232/1156 
f 995/1827/995 1157/2233/1157 459/773/459 
f 281/495/281 260/452/260 1156/2232/1156 
f 1118/2168/1118 1082/2167/1082 1081/2077/1081 
f 260/452/260 300/546/300 1156/2232/1156 
f 1140/2211/1140 1083/2172/1083 1120/2173/1120 
f 1119/2171/1119 1121/2174/1121 1086/2170/1086 
f 878/2234/878 938/2235/938 766/2236/766 
f 1087/2102/1087 1123/2237/1123 1120/2173/1120 
f 1158/2238/1158 1159/2239/1159 273/477/273 
f 1088/2175/1088 1121/2174/1121 1160/2240/1160 
f 1094/2186/1094 1127/2189/1127 1143/2217/1143 
f 273/477/273 1159/2239/1159 1031/1923/1031 
f 1031/2192/1031 1159/2241/1159 282/498/282 
f 282/498/282 1159/2241/1159 1161/2242/1161 
f 282/498/282 1161/2242/1161 290/519/290 
f 290/519/290 1161/2242/1161 796/1359/796 
f 1128/2243/1128 1129/2244/1129 892/2245/892 
f 402/2246/402 1144/2247/1144 1011/2248/1011 
f 892/2245/892 1129/2244/1129 1033/2249/1033 
f 1144/2247/1144 1098/2250/1098 1011/2248/1011 
f 402/2125/402 279/490/279 1144/2219/1144 
f 1033/2249/1033 1129/2244/1129 1146/2251/1146 
f 1098/2250/1098 1144/2247/1144 1100/2252/1100 
f 1144/2247/1144 1145/2253/1145 1100/2252/1100 
f 1129/2244/1129 1099/2254/1099 1146/2251/1146 
f 1099/2254/1099 1101/2255/1101 1146/2251/1146 
f 1100/2252/1100 1145/2253/1145 1130/2256/1130 
f 1146/2221/1146 1014/1875/1014 297/542/297 
f 1146/2251/1146 1101/2255/1101 1014/2257/1014 
f 1130/2256/1130 1145/2253/1145 1131/2258/1131 
f 1145/2253/1145 431/2259/431 1131/2258/1131 
f 1131/2258/1131 1162/2260/1162 1132/2261/1132 
f 1131/2258/1131 431/2259/431 1162/2260/1162 
f 1101/2255/1101 1103/2262/1103 1014/2257/1014 
f 1014/2257/1014 1103/2262/1103 1147/2263/1147 
f 1132/2261/1132 1162/2260/1162 1102/2264/1102 
f 431/2259/431 288/2265/288 1162/2260/1162 
f 1162/2260/1162 1148/2266/1148 1102/2264/1102 
f 1147/2263/1147 1103/2262/1103 1104/2267/1104 
f 1162/2260/1162 288/2265/288 1149/2268/1149 
f 1162/2260/1162 1149/2268/1149 1148/2266/1148 
f 1149/2268/1149 1106/2269/1106 1148/2266/1148 
f 1147/2263/1147 1104/2267/1104 1150/2270/1150 
f 1104/2267/1104 1105/2271/1105 1150/2270/1150 
f 1149/2268/1149 1151/2272/1151 1106/2269/1106 
f 1149/2224/1149 270/471/270 1151/2226/1151 
f 1105/2271/1105 1134/2273/1134 1150/2270/1150 
f 1106/2269/1106 1151/2272/1151 1133/2274/1133 
f 1133/2274/1133 1151/2272/1151 1107/2275/1107 
f 1150/2225/1150 1152/2227/1152 256/439/256 
f 1150/2270/1150 1134/2273/1134 1152/2276/1152 
f 1134/2273/1134 1108/2277/1108 1152/2276/1152 
f 1151/2272/1151 1019/2278/1019 1107/2275/1107 
f 1107/2275/1107 1019/2278/1019 1135/2279/1135 
f 1108/2277/1108 1109/2280/1109 1152/2276/1152 
f 1019/2278/1019 1153/2281/1153 1135/2279/1135 
f 1019/1886/1019 298/544/298 1153/2229/1153 
f 1153/2281/1153 1138/2282/1138 1135/2279/1135 
f 1109/2280/1109 1110/2283/1110 1152/2276/1152 
f 271/472/271 1152/2227/1152 1163/2284/1163 
f 1110/2283/1110 1163/2285/1163 1152/2276/1152 
f 1163/2285/1163 1110/2283/1110 1112/2286/1112 
f 1153/2281/1153 1154/2287/1154 1138/2282/1138 
f 271/472/271 1163/2284/1163 258/444/258 
f 1163/2285/1163 1112/2286/1112 1164/2288/1164 
f 1163/2284/1163 1164/2289/1164 258/444/258 
f 650/1105/650 1154/2230/1154 1153/2229/1153 
f 987/1814/987 1113/2160/1113 1112/2156/1112 
f 1112/2286/1112 1113/2290/1113 1164/2288/1164 
f 1154/2287/1154 1114/2291/1114 1138/2282/1138 
f 1164/2288/1164 1113/2290/1113 1115/2292/1115 
f 1164/2288/1164 1115/2292/1115 263/2293/263 
f 258/444/258 1164/2289/1164 263/457/263 
f 259/448/259 299/545/299 1154/2230/1154 
f 263/2293/263 1115/2292/1115 1155/2294/1155 
f 1154/2287/1154 299/2295/299 1114/2291/1114 
f 299/2295/299 1025/2296/1025 1114/2291/1114 
f 1114/2291/1114 1025/2296/1025 1139/2297/1139 
f 1025/2296/1025 1117/2298/1117 1139/2297/1139 
f 1115/2292/1115 1116/2299/1116 1155/2294/1155 
f 1025/2296/1025 1156/2300/1156 1117/2298/1117 
f 1155/2294/1155 1116/2299/1116 1157/2301/1157 
f 1155/2231/1155 1157/2233/1157 995/1827/995 
f 1156/2300/1156 1081/2302/1081 1117/2298/1117 
f 1081/2302/1081 1156/2300/1156 1118/2303/1118 
f 1157/2301/1157 1116/2299/1116 459/2304/459 
f 1116/2299/1116 1140/2305/1140 459/2304/459 
f 1156/2300/1156 300/2306/300 1118/2303/1118 
f 1140/2305/1140 1158/2307/1158 459/2304/459 
f 273/477/273 459/773/459 1158/2238/1158 
f 1118/2303/1118 300/2306/300 1119/2308/1119 
f 1140/2305/1140 1120/2309/1120 1158/2307/1158 
f 300/2306/300 1030/2310/1030 1119/2308/1119 
f 1119/2308/1119 1030/2310/1030 1121/2311/1121 
f 1158/2307/1158 1120/2309/1120 1123/2312/1123 
f 1158/2307/1158 1123/2312/1123 1159/2313/1159 
f 1127/2189/1127 1088/2188/1088 1160/2314/1160 
f 1030/2310/1030 289/2315/289 1121/2311/1121 
f 1124/2316/1124 1165/2317/1165 1122/2318/1122 
f 1127/2319/1127 285/2320/285 1143/2321/1143 
f 1121/2311/1121 289/2315/289 1160/2322/1160 
f 1124/2316/1124 1166/2323/1166 1165/2317/1165 
f 1126/2324/1126 796/2325/796 1125/2326/1125 
f 1141/2327/1141 1165/2317/1165 1167/2328/1167 
f 1168/2329/1168 1165/2330/1165 1141/2331/1141 
f 1166/2323/1166 1167/2328/1167 1165/2317/1165 
f 1124/2332/1124 1167/2333/1167 1166/2334/1166 
f 1142/2335/1142 1167/2328/1167 1124/2316/1124 
f 1142/2335/1142 1161/2336/1161 1167/2328/1167 
f 1125/2326/1125 1161/2336/1161 1142/2335/1142 
f 1143/2321/1143 796/2325/796 1126/2324/1126 
f 1143/2321/1143 291/2337/291 796/2325/796 
f 285/2320/285 291/2337/291 1143/2321/1143 
f 1160/2322/1160 285/2320/285 1127/2319/1127 
f 1160/2322/1160 289/2315/289 285/2320/285 
f 1141/2327/1141 1159/2313/1159 1123/2312/1123 
f 1167/2328/1167 1159/2313/1159 1141/2327/1141 
f 1167/2328/1167 1161/2336/1161 1159/2313/1159 
f 1125/2326/1125 796/2325/796 1161/2336/1161 
f 1169/2338/1169 1170/2339/1170 1171/2340/1171 
f 976/2206/976 1137/2208/1137 1172/1054/1172 
f 1170/2341/1170 1169/2342/1169 1173/2343/1173 
f 1136/2228/1136 1174/2344/1174 978/1788/978 
f 762/1848/762 1175/2345/1175 1003/1850/1003 
f 1004/2346/1004 880/2347/880 765/1596/765 
f 773/1852/773 938/1711/938 939/1717/939 
f 1168/2348/1168 1176/2349/1176 1165/2350/1165 
f 1173/2351/1173 1177/2352/1177 1170/2353/1170 
f 762/1848/762 1002/1847/1002 1175/2345/1175 
f 1003/2354/1003 1178/2355/1178 878/2234/878 
f 1178/2355/1178 938/2235/938 878/2234/878 
f 880/2347/880 1002/2356/1002 765/1596/765 
f 940/2357/940 1179/2358/1179 1180/2359/1180 
f 940/2357/940 1180/2359/1180 1141/2360/1141 
f 1089/2212/1089 1122/2214/1122 1181/2361/1181 
f 976/2032/976 1172/2362/1172 1067/2030/1067 
f 1170/2363/1170 1177/2364/1177 1171/2365/1171 
f 1003/2354/1003 1182/2366/1182 1178/2355/1178 
f 1003/1850/1003 1175/2345/1175 1182/2367/1182 
f 940/1859/940 1089/2108/1089 1179/2368/1179 
f 1141/2360/1141 1176/2369/1176 1168/2370/1168 
f 1165/2371/1165 1181/2361/1181 1122/2214/1122 
f 1165/2350/1165 1176/2349/1176 1181/2372/1181 
f 978/1788/978 1174/2344/1174 1137/2373/1137 
f 1178/2355/1178 1182/2366/1182 938/2235/938 
f 938/2235/938 1182/2366/1182 939/2374/939 
f 939/2374/939 1183/2375/1183 880/2347/880 
f 1141/2360/1141 1180/2359/1180 1176/2369/1176 
f 1169/2338/1169 1171/2340/1171 1184/2376/1184 
f 1185/2377/1185 1186/2378/1186 1169/2342/1169 
f 1186/2378/1186 1173/2343/1173 1169/2342/1169 
f 1175/2379/1175 1002/2356/1002 1183/2375/1183 
f 1002/2356/1002 880/2347/880 1183/2375/1183 
f 1182/2366/1182 1175/2379/1175 939/2374/939 
f 1169/2338/1169 1184/2376/1184 1185/2380/1185 
f 1175/2379/1175 1183/2375/1183 939/2374/939 
f 1089/2108/1089 1187/2381/1187 1179/2368/1179 
f 1089/2212/1089 1181/2361/1181 1187/2382/1187 
f 1067/2030/1067 1188/2383/1188 1136/2384/1136 
f 1067/2030/1067 1172/2362/1172 1188/2383/1188 
f 1172/2385/1172 1137/2386/1137 1185/2377/1185 
f 1185/2377/1185 1137/2386/1137 1186/2378/1186 
f 1176/2349/1176 1189/2387/1189 1181/2372/1181 
f 1184/2388/1184 1171/2389/1171 1173/2390/1173 
f 1171/2389/1171 1177/2391/1177 1173/2390/1173 
f 1137/2373/1137 1174/2344/1174 1190/2392/1190 
f 1186/2393/1186 1190/2392/1190 1173/2394/1173 
f 1180/2359/1180 1189/2395/1189 1176/2369/1176 
f 1172/2362/1172 1185/2380/1185 1188/2383/1188 
f 1137/2373/1137 1190/2392/1190 1186/2393/1186 
f 1179/2358/1179 1191/2396/1191 1180/2359/1180 
f 1189/2387/1189 1192/2397/1192 1181/2372/1181 
f 1184/2388/1184 1173/2390/1173 1190/2398/1190 
f 1187/2381/1187 1193/2399/1193 1179/2368/1179 
f 1187/2382/1187 1181/2361/1181 1194/2400/1194 
f 1188/2383/1188 1185/2380/1185 1184/2376/1184 
f 1136/2401/1136 1188/2402/1188 1174/2403/1174 
f 1188/2402/1188 1184/2388/1184 1190/2398/1190 
f 1188/2402/1188 1190/2398/1190 1174/2403/1174 
f 1179/2368/1179 1193/2399/1193 1191/2404/1191 
f 1187/2381/1187 1194/2405/1194 1193/2399/1193 
f 1181/2361/1181 1192/2406/1192 1194/2400/1194 
f 1193/2399/1193 1195/2407/1195 1191/2404/1191 
f 1191/2396/1191 1189/2395/1189 1180/2359/1180 
f 1193/2408/1193 1194/2400/1194 1195/2409/1195 
f 1191/2396/1191 1196/2410/1196 1189/2395/1189 
f 1189/2387/1189 1196/2411/1196 1192/2397/1192 
f 1192/2406/1192 1197/2412/1197 1194/2400/1194 
f 1196/2411/1196 1197/2413/1197 1192/2397/1192 
f 1191/2396/1191 1198/2414/1198 1196/2410/1196 
f 1195/2407/1195 1198/2415/1198 1191/2404/1191 
f 1195/2409/1195 1194/2400/1194 1199/2416/1199 
f 1194/2400/1194 1197/2412/1197 1199/2416/1199 
f 1198/2414/1198 1200/2417/1200 1196/2410/1196 
f 1195/371/1195 1199/1521/1199 1198/2418/1198 
f 1198/2418/1198 1199/1521/1199 1200/2419/1200 
f 1200/2417/1200 1201/2420/1201 1196/2410/1196 
f 1197/2412/1197 1202/2421/1202 1199/2416/1199 
f 1196/2411/1196 1201/2422/1201 1197/2413/1197 
f 1200/2423/1200 1202/2424/1202 1201/2425/1201 
f 1199/2426/1199 1202/2424/1202 1200/2423/1200 
f 1197/2413/1197 1201/2422/1201 1202/2427/1202 
# 0 polygons - 2314 triangles

