# Wavefront .obj file modifyed by the Ministry of Flats fully automated UV unwrapper, written by Eskil Steenberg www.ministryofflat.com

# 3ds Max Wavefront OBJ Exporter v0.99 - (c)2007 guruware
# File Created: 14.02.2026 12:00:50

mtllib door_low.mtl

#
# object Mesh1_0
#

v  -0.425280004740 -0.051495000720 -0.009942994453
v  -0.438753992319 -0.040212001652 -0.013538995758
v  -0.438614994287 -0.059803999960 -0.009199992754
v  -0.433212012053 -0.048815999180 -0.000146994178
v  -0.435582011938 0.090483002365 -0.003052010667
v  -0.442093014717 0.107623003423 -0.013611013070
v  -0.438372999430 0.117178998888 -0.006787014194
v  -0.438454985619 0.183617994189 -0.012662022375
v  -0.434832006693 0.255836993456 -0.001757030492
v  -0.437016010284 0.256372988224 -0.012976030819
v  -0.426292002201 0.260693997145 -0.006557030603
v  -0.430631995201 0.259559005499 -0.014076030813
v  -0.424605995417 0.274572014809 -0.007671033032
v  -0.430734008551 0.479793012142 -0.014190057293
v  -0.424708992243 0.409669995308 -0.007517048623
v  -0.424385994673 0.611211001873 -0.007224072702
v  -0.430332005024 0.627381980419 -0.014164074324
v  -0.424649000168 0.665961027145 -0.006529079750
v  -0.424456000328 0.746293008327 -0.007445089053
v  -0.430640995502 0.859291970730 -0.014102102257
v  -0.424353986979 0.796184003353 -0.006739094853
v  -0.425047010183 0.858901977539 -0.008022102527
v  -0.439646989107 0.863363981247 -0.013968103565
v  -0.441031992435 0.106733001769 0.005576987285
v  -0.441035002470 0.177082002163 0.006770978682
v  -0.438237011433 0.262073010206 0.016490967944
v  -0.426589012146 0.391279995441 0.008915953338
v  -0.425900995731 0.425411999226 0.018275950104
v  -0.427300989628 0.651266992092 0.012188921683
v  -0.441083997488 -0.026929000393 0.006384003442
v  -0.441004991531 0.137465998530 0.006693983916
v  -0.424427986145 0.270078986883 0.025737969205
v  -0.424259006977 0.265422999859 0.036660969257
v  -0.424261003733 0.404509007931 0.036213953048
v  -0.424392014742 0.604790985584 0.036650929600
v  -0.426795989275 0.763768970966 0.013047908433
v  -0.427116990089 0.598717987537 0.011845928617
v  -0.437301993370 0.864881992340 0.022539896891
v  -0.410672992468 0.946752011776 0.006448887289
v  -0.433441996574 0.985188007355 0.020508883521
v  -0.388725996017 0.985801994801 0.016264881939
v  -0.433652997017 -0.057693000883 0.021473005414
v  -0.439018011093 -0.034919999540 0.018671004102
v  -0.441060990095 0.089031003416 0.019697988406
v  -0.440503001213 0.132485002279 0.022048985586
v  -0.424315989017 0.660991013050 0.036575920880
v  -0.424470007420 0.790189027786 0.036743905395
v  -0.439866006374 0.182170003653 0.020182980224
v  -0.459556996822 -0.060215994716 0.036612007767
v  -0.427157998085 0.864727973938 0.032189894468
v  -0.376581013203 0.945293009281 0.035699889064
v  -0.442788004875 0.981813013554 0.034969881177
v  -0.425494998693 -0.018468996510 0.025780001655
v  -0.426064014435 0.008919002488 0.021557999775
v  -0.423992991447 0.104930996895 0.022033989429
v  -0.427139014006 0.121697999537 0.024251984432
v  -0.425348013639 0.134766995907 0.023754986003
v  -0.423772007227 0.167317003012 0.023512979969
v  -0.425711005926 0.236493006349 0.022722970694
v  0.459879994392 0.771840989590 0.022282909602
v  0.459605991840 0.893824994564 0.036125894636
v  0.461115986109 0.793359994888 0.040371906012
v  -0.424663990736 0.856217980385 0.036987900734
v  -0.443533003330 0.945976018906 0.036253888160
v  -0.484382003546 -0.937053978443 0.035159111023
v  -0.464439004660 -0.867730975151 0.035076104105
v  -0.468228012323 -0.914465010166 0.034978110343
v  -0.425442993641 -0.058273997158 0.035989008844
v  -0.421885013580 0.014056004584 0.036258999258
v  -0.422405987978 0.110503003001 0.036618988961
v  -0.424739003181 0.137806996703 0.036325979978
v  -0.423000991344 0.167088001966 0.039650980383
v  -0.424427002668 0.239726006985 0.037671968341
v  0.462918013334 0.744599997997 0.034952908754
v  0.459715008736 0.736811995506 0.036477912217
v  0.466791987419 0.785663008690 0.042558908463
v  -0.433512002230 0.869576990604 0.038312897086
v  -0.374891996384 0.987471997738 0.039106879383
v  -0.491872012615 -0.941434025764 0.042369112372
v  -0.492476999760 -0.862316012383 0.042575102299
v  -0.483117014170 -0.867103993893 0.035575103015
v  -0.425482988358 -0.009567995556 0.038536999375
v  -0.434772998095 0.890740990639 0.036503896117
v  0.178781002760 0.891179978848 0.036753896624
v  0.198377996683 0.892262995243 0.038437895477
v  0.196066007018 0.894528985023 0.030136894435
v  0.223515003920 0.891192018986 0.035923894495
v  0.274076014757 0.893324017525 0.036765895784
v  -0.133952006698 0.894509017467 0.029847893864
v  -0.177068993449 0.891703009605 0.038239896297
v  -0.162184998393 0.897439002991 0.042334891856
v  -0.131925001740 0.891762018204 0.038404896855
v  -0.119580000639 0.892581999302 0.038136895746
v  -0.066399998963 0.894515991211 0.030022893101
v  -0.088142000139 0.891946971416 0.038080897182
v  -0.059004001319 0.892875015736 0.039043895900
v  -0.035962998867 0.893812000751 0.040384896100
v  -0.002653999953 0.893060028553 0.036629896611
v  0.154320001602 0.891530990601 0.037506897002
v  -0.477863997221 0.951749026775 0.035917889327
v  -0.483393013477 0.941815018654 0.042680889368
v  -0.366131991148 0.949173986912 0.037110887468
v  -0.378473997116 0.938557028770 0.042602889240
v  -0.337209999561 0.973154008389 0.036267884076
v  -0.337823003531 0.944278001785 0.042629886419
v  -0.466419011354 0.965892970562 0.042099885643
v  -0.359683990479 0.967249989510 0.044414885342
v  -0.484313994646 0.987129986286 0.041214879602
v  -0.354966014624 0.985669970512 0.039642881602
v  0.456113010645 -0.997875988483 0.035310119390
v  0.419012993574 -0.996133983135 0.039921119809
v  0.454461991787 -0.992518007755 0.045685119927
v  0.465535014868 -0.996316015720 0.046324118972
v  0.464437991381 -0.985526978970 0.042582120746
v  0.474068999290 -1.002742052078 0.042946118861
v  0.511258006096 -0.926557004452 0.042992111295
v  0.511223018169 -1.002809047699 0.044752120972
v  -0.471819996834 -1.002511978149 0.043471120298
v  -0.467889994383 -0.958187997341 0.042538110167
v  -0.466071009636 -0.996206998825 0.044263120741
v  0.459493011236 -1.002725005150 0.036015119404
v  -0.511287987232 -1.003051996231 0.043003119528
v  -0.511416018009 -0.881546974182 0.043113104999
v  -0.463519006968 -0.859405994415 0.041596099734
v  -0.469781994820 -0.795129001141 0.042818091810
v  0.511385023594 -0.781699001789 0.043045092374
v  0.469448000193 -0.757032990456 0.042762089521
v  0.463429987431 -0.762450993061 0.041621088982
v  -0.510905981064 -0.761888027191 0.042936090380
v  -0.463495999575 -0.681394994259 0.041766081005
v  0.463959991932 -0.717882990837 0.036957085133
v  0.468158990145 -0.711998999119 0.042474083602
v  -0.469886988401 -0.621914982796 0.042797073722
v  -0.511389970779 -0.578523993492 0.042996071279
v  0.459805011749 -0.707316994667 0.036553081125
v  0.463432013988 -0.707031011581 0.041702080518
v  0.511054992676 -0.631968021393 0.042979072779
v  0.469469010830 -0.566164970398 0.042787067592
v  0.463436990976 -0.553937971592 0.041720062494
v  0.511407971382 -0.545903980732 0.042987063527
v  -0.463485985994 -0.508365988731 0.041761059314
v  0.511404991150 -0.381879985332 0.043111044914
v  -0.469965994358 -0.427215993404 0.042807053775
v  0.469781994820 -0.350926995277 0.042788039893
v  0.463450014591 -0.339783996344 0.041694041342
v  -0.463490009308 -0.309035003185 0.041722036898
v  -0.511148989201 -0.360312998295 0.042985040694
v  -0.469718992710 -0.206679999828 0.042774021626
v  -0.511340022087 -0.241191998124 0.042943030596
v  0.469673991203 -0.148893997073 0.042791020125
v  0.511207997799 -0.238010004163 0.042980030179
v  0.463461995125 -0.080254003406 0.041723012924
v  0.510025978088 -0.152020007372 0.043063018471
v  0.509496986866 -0.078014001250 0.042900010943
v  -0.511337995529 -0.014618995599 0.043040998280
v  -0.463447004557 -0.056694995612 0.042143005878
v  -0.428231000900 -0.002447994892 0.042706001550
v  -0.431055009365 -0.053402997553 0.042418006808
v  0.511382997036 -0.005615994800 0.043124001473
v  0.469603002071 0.158705994487 0.042776983231
v  -0.511380016804 0.160398006439 0.042912982404
v  -0.429015994072 0.116079002619 0.042545989156
v  0.511430025101 0.075671002269 0.043077990413
v  0.463470995426 0.222290992737 0.041728969663
v  0.511395990849 0.202241003513 0.043030977249
v  -0.431410014629 0.150737002492 0.042576979846
v  -0.431244999170 0.241529002786 0.042770970613
v  -0.511359989643 0.288587003946 0.042936965823
v  0.511174976826 0.323734998703 0.043045960367
v  0.459751009941 0.329607993364 0.036539960653
v  0.464170008898 0.385865986347 0.042382951826
v  -0.431147992611 0.405613988638 0.042807951570
v  0.511373996735 0.382975012064 0.043023955077
v  -0.511165022850 0.440622985363 0.043008949608
v  0.469808012247 0.590089023113 0.042799931020
v  0.459776997566 0.594238996506 0.036536928266
v  -0.431102991104 0.593777000904 0.042772930115
v  0.463459998369 0.587348997593 0.041724927723
v  0.511424005032 0.507758975029 0.043164938688
v  -0.511379003525 0.576515972614 0.042931929231
v  0.511186003685 0.618426024914 0.043081924319
v  -0.431234985590 0.750073015690 0.042826909572
v  -0.511433005333 0.690235972404 0.042934916914
v  0.511325001717 0.715556025505 0.043079912663
v  0.466610997915 0.739953994751 0.042593911290
v  -0.511331975460 0.846274971962 0.042946901172
v  0.511234998703 0.791558980942 0.043025907129
v  -0.431100010872 0.862200021744 0.042696900666
v  -0.439262986183 0.895660996437 0.042662892491
v  0.463295012712 0.895093023777 0.042507890612
v  0.511393010616 0.912356019020 0.043007891625
v  -0.339060992002 0.899120986462 0.042716890574
v  -0.304482996464 0.890438020229 0.036460895091
v  -0.344143986702 0.893957018852 0.036422897130
v  0.246399998665 0.894722998142 0.041364897043
v  0.261465013027 0.892407000065 0.038155894727
v  -0.281114012003 0.899798989296 0.042757891119
v  -0.284734010696 0.892526984215 0.038062896580
v  -0.246628001332 0.891121983528 0.036609895527
v  -0.241328001022 0.899160981178 0.042679890990
v  -0.215966999531 0.891920983791 0.038110896945
v  0.121394999325 0.891869008541 0.037987895310
v  0.154602006078 0.898561000824 0.042554892600
v  0.177472993731 0.898711025715 0.042690891773
v  0.215132996440 0.898414015770 0.042392890900
v  0.300906002522 0.898648977280 0.042457893491
v  0.310108989477 0.893257975578 0.036571893841
v  0.351379990578 0.897936999798 0.042438890785
v  0.355879992247 0.891322016716 0.036063894629
v  0.390309005976 0.898550987244 0.042491890490
v  0.392812997103 0.891124010086 0.036128897220
v  0.411318004131 0.892167985439 0.037700895220
v  0.416880995035 0.898429989815 0.042802892625
v  -0.110872000456 0.913329005241 0.042882889509
v  0.027042999864 0.899284005165 0.042827893049
v  0.026706000790 0.892105996609 0.038222894073
v  0.057670999318 0.891610026360 0.037323895842
v  0.087844997644 0.894276022911 0.040553893894
v  0.191590994596 0.925886988640 0.042896889150
v  0.315169990063 0.904769003391 0.042804893106
v  -0.258506000042 1.003087997437 0.042947880924
v  0.386321991682 1.003098011017 0.042948879302
v  -0.511372029781 1.003113985062 0.043146882206
v  0.081097997725 1.003124952316 0.042854879051
v  -0.332460999489 0.980970025063 0.042546879500
v  -0.081393003464 1.003123998642 0.042902879417
v  -0.020166000351 1.003188014030 0.043335881084
v  0.171380996704 1.002987980843 0.043326880783
v  0.262171000242 1.003152012825 0.043013881892
v  -0.436637997627 1.003111958504 0.044283881783
v  -0.366571009159 1.002953052521 0.043322879821
v  0.511250019073 1.002979993820 0.043169882149
v  0.457686990499 -0.981719017029 0.045044120401
v  0.459639996290 -0.814786970615 0.045292101800
v  0.455740004778 -0.827820003033 0.028906099498
v  0.435342997313 -0.787149012089 0.048595093191
v  0.416785001755 -0.813202977180 0.042277097702
v  0.417652994394 -0.832522988319 0.022590100765
v  0.511473000050 -0.138218998909 0.045952018350
v  0.506471991539 -0.999716997147 0.050355117768
v  0.504271984100 -0.994561970234 0.046298120171
v  0.475764006376 -0.999414980412 0.049189120531
v  0.508530020714 -0.991611003876 0.051205120981
v  0.248276993632 -0.992525994778 0.050036117435
v  0.415066003799 -0.992852985859 0.051119118929
v  0.411033004522 -0.989225983620 0.046638119966
v  0.240349993110 -0.982592999935 0.048894118518
v  0.226505994797 -0.990477025509 0.067445121706
v  0.247846007347 -0.982680976391 0.045773118734
v  0.412018001080 -0.818638026714 0.045652098954
v  0.503992021084 -0.863674998283 0.045974105597
v  0.485550999641 -0.838782012463 0.046202100813
v  0.508469998837 -0.857205986977 0.051717098802
v  -0.511488020420 -0.817426025867 0.126220092177
v  0.511488020420 -0.683408975601 0.126042068005
v  -0.511483013630 -0.093024984002 0.126181006432
v  0.511479020119 -0.153975978494 0.126246020198
v  -0.511489987373 0.272787988186 0.126158967614
v  0.511498987675 0.316035002470 0.126128956676
v  0.511507987976 0.717194974422 0.125961914659
v  0.471415996552 -1.003108024597 0.070690117776
v  0.405301004648 -0.797336995602 0.068874098361
v  -0.511461019516 0.381823003292 0.128708958626
v  0.504683971405 -1.000182032585 0.125611126423
v  0.249803006649 -0.992609024048 0.083251118660
v  0.508563995361 -0.995455980301 0.119662120938
v  0.478922009468 -0.808983027935 0.069043099880
v  -0.511466979980 -0.397915005684 0.125857040286
v  -0.511489987373 -0.264115005732 0.126234024763
v  0.511491000652 -0.303344011307 0.126196041703
v  -0.511484026909 0.053286015987 0.126294001937
v  -0.511475980282 0.488694995642 0.126165956259
v  -0.511493980885 0.858698010445 0.126157894731
v  -0.467611014843 -0.996034979820 0.087090119720
v  0.467159003019 -0.992280006409 0.084332115948
v  0.236006006598 -0.967028975487 0.068861119449
v  0.277563989162 -0.924832999706 0.069434106350
v  0.332215994596 -0.870474994183 0.068795107305
v  0.511501014233 -0.923955976963 0.126327112317
v  0.374282985926 -0.828845977783 0.068861097097
v  0.511483013630 0.600344002247 0.126279920340
v  -0.374062001705 1.003281950951 0.122992880642
v  0.508103013039 -0.839838981628 0.069315105677
v  0.436094999313 -0.767476975918 0.068901099265
v  0.347671985626 1.003170013428 0.129204884171
v  0.473836004734 -0.999176979065 0.096502117813
v  0.239160001278 -0.982937991619 0.087701119483
v  0.511416018009 -0.439011007547 0.128811046481
v  0.511340022087 1.002902030945 0.129353880882
v  -0.203971996903 1.003285050392 0.123316884041
v  0.208332002163 1.003222942352 0.128874883056
v  -0.466399997473 -1.003057003021 0.112110115588
v  0.468084007502 -0.995908975601 0.088287122548
v  0.250506013632 -0.976152002811 0.092468120158
v  0.360846996307 -0.861104011536 0.087357103825
v  0.511484980583 -0.777254998684 0.126284092665
v  -0.511465013027 -0.683564007282 0.126064077020
v  0.511439025402 0.055682014674 0.127802997828
v  0.511406004429 0.408850997686 0.128635957837
v  0.511403024197 0.799950003624 0.128989905119
v  0.467815995216 -0.938407003880 0.096067115664
v  0.470569014549 -0.939310014248 0.088633120060
v  0.468863993883 -0.890340983868 0.095931105316
v  0.468715995550 -0.907508015633 0.099156104028
v  0.468486994505 -0.865318000317 0.089151106775
v  0.475787997246 -0.836983025074 0.093477100134
v  0.468553006649 -0.819040000439 0.087322093546
v  -0.078130997717 -0.657164990902 0.084611080587
v  -0.058843001723 -0.650264978409 0.078944079578
v  -0.259788990021 -0.650520980358 0.079043082893
v  0.081193000078 -0.657406985760 0.084789082408
v  0.152461007237 -0.650187015533 0.078895084560
v  0.212435007095 -0.657766997814 0.084891080856
v  0.257277011871 -0.649800002575 0.078913085163
v  0.264066994190 -0.664115011692 0.087401084602
v  0.264007985592 -0.649333000183 0.082135081291
v  -0.260872989893 -0.608677983284 0.079106077552
v  0.070514999330 -0.506218016148 0.079030059278
v  -0.153598994017 -0.549865007401 0.079014070332
v  0.257348001003 -0.445547997952 0.078941062093
v  0.263114988804 -0.515118002892 0.080823056400
v  -0.257126003504 -0.522046029568 0.079031057656
v  -0.263000994921 -0.512610971928 0.080646060407
v  0.263143002987 -0.305377006531 0.080894038081
v  0.267152011395 -0.508244991302 0.085471056402
v  -0.257187992334 -0.318791002035 0.078982040286
v  -0.262980014086 -0.360006004572 0.080610044301
v  -0.061119001359 -0.222614005208 0.078992024064
v  0.179324001074 -0.193544998765 0.078973025084
v  0.259445995092 -0.134709000587 0.079069018364
v  -0.267302006483 -0.281275987625 0.085347034037
v  -0.260432004929 -0.134554997087 0.079149015248
v  0.029707999900 -0.135002002120 0.079082012177
v  -0.091770999134 -0.134940996766 0.079044014215
v  0.117835998535 -0.134830996394 0.079269014299
v  0.185989007354 -0.134460002184 0.079408012331
v  -0.270476013422 -0.123116984963 0.087518014014
v  -0.169277995825 -0.121140986681 0.088386014104
v  0.270743995905 -0.124894984066 0.087057016790
v  -0.238062992692 0.152611002326 0.091763980687
v  -0.148871004581 0.168318003416 0.078950978816
v  -0.258763998747 0.168274998665 0.079027980566
v  -0.057891000062 0.155410006642 0.088854975998
v  0.022081999108 0.167878001928 0.079071976244
v  0.040275998414 0.155324995518 0.089279979467
v  0.149915993214 0.168047994375 0.078969977796
v  0.151778995991 0.154761001468 0.089539974928
v  0.266788989305 0.160420998931 0.084431976080
v  0.259000986814 0.168206006289 0.079015977681
v  -0.018177999184 0.260702013969 0.078993961215
v  0.267192006111 0.267435997725 0.085485965014
v  -0.260500013828 0.312777996063 0.079007960856
v  -0.257158011198 0.429132014513 0.078993946314
v  -0.263013988733 0.426593005657 0.080595947802
v  0.263179987669 0.377701997757 0.080746956170
v  0.257358998060 0.398885011673 0.078901953995
v  0.113753996789 0.519698023796 0.078970938921
v  0.270810008049 0.341356992722 0.086954966187
v  -0.267338991165 0.315275013447 0.085375964642
v  -0.270285993814 0.470678001642 0.086713939905
v  0.263101994991 0.489223003387 0.080830939114
v  -0.168373003602 0.647504985332 0.079000920057
v  0.257474988699 0.579836010933 0.078954935074
v  0.263137996197 0.606338977814 0.080850929022
v  -0.263033986092 0.656683981419 0.080589920282
v  0.035907998681 0.738795995712 0.078962914646
v  -0.257099002600 0.775354027748 0.078944906592
v  0.178497001529 0.775366008282 0.078860901296
v  0.257674992085 0.775461971760 0.078928902745
v  -0.262066006660 0.776305973530 0.080185905099
v  0.263875991106 0.739497005939 0.081964917481
v  0.267069011927 0.616944015026 0.085474923253
v  -0.128151997924 0.775359988213 0.078831903636
v  -0.035277999938 0.775550007820 0.078983902931
v  0.111850999296 0.775503993034 0.079312905669
v  -0.271053999662 0.786719977856 0.087603904307
v  -0.143997997046 0.787002980709 0.087256900966
v  -0.040874999017 0.787679970264 0.087704904377
v  0.079593002796 0.787533998489 0.087711900473
v  0.198078006506 0.787802994251 0.087779901922
v  0.271676987410 0.786337971687 0.087755903602
v  0.252608001232 -0.981325984001 0.093444116414
v  0.426023006439 -0.981635987759 0.093260116875
v  0.462785989046 -0.984851002693 0.095751121640
v  0.273790985346 -0.954926013947 0.093096122146
v  0.360666990280 -0.869382023811 0.093647107482
v  0.481689989567 -0.848625004292 0.104759104550
v  -0.078947000206 -0.664453029633 0.087316080928
v  -0.160900995135 -0.664420008659 0.087275080383
v  0.010741000064 -0.663909971714 0.086988084018
v  0.133597999811 -0.664210975170 0.087036080658
v  -0.268900990486 -0.660360991955 0.086401082575
v  -0.272617995739 -0.552223026752 0.088150069118
v  -0.272646009922 -0.415237009525 0.088166043162
v  0.267096996307 -0.290812999010 0.085482038558
v  -0.052836999297 -0.120025984943 0.088652014732
v  0.092909999192 -0.120518982410 0.088411018252
v  0.202432006598 -0.117724984884 0.092012017965
v  -0.140432998538 0.151690006256 0.092960976064
v  0.270487993956 0.469659000635 0.086883939803
v  -0.269932001829 0.652987003326 0.086531914771
v  0.509855985641 -1.003065943718 0.128847122192
v  -0.367688000202 -0.995555996895 0.087012119591
v  -0.458319008350 -0.986158013344 0.096461117268
v  -0.322560012341 -0.995499014854 0.086687117815
v  -0.354669004679 -0.986549019814 0.096593119204
v  -0.226806998253 -0.995377004147 0.087261117995
v  -0.236289992929 -0.990530014038 0.091256119311
v  -0.141093999147 -0.990374982357 0.091370120645
v  -0.106187999249 -0.995594024658 0.087086118758
v  -0.068898998201 -0.986145019531 0.096479117870
v  0.001565000042 -0.995473027229 0.086641117930
v  0.098168000579 -0.995552003384 0.086899116635
v  0.173219993711 -0.986275970936 0.096491120756
v  0.052049998194 -0.986474990845 0.096476122737
v  0.285741001368 -0.995573997498 0.087039120495
v  0.305685997009 -0.986638009548 0.096248120070
v  0.418182998896 -0.995348989964 0.087483115494
v  0.437891006470 -0.955627977848 0.096583120525
v  0.429259985685 -0.985337018967 0.096200115979
v  0.435528010130 -0.891048014164 0.093832105398
v  0.456328988075 -0.863770008087 0.096291102469
v  0.455103993416 -0.860891997814 0.087699107826
v  0.463797986507 -0.869342029095 0.102031104267
v  -0.277343004942 -0.670114994049 0.095846079290
v  -0.012945000082 -0.671474993229 0.096617080271
v  0.129360005260 -0.671360015869 0.096429079771
v  0.278860986233 -0.666678011417 0.096602082253
v  0.272924989462 -0.661965012550 0.088380083442
v  0.273521989584 -0.454409003258 0.088894061744
v  0.511371016502 -0.563820004463 0.129341080785
v  0.272260993719 -0.339688986540 0.087792038918
v  -0.273236989975 -0.280039012432 0.088553033769
v  0.273306012154 -0.210104003549 0.088705025613
v  -0.276917010546 -0.119977988303 0.094390012324
v  -0.140140995383 -0.112569987774 0.097202017903
v  -0.213561996818 -0.105850987136 0.101463012397
v  -0.033344000578 -0.113310985267 0.096588015556
v  0.276409000158 -0.115763984621 0.095912016928
v  0.103408999741 0.008319010027 0.089372999966
v  -0.027703000233 0.021179011092 0.088058002293
v  -0.102656997740 0.007396010682 0.090170003474
v  -0.102807998657 0.019245011732 0.087508000433
v  0.101671002805 0.021178010851 0.088504999876
v  0.109842002392 0.006241011433 0.096014998853
v  0.101937003434 0.028082011268 0.096014998853
v  -0.277087002993 0.149826005101 0.096010975540
v  -0.272348999977 0.160687997937 0.087907977402
v  0.278008997440 0.150134995580 0.096074976027
v  0.273414999247 0.158068001270 0.088905975223
v  0.279161989689 0.276309996843 0.096460960805
v  -0.273339003325 0.301178008318 0.088686965406
v  -0.278863996267 0.405023008585 0.095961958170
v  0.279287010431 0.455060988665 0.096645943820
v  -0.279172986746 0.632803976536 0.096418924630
v  0.273326992989 0.557906985283 0.088695935905
v  0.271476000547 0.646849989891 0.087266914546
v  0.279195010662 0.705376029015 0.096484914422
v  -0.511367022991 0.725968003273 0.128706917167
v  0.003159000073 0.795270025730 0.097714900970
v  0.463604986668 -1.000885963440 0.110099121928
v  -0.462300002575 -0.992604970932 0.110723115504
v  -0.299216002226 -0.986926972866 0.096493117511
v  -0.132696002722 -0.987047016621 0.096520118415
v  -0.207977995276 -0.986593008041 0.096490122378
v  0.471112012863 -0.865055978298 0.101946100593
v  0.462980002165 -0.963476002216 0.109727121890
v  0.469740986824 -0.862929999828 0.111427105963
v  -0.458169013262 -0.864165008068 0.096586100757
v  -0.364389002323 -0.864044010639 0.096629105508
v  -0.452475011349 -0.858612000942 0.090718105435
v  -0.310606986284 -0.860109984875 0.091931104660
v  -0.249872997403 -0.863714993000 0.096342101693
v  -0.133521005511 -0.860122978687 0.091974101961
v  -0.105070002377 -0.863811016083 0.096541106701
v  0.068273000419 -0.863862991333 0.096520103514
v  0.063083998859 -0.860166013241 0.092033103108
v  0.150619998574 -0.863865017891 0.096634104848
v  0.175749003887 -0.858034014702 0.090589106083
v  0.252599000931 -0.863927006721 0.096628107131
v  0.304773986340 -0.858500003815 0.090700104833
v  0.347716987133 -0.863565981388 0.096345104277
v  0.441336005926 -0.856943011284 0.090436100960
v  -0.316787004471 -0.853534996510 0.090392105281
v  -0.107167996466 -0.853694975376 0.090392105281
v  0.067821003497 -0.853711009026 0.090398102999
v  0.461908012629 -0.853879988194 0.090568102896
v  0.466233998537 -0.856715023518 0.096681103110
v  -0.462190002203 -0.778405010700 0.090422093868
v  0.256485998631 -0.714790999889 0.090436078608
v  -0.467393994331 -0.855481028557 0.098024107516
v  0.462231993675 -0.832840025425 0.090562097728
v  -0.469199001789 -0.781976997852 0.098375096917
v  0.469399988651 -0.828115999699 0.098430097103
v  0.317092001438 -0.710143983364 0.090448081493
v  -0.323291003704 -0.720182001591 0.090403079987
v  0.462781995535 -0.739616990089 0.091024078429
v  0.469460994005 -0.736939013004 0.098364084959
v  0.457168996334 -0.663778007030 0.090400084853
v  -0.068185001612 -0.720049023628 0.090400084853
v  -0.469058007002 -0.726216971874 0.097260080278
v  -0.462255001068 -0.614224970341 0.090468071401
v  0.141614004970 -0.714317023754 0.090856082737
v  -0.208304002881 -0.713164985180 0.091444082558
v  -0.316433012486 -0.712790012360 0.091747082770
v  -0.064216002822 -0.714227020741 0.090939082205
v  0.314873009920 -0.712800025940 0.091754078865
v  -0.090859003365 -0.709811985493 0.096157081425
v  0.022156000137 -0.709864020348 0.096265085042
v  0.206931993365 -0.709921002388 0.096144080162
v  -0.468874007463 -0.691969990730 0.098357081413
v  -0.462846010923 -0.683502972126 0.091036081314
v  -0.469247996807 -0.657939016819 0.098126083612
v  -0.318217009306 -0.602849006653 0.090467073023
v  -0.313154011965 -0.595848023891 0.096867069602
v  -0.145953997970 -0.672003984451 0.096771083772
v  0.462662994862 -0.578500986099 0.090916067362
v  0.469357997179 -0.580338001251 0.098387070000
v  -0.469027996063 -0.636623024940 0.097338072956
v  0.323428988457 -0.562579989433 0.090401068330
v  -0.279181987047 -0.529653012753 0.097129061818
v  0.315827995539 -0.595595002174 0.091890066862
v  0.461771011353 -0.537213027477 0.090415060520
v  0.279253989458 -0.489077001810 0.097106061876
v  -0.469292998314 -0.532266020775 0.098415061831
v  0.469716012478 -0.566600978374 0.096826069057
v  -0.462141990662 -0.528679013252 0.090410061181
v  0.457035988569 -0.355444997549 0.090399041772
v  0.470461010933 -0.522036015987 0.097203060985
v  0.462781012058 -0.494334012270 0.091048061848
v  -0.468926995993 -0.496901988983 0.098462060094
v  0.315750002861 -0.519443988800 0.091899059713
v  -0.468618005514 -0.471787989140 0.096446059644
v  0.469516009092 -0.490462005138 0.098656058311
v  -0.317081987858 -0.441300004721 0.090660050511
v  0.318221986294 -0.354975998402 0.090473048389
v  -0.457165002823 -0.427428007126 0.090402051806
v  -0.468955993652 -0.450365990400 0.096881061792
v  -0.462832987309 -0.426333010197 0.091035053134
v  0.469397991896 -0.298657000065 0.098415039480
v  -0.469025999308 -0.420394003391 0.098501041532
v  0.312635987997 -0.419277012348 0.097426041961
v  -0.469397008419 -0.385401993990 0.098482042551
v  -0.317555010319 -0.373948991299 0.090465046465
v  -0.462828993797 -0.384496986866 0.091051042080
v  -0.279244005680 -0.280524998903 0.097197040915
v  -0.457201987505 -0.234402000904 0.090403020382
v  0.312559992075 -0.279799997807 0.097573034465
v  -0.312952995300 -0.299585014582 0.097069039941
v  -0.318212985992 -0.201725006104 0.090462021530
v  -0.468380004168 -0.294398993254 0.098729036748
v  0.279285997152 -0.254200011492 0.097126029432
v  -0.462760001421 -0.291191995144 0.091024033725
v  0.462785989046 -0.274356991053 0.091000035405
v  0.318255990744 -0.162821993232 0.090440019965
v  -0.469350993633 -0.247562006116 0.098279029131
v  -0.462797999382 -0.244386002421 0.091033019125
v  -0.313145995140 -0.164018005133 0.096953019500
v  -0.469359993935 -0.137191995978 0.098394013941
v  -0.462338000536 -0.137925997376 0.090555012226
v  0.312624990940 -0.142239004374 0.097562015057
v  0.462276011705 -0.137822002172 0.090540014207
v  0.469460994005 -0.135784998536 0.098388016224
v  -0.413105994463 -0.035053987056 0.090419001877
v  0.047256998718 -0.111989982426 0.097654014826
v  0.144702002406 -0.113051988184 0.096961013973
v  -0.315780013800 -0.073021985590 0.092239007354
v  0.456990987062 0.010479010642 0.090401001275
v  0.462792009115 -0.037280987948 0.091043002903
v  0.316343992949 -0.072152987123 0.090597011149
v  -0.469332993031 -0.052119988948 0.098384007812
v  -0.226201996207 -0.070003986359 0.090432010591
v  0.469397991896 -0.013809988275 0.098389998078
v  -0.462381005287 -0.050345987082 0.090627007186
v  -0.229315996170 -0.073139987886 0.093192011118
v  -0.156837999821 -0.072243988514 0.092122010887
v  -0.071570001543 -0.070851981640 0.091023005545
v  -0.039680998772 -0.075565986335 0.097536005080
v  0.027755999938 -0.070468984544 0.090902008116
v  0.026256000623 -0.076174981892 0.098740004003
v  0.101926997304 -0.081357985735 0.109883010387
v  0.128837004304 -0.071608982980 0.091606006026
v  -0.106000997126 -0.064766988158 0.090424008667
v  -0.107271999121 -0.072816982865 0.092483006418
v  0.122524999082 -0.064745984972 0.090404003859
v  0.191071003675 -0.072369985282 0.091375008225
v  -0.133751004934 -0.021206988022 0.090387001634
v  -0.043871000409 -0.021915988997 0.090332001448
v  0.187552005053 0.102361015975 0.090376988053
v  0.249980002642 -0.071216985583 0.090473011136
v  0.130384996533 -0.021914988756 0.090374998748
v  0.029928000644 -0.022048989311 0.090352997184
v  -0.376690000296 -0.013918989338 0.090576000512
v  -0.436105996370 -0.017135988921 0.091435998678
v  -0.414876013994 -0.028549989685 0.099661000073
v  -0.133753001690 0.050933010876 0.090426988900
v  0.323139011860 0.102595016360 0.090395987034
v  -0.469370990992 0.014404011890 0.098411999643
v  -0.438421994448 0.009113010019 0.091104999185
v  -0.462675988674 0.021733012050 0.090866997838
v  -0.431010007858 0.012604012154 0.098742000759
v  0.134244993329 0.051069010049 0.090499989688
v  0.123883001506 -0.012373987585 0.096501998603
v  -0.385131001472 0.026840010658 0.090455003083
v  -0.389241009951 0.014724012464 0.097751997411
v  -0.218461006880 0.107908017933 0.090493984520
v  -0.125455006957 -0.012736988254 0.096419997513
v  -0.104731000960 0.004910011776 0.096367999911
v  0.012223999947 0.004900011700 0.096371002495
v  0.125786006451 0.043824009597 0.096303999424
v  -0.421130001545 0.028273010626 0.090843997896
v  -0.125323995948 0.041783012450 0.096459001303
v  -0.423860013485 0.068366013467 0.090564996004
v  -0.102369002998 0.027768010274 0.096427999437
v  -0.316754013300 0.108179017901 0.090527981520
v  0.462808996439 0.073609016836 0.091038994491
v  -0.389941006899 0.072806015611 0.090733990073
v  0.469377994537 0.075068011880 0.098390989006
v  -0.068176001310 0.051494009793 0.090613991022
v  0.016313999891 0.102492012084 0.090342983603
v  -0.441597014666 0.080328017473 0.090898990631
v  0.462047010660 0.154164999723 0.090429976583
v  -0.448314011097 0.093035012484 0.090433984995
v  -0.395159006119 0.084085017443 0.106199994683
v  -0.462778985500 0.122485011816 0.090977981687
v  -0.469368994236 0.120447017252 0.098277986050
v  -0.429167002439 0.083937011659 0.104592993855
v  -0.131301999092 0.107716016471 0.090613983572
v  -0.433138012886 0.111640013754 0.110397987068
v  -0.374262988567 0.113748013973 0.090807981789
v  -0.027969999239 0.109051011503 0.091806985438
v  0.068337999284 0.108982011676 0.092074982822
v  0.200783997774 0.109013013542 0.091936983168
v  0.314824998379 0.108821012080 0.091652981937
v  -0.306612014771 0.117714017630 0.110594987869
v  -0.097974002361 0.115532018244 0.106420986354
v  0.306719005108 0.118170015514 0.111098982394
v  0.317256987095 0.136479005218 0.091307982802
v  0.311919987202 0.116302013397 0.098844982684
v  -0.442965000868 0.125069007277 0.091297984123
v  0.469561994076 0.156645998359 0.098393976688
v  -0.414462000132 0.141848996282 0.090836986899
v  -0.383482009172 0.123158015311 0.095746986568
v  -0.393878012896 0.137937992811 0.090506985784
v  -0.467292010784 0.183845013380 0.098883979023
v  -0.460453987122 0.187244996428 0.090362980962
v  -0.042713999748 0.149448007345 0.096391975880
v  0.099968999624 0.143946021795 0.100248984993
v  0.221319004893 0.144449010491 0.099545985460
v  0.511478006840 0.230434015393 0.126254975796
v  0.462915003300 0.220934003592 0.091049976647
v  0.318098992109 0.264494985342 0.090585961938
v  -0.279435992241 0.251982986927 0.096968971193
v  0.469440996647 0.224509999156 0.098419979215
v  -0.317313998938 0.177946001291 0.090602979064
v  0.457258999348 0.242201998830 0.090398974717
v  -0.421972990036 0.211702004075 0.090385980904
v  -0.458644002676 0.201495021582 0.104130975902
v  -0.436210006475 0.191135019064 0.113037981093
v  -0.442595988512 0.199873000383 0.098105974495
v  -0.392881006002 0.212115004659 0.090577974916
v  -0.465873986483 0.205752000213 0.094017975032
v  -0.437795013189 0.218020007014 0.091639980674
v  -0.423198014498 0.225651010871 0.106461979449
v  -0.395283013582 0.229514017701 0.109569974244
v  -0.382346987724 0.253286004066 0.090901970863
v  -0.313035011292 0.242402002215 0.096969977021
v  -0.316641986370 0.349406987429 0.091488957405
v  0.312723010778 0.294719994068 0.097346961498
v  0.316500008106 0.398068010807 0.090687952936
v  0.462379992008 0.285026997328 0.090655960143
v  -0.409774005413 0.270541995764 0.090486966074
v  -0.437142997980 0.255879014730 0.091585963964
v  -0.428382992744 0.250777989626 0.101352967322
v  -0.406762987375 0.253131002188 0.114185966551
v  -0.442901998758 0.275889992714 0.096277959645
v  -0.441096007824 0.278640985489 0.090656965971
v  -0.323448002338 0.409467995167 0.090399958193
v  -0.465975999832 0.281286001205 0.097664959729
v  -0.462805986404 0.290176004171 0.091033965349
v  -0.468867987394 0.327612996101 0.098500959575
v  -0.456966996193 0.370483994484 0.090401954949
v  -0.462841987610 0.348536014557 0.091084957123
v  0.469242006540 0.356788009405 0.098563954234
v  0.318329006433 0.458362013102 0.090417943895
v  0.456784009933 0.396953999996 0.090406954288
v  -0.469229012728 0.353399008512 0.098303958774
v  0.462843000889 0.344817012548 0.091044962406
v  0.462940990925 0.384474009275 0.090997956693
v  -0.462841987610 0.387178987265 0.091034956276
v  0.469691991806 0.402339011431 0.097985953093
v  -0.469361007214 0.386216014624 0.098287954926
v  -0.316410988569 0.459623992443 0.091581940651
v  -0.462769985199 0.490363001823 0.090936943889
v  -0.377278000116 0.451041013002 0.090635940433
v  0.462796986103 0.497651994228 0.091098941863
v  -0.423776000738 0.445679992437 0.090959943831
v  -0.398882985115 0.449009001255 0.098718941212
v  -0.469370990992 0.469691008329 0.098548941314
v  0.469399005175 0.473874986172 0.098358944058
v  -0.441253006458 0.485076993704 0.090782940388
v  0.312389999628 0.496553987265 0.097854942083
v  -0.432992994785 0.488157004118 0.098850943148
v  -0.426266014576 0.462545007467 0.097949936986
v  -0.372979998589 0.495079994202 0.090669937432
v  0.462359011173 0.555952012539 0.090584933758
v  -0.462139010429 0.536225020885 0.090460941195
v  -0.469413995743 0.511609017849 0.098260939121
v  -0.376255005598 0.481611996889 0.099120937288
v  -0.374783009291 0.505492985249 0.090397939086
v  -0.395310997963 0.507219016552 0.095227941871
v  -0.427222013474 0.507278978825 0.090407937765
v  -0.410818010569 0.513270974159 0.090556941926
v  -0.318233996630 0.603331983089 0.090464927256
v  0.469395011663 0.577148973942 0.098401933908
v  -0.462841004133 0.571079015732 0.091072931886
v  -0.469159007072 0.572090983391 0.098378933966
v  0.317957013845 0.681333005428 0.090690918267
v  0.312500000000 0.671391010284 0.097769916058
v  -0.312615007162 0.536135017872 0.097695939243
v  0.462191998959 0.682268023491 0.090505920351
v  -0.462792009115 0.605436980724 0.091012924910
v  -0.469285011292 0.604039013386 0.098393924534
v  -0.456954985857 0.709933996201 0.090402916074
v  -0.313217014074 0.675429999828 0.096901915967
v  0.462209999561 0.814333021641 0.090424902737
v  -0.318320989609 0.705726981163 0.090459920466
v  0.469502002001 0.684787988663 0.098365917802
v  -0.469379007816 0.761784970760 0.098472908139
v  -0.462781012058 0.761941015720 0.091062910855
v  -0.317171990871 0.835641026497 0.090660899878
v  -0.279244005680 0.790790021420 0.096642903984
v  0.317952990532 0.835897982121 0.090509906411
v  0.312956988811 0.830927014351 0.096986904740
v  -0.462799012661 0.817408025265 0.091049902141
v  -0.468982011080 0.813910007477 0.098361901939
v  -0.150453999639 0.795502007008 0.097693905234
v  0.098393000662 0.794957995415 0.097613900900
v  0.191890001297 0.795208990574 0.097762905061
v  0.276529997587 0.793628990650 0.097028903663
v  0.469449013472 0.817418992519 0.098412901163
v  -0.456732988358 0.949719011784 0.090403877199
v  -0.313392013311 0.831232011318 0.096184901893
v  -0.165096998215 0.833923995495 0.091785900295
v  -0.007021999918 0.831209003925 0.096470899880
v  0.010553999804 0.835075020790 0.091321900487
v  0.194343999028 0.831404983997 0.096322901547
v  0.222347006202 0.835973978043 0.090536899865
v  -0.148746997118 0.841623008251 0.090419895947
v  0.029715999961 0.841596007347 0.090415894985
v  -0.416343003511 0.876339972019 0.090641893446
v  -0.180803999305 0.867274999619 0.090593896806
v  0.388895988464 0.949819028378 0.090394884348
v  -0.166601002216 0.872098028660 0.090716898441
v  -0.026971999556 0.950236022472 0.090397879481
v  0.237009003758 0.949856996536 0.090397879481
v  -0.462853014469 0.895341992378 0.091042898595
v  -0.468962013721 0.896426022053 0.098378896713
v  -0.312435001135 0.867780983448 0.090617895126
v  -0.372611999512 0.872474014759 0.090725898743
v  -0.320188999176 0.874557971954 0.095096893609
v  -0.263395994902 0.871838986874 0.096686892211
v  -0.397238999605 0.879418015480 0.093657895923
v  -0.155361995101 0.881874978542 0.091209895909
v  -0.179260000587 0.878866970539 0.128853902221
v  -0.418619006872 0.910331010818 0.090561896563
v  -0.156632006168 0.920786976814 0.090804897249
v  0.101576998830 0.955443024635 0.090495884418
v  -0.237922996283 0.949660003185 0.090393878520
v  -0.462980002165 0.955986976624 0.091402880847
v  0.469348996878 0.933120012283 0.098677895963
v  0.462152004242 0.955078005791 0.090631879866
v  -0.339197009802 0.916696012020 0.108914896846
v  -0.370994001627 0.927594006062 0.090689897537
v  -0.392223000526 0.914097011089 0.091853894293
v  -0.207099005580 0.926970005035 0.092439897358
v  -0.298999994993 0.924413979053 0.091253899038
v  -0.467868000269 0.959295988083 0.098712883890
v  0.468259006739 0.958908975124 0.098290883005
v  -0.365411013365 0.955789983273 0.091252878308
v  -0.325821995735 0.919884979725 0.092275895178
v  -0.323680013418 0.956107974052 0.091485880315
v  -0.332010000944 0.952445983887 0.104410879314
v  -0.361203998327 0.946088016033 0.103536881506
v  -0.356878995895 0.957774996758 0.097481884062
v  -0.156216993928 0.956170022488 0.091670878232
v  -0.024265000597 0.956161022186 0.091537877917
v  0.242836996913 0.956161975861 0.091548882425
v  0.392201006413 0.956148982048 0.091520883143
v  -0.323666006327 0.959782004356 0.098913878202
v  -0.190805003047 0.959547996521 0.098998881876
v  -0.073899999261 0.959572970867 0.098877884448
v  0.170583993196 0.959590017796 0.098936878145
v  0.287773996592 0.959416985512 0.098778881133
v  0.403344988823 0.959586024284 0.098926879466
v  0.043953999877 1.002768039703 0.129312887788
v  -0.463005989790 -0.872864007950 0.100931107998
v  -0.202136993408 -0.915655016899 0.096666105092
v  -0.000850000011 -0.920700013638 0.096735104918
v  0.461243003607 -0.907217979431 0.106812104583
v  0.432321995497 -0.886023998260 0.096762105823
v  0.506730020046 -0.890304982662 0.121975101531
v  0.462494999170 -0.848829984665 0.110970102251
v  0.461584001780 -0.753937005997 0.108092091978
v  -0.461138010025 -0.742403984070 0.107001088560
v  -0.304865986109 -0.698197007179 0.114133082330
v  -0.268977999687 -0.702978014946 0.110916085541
v  -0.167325004935 -0.702467024326 0.111882083118
v  0.133974000812 -0.703280985355 0.110244080424
v  -0.105876997113 -0.681384980679 0.103017084301
v  0.000934000011 -0.680908024311 0.102428078651
v  0.164966002107 -0.681149005890 0.102834083140
v  0.285744011402 -0.680382013321 0.102215081453
v  0.461263000965 -0.663397014141 0.108278080821
v  -0.287420004606 -0.550696015358 0.102085068822
v  -0.460961997509 -0.635151982307 0.107832074165
v  0.288439005613 -0.671661973000 0.102793082595
v  0.462399005890 -0.570752024651 0.111400067806
v  -0.461304992437 -0.549399018288 0.107246063650
v  0.288468003273 -0.464251995087 0.102869056165
v  0.462092995644 -0.496206998825 0.106081061065
v  -0.287506997585 -0.469056010246 0.102206058800
v  -0.307143002748 -0.453954994678 0.110707059503
v  -0.463131994009 -0.455954998732 0.104204058647
v  0.462642014027 -0.274381011724 0.104676038027
v  -0.461131989956 -0.381819009781 0.107507042587
v  -0.287782013416 -0.319599986076 0.102527037263
v  -0.306555986404 -0.345079004765 0.111573040485
v  0.288228005171 -0.299652993679 0.102564036846
v  -0.462749004364 -0.241517990828 0.104668021202
v  -0.288046985865 -0.207297980785 0.102705024183
v  0.287515997887 -0.106193982065 0.101944014430
v  -0.462146997452 -0.134891986847 0.105247013271
v  0.462787002325 -0.141918987036 0.104801014066
v  -0.286458998919 -0.108434982598 0.101069018245
v  0.111463002861 -0.106089986861 0.101243011653
v  0.462381005287 -0.015403986908 0.105213999748
v  -0.462877005339 -0.051828987896 0.104545004666
v  -0.096854999661 -0.081992983818 0.110959008336
v  -0.295915007591 -0.084490984678 0.114081010222
v  -0.004906999879 -0.012876987457 0.096428997815
v  -0.462904989719 0.118615016341 0.105120986700
v  0.460804998875 0.076353013515 0.107821993530
v  0.462859004736 0.212966009974 0.104446977377
v  -0.070377998054 0.140244022012 0.102593988180
v  0.036424998194 0.139892011881 0.103114984930
v  -0.286410987377 0.141467019916 0.101632982492
v  -0.215605005622 0.139346018434 0.104201987386
v  0.146804004908 0.141093015671 0.101390987635
v  -0.450360000134 0.183384016156 0.112350977957
v  -0.436702013016 0.221565008163 0.104843974113
v  -0.436165004969 0.253138005733 0.109508968890
v  -0.464691013098 0.278858989477 0.112971961498
v  -0.307011008263 0.240073010325 0.110874980688
v  0.461432009935 0.337978988886 0.108985960484
v  -0.307298988104 0.416417002678 0.110385954380
v  -0.288215011358 0.268671005964 0.102899961174
v  -0.288053005934 0.383157014847 0.102632954717
v  0.288722008467 0.303595989943 0.103042960167
v  0.462895989418 0.397913008928 0.104504957795
v  -0.462193995714 0.388913005590 0.105190955102
v  0.288473010063 0.498607993126 0.102760940790
v  -0.287937998772 0.480524003506 0.102510944009
v  0.462253987789 0.479739010334 0.105319939554
v  -0.462823003531 0.542659997940 0.104505941272
v  -0.288015991449 0.605736017227 0.102668926120
v  0.460765004158 0.609745025635 0.107317924500
v  0.288089990616 0.599538981915 0.102549925447
v  -0.288103997707 0.702988982201 0.102800920606
v  0.462895005941 0.683786988258 0.104480914772
v  -0.462790995836 0.760281026363 0.104493908584
v  0.462550014257 0.813588023186 0.104900904000
v  -0.307020992041 0.825662016869 0.110753901303
v  0.462323993444 0.884715020657 0.105134896934
v  -0.143511995673 0.824036002159 0.113684900105
v  -0.053316999227 0.825482010841 0.111411906779
v  0.139783993363 0.823916971684 0.113812901080
v  -0.378464013338 0.884181022644 0.129288896918
v  -0.336800992489 0.920540988445 0.105130895972
v  -0.211377993226 0.919328987598 0.147931873798
v  0.460792005062 0.952643990517 0.106320880353
v  -0.462419986725 0.927266001701 0.105046898127
v  -0.458155006170 0.952811002731 0.110448881984
v  -0.366061002016 0.954297006130 0.104870878160
v  -0.302605003119 0.953912019730 0.104607880116
v  -0.186483994126 0.954306006432 0.104748882353
v  -0.052728999406 0.953749001026 0.106180883944
v  0.148011997342 0.954297006130 0.104771882296
v  0.379783004522 0.954410016537 0.104904882610
v  0.469063997269 -0.997936010361 0.109790116549
v  0.477043002844 -0.999825000763 0.122734121978
v  -0.511334002018 -1.002115964890 0.129338115454
v  -0.462662011385 -0.865176022053 0.112010106444
v  0.487713009119 -0.868569016457 0.119950100780
v  0.474094003439 -0.854992985725 0.115425102413
v  0.040575001389 -0.702781021595 0.111079081893
v  0.232613995671 -0.702067017555 0.112401083112
v  -0.287844002247 -0.681183993816 0.102913081646
v  0.307155013084 -0.702737987041 0.110659085214
v  -0.462659001350 -0.485383003950 0.111949056387
v  0.306367993355 -0.464783996344 0.111978061497
v  -0.511448025703 -0.544797003269 0.125832080841
v  0.307289004326 -0.357252985239 0.110450044274
v  0.306401014328 -0.268467009068 0.111563034356
v  -0.039684999734 -0.104804985225 0.102399013937
v  -0.291817992926 -0.099393986166 0.111859016120
v  -0.127678006887 -0.098959982395 0.111770011485
v  0.186809003353 -0.102594986558 0.105604015291
v  -0.462709993124 -0.034761987627 0.111901000142
v  0.220763996243 -0.082348987460 0.111181005836
v  0.462967991829 -0.020766984671 0.112277999520
v  0.015181999654 0.120326012373 0.113930985332
v  0.112240001559 0.120051011443 0.113448984921
v  0.231082007289 0.119553014636 0.112625986338
v  0.307199001312 0.265008985996 0.110767960548
v  0.287901997566 0.142488017678 0.102531984448
v  -0.464107990265 0.183018013835 0.112044975162
v  -0.462617993355 0.358687996864 0.111863955855
v  0.306389003992 0.423803985119 0.111593954265
v  0.465557008982 0.463818997145 0.112550944090
v  -0.306789994240 0.583176016808 0.111014932394
v  0.288641989231 0.798669993877 0.102944903076
v  0.465308994055 0.681791007519 0.112907916307
v  0.463034003973 0.754589974880 0.111982911825
v  0.306466013193 0.825278997421 0.111780904233
v  -0.307105004787 0.683516025543 0.110730916262
v  -0.286682009697 0.802823007107 0.102089904249
v  -0.041404001415 0.804618000984 0.103740900755
v  0.077615000308 0.803920984268 0.102741904557
v  0.194471001625 0.804668009281 0.103814899921
v  0.282115012407 0.803608000278 0.102161906660
v  0.292937994003 0.807205975056 0.112059906125
v  -0.220083996654 0.824056982994 0.113501906395
v  0.030915999785 0.824965000153 0.111947901547
v  0.233777999878 0.824404001236 0.113333903253
v  -0.462669998407 0.798322975636 0.112126901746
v  -0.462599009275 0.874965012074 0.112258896232
v  -0.348755002022 0.911319971085 0.143441885710
v  -0.279670000076 0.915569007397 0.156367883086
v  -0.356388986111 0.954407989979 0.112008877099
v  0.325446009636 0.954151988029 0.113027878106
v  0.186792999506 0.954484999180 0.113318882883
v  0.461221992970 0.953904986382 0.112884879112
v  -0.059866998345 -0.702893018723 0.111025080085
v  -0.293623000383 -0.686342000961 0.112700082362
v  -0.111597001553 -0.686742007732 0.113107085228
v  0.022340999916 -0.684835016727 0.110158078372
v  0.164829000831 -0.685873985291 0.111805081367
v  0.292448997498 -0.684208989143 0.111184082925
v  0.296052008867 -0.570535004139 0.115199066699
v  -0.305245995522 -0.563942015171 0.113189063966
v  0.306746989489 -0.587849974632 0.111065067351
v  -0.294088006020 -0.526705026627 0.112948060036
v  0.294326990843 -0.470351994038 0.112998060882
v  -0.292820990086 -0.387982010841 0.111302047968
v  0.463073998690 -0.381550997496 0.112398043275
v  0.293462008238 -0.329616010189 0.112049035728
v  -0.462743014097 -0.277806997299 0.112121038139
v  0.294122993946 -0.221661984921 0.112958021462
v  -0.292171001434 -0.181117981672 0.110309019685
v  -0.303912013769 -0.194548979402 0.114810019732
v  -0.463209003210 -0.149241983891 0.112571023405
v  -0.306737989187 -0.082197986543 0.111029006541
v  0.463346987963 -0.228946983814 0.112453021109
v  0.463064998388 -0.139232978225 0.112360015512
v  0.296041011810 -0.097200982273 0.115414015949
v  -0.010286999866 -0.098840981722 0.111925013363
v  0.110060997307 -0.098467983305 0.112400017679
v  0.304861009121 -0.179800987244 0.113555021584
v  -0.216971993446 -0.082892984152 0.111975006759
v  -0.019262000918 -0.085263982415 0.113800011575
v  0.302455008030 -0.082974985242 0.112229004502
v  -0.463072001934 0.026203015819 0.112616002560
v  -0.466008991003 0.114039011300 0.113910987973
v  0.466459989548 0.134951010346 0.114013984799
v  -0.395788997412 0.096815012395 0.119864985347
v  -0.197735995054 0.120024017990 0.112877987325
v  -0.408877998590 0.123242013156 0.118064984679
v  -0.086167998612 0.133171021938 0.113158985972
v  0.132044002414 0.133870020509 0.112504981458
v  0.275602012873 0.130447015166 0.114408984780
v  0.294321000576 0.139760017395 0.113549984992
v  -0.291667014360 0.139472007751 0.109771981835
v  0.293101996183 0.292856007814 0.111738964915
v  -0.293258011341 0.261023998260 0.111824959517
v  0.466201990843 0.256673008204 0.113837964833
v  -0.467703998089 0.300094991922 0.116177961230
v  -0.293292999268 0.402563005686 0.111824952066
v  0.292219012976 0.449880987406 0.110184937716
v  0.463618993759 0.371019989252 0.111880958080
v  -0.293007999659 0.518742024899 0.111531943083
v  -0.463243991137 0.520568013191 0.112941943109
v  0.293173998594 0.642614006996 0.111751921475
v  -0.290636003017 0.620389997959 0.107356928289
v  -0.511457979679 0.589892983437 0.126245930791
v  0.466991007328 0.542744994164 0.114401943982
v  -0.463063985109 0.672581017017 0.112124919891
v  -0.298335999250 0.799274981022 0.116116903722
v  -0.169685006142 0.809714972973 0.112658903003
v  -0.020013000816 0.809194028378 0.111915901303
v  0.166645005345 0.810279011726 0.113256901503
v  -0.211814999580 0.878580987453 0.149923890829
v  -0.346112996340 0.881735980511 0.142978891730
v  -0.180995002389 0.916453003883 0.130742877722
v  0.463245004416 0.879978001118 0.112349897623
v  -0.403385996819 0.960129976273 0.115584880114
v  -0.337011992931 0.955211997032 0.115514881909
v  -0.230165004730 0.954246997833 0.112974882126
v  -0.105621002614 0.954465985298 0.113248877227
v  0.019522000104 0.954493999481 0.113303877413
v  0.476646006107 -1.001847982407 0.129193112254
v  0.475154012442 -0.869530022144 0.121144101024
v  -0.037076000124 -0.695901989937 0.115266084671
v  -0.511380970478 -0.601776003838 0.129557073116
v  0.301820993423 -0.519056975842 0.114922061563
v  0.466544002295 -0.328523010015 0.114100039005
v  0.301248013973 -0.261673986912 0.115099035203
v  -0.224733993411 -0.094441987574 0.114816017449
v  0.511169016361 -0.030354985967 0.129309996963
v  0.299373000860 0.123914018273 0.115539982915
v  -0.078054003417 0.122914016247 0.114676982164
v  0.465333014727 0.187907010317 0.112568974495
v  0.298750996590 0.262560993433 0.115711964667
v  -0.301661998034 0.401495009661 0.114984951913
v  0.511352002621 0.492487013340 0.129379957914
v  0.306713014841 0.539700984955 0.111130937934
v  0.304347991943 0.646811008453 0.114089921117
v  0.300520986319 0.726046979427 0.115810915828
v  -0.296380996704 0.812798976898 0.115958906710
v  0.511278986931 0.906593024731 0.128898873925
v  -0.511178970337 1.003123044968 0.124318882823
v  -0.469090014696 -0.913545012474 0.116177104414
v  -0.510424971581 -0.928269982338 0.129437118769
v  0.468648999929 -0.865894019604 0.115952104330
v  0.482937008142 -0.875760018826 0.126972109079
v  0.468805998564 -0.786414027214 0.116164095700
v  -0.468479990959 -0.740966022015 0.115791089833
v  0.468726009130 -0.744262993336 0.115731090307
v  -0.201855003834 -0.695560991764 0.115322083235
v  0.112466998398 -0.695299983025 0.115509085357
v  0.299136012793 -0.693306982517 0.115610085428
v  0.017893999815 -0.691446006298 0.115114085376
v  -0.468519985676 -0.620877981186 0.115907073021
v  0.468632012606 -0.621213018894 0.115902073681
v  -0.468865007162 -0.542213022709 0.116094060242
v  0.468658000231 -0.535358011723 0.115950062871
v  0.468582987785 -0.494156986475 0.115997061133
v  -0.298990011215 -0.460271000862 0.115459062159
v  -0.468715012074 -0.422904998064 0.115886047482
v  0.300168991089 -0.382634013891 0.115214042366
v  0.468674987555 -0.377898007631 0.115932047367
v  -0.299194008112 -0.327915012836 0.115431040525
v  -0.468771010637 -0.267185986042 0.115995034575
v  0.468463003635 -0.242620989680 0.115831024945
v  -0.469267010689 -0.192560985684 0.116802021861
v  0.468573987484 -0.196911990643 0.115698024631
v  -0.468912005424 -0.131191983819 0.116143018007
v  0.468520998955 -0.111950986087 0.115706011653
v  0.056763000786 -0.091399982572 0.115271016955
v  0.228458002210 -0.090707987547 0.115282014012
v  -0.089809000492 -0.089719988406 0.115183018148
v  0.468535989523 -0.035594988614 0.115598000586
v  -0.468917012215 -0.044666990638 0.116098999977
v  -0.468860000372 0.001513013849 0.115983001888
v  -0.469087988138 0.084808014333 0.116299994290
v  0.468724995852 0.059226009995 0.115866988897
v  -0.413403987885 0.087246015668 0.121247984469
v  -0.298303991556 0.127433016896 0.115360982716
v  -0.300278991461 0.215032011271 0.115156978369
v  -0.449182987213 0.194804012775 0.125049963593
v  -0.447539001703 0.273880004883 0.125395968556
v  0.468784004450 0.310523986816 0.116153962910
v  0.298923999071 0.393413007259 0.115456953645
v  -0.468493014574 0.379382014275 0.115780957043
v  0.468461006880 0.398434996605 0.116115957499
v  -0.299326002598 0.475243002176 0.115421943367
v  -0.468454986811 0.534179985523 0.115720942616
v  0.299452006817 0.538067996502 0.115402936935
v  -0.299522995949 0.627810001373 0.115438923240
v  -0.469287991524 0.674742996693 0.116506919265
v  0.477320998907 0.637655973434 0.129148930311
v  0.468710005283 0.735279023647 0.116127915680
v  -0.468971014023 0.777320981026 0.116260901093
v  0.468694001436 0.793878972530 0.115954905748
v  -0.027707999572 0.817007005215 0.115397900343
v  0.468551993370 0.893962979317 0.115765891969
v  -0.468708008528 0.959197998047 0.116245880723
v  0.468302011490 0.960680007935 0.116230882704
v  -0.337291985750 0.946071982384 0.133525878191
v  -0.330264002085 0.960717022419 0.116300880909
v  -0.222724005580 0.960821986198 0.116120882332
v  -0.106645002961 0.960597991943 0.116112880409
v  0.021955000237 0.960838973522 0.116251878440
v  0.166847005486 0.960850000381 0.116285882890
v  0.301028013229 0.960767984390 0.116127878428
v  0.480830997229 -0.991539001465 0.126402124763
v  0.503944993019 -0.892328023911 0.126237124205
v  0.476543992758 -0.880164027214 0.129330098629
v  -0.476152002811 -0.726930975914 0.129217088223
v  0.476814985275 -0.729961991310 0.129290089011
v  -0.476541012526 -0.604201018810 0.129188075662
v  0.476029992104 -0.510128974915 0.128091052175
v  -0.476273000240 -0.429989010096 0.129123046994
v  -0.476498007774 -0.381482005119 0.129354044795
v  -0.476379990578 -0.268579006195 0.129312023520
v  0.476980000734 -0.300410002470 0.129294037819
v  0.477005004883 -0.068239986897 0.129292994738
v  -0.476397007704 -0.044635981321 0.129310995340
v  -0.476312994957 0.100091017783 0.129356980324
v  -0.476624995470 0.149442017078 0.129216983914
v  -0.466906011105 0.232385009527 0.114488974214
v  -0.476929008961 0.244980022311 0.129339963198
v  -0.476294010878 0.317472010851 0.129270955920
v  0.477097988129 0.383504986763 0.129312962294
v  -0.476438999176 0.480565994978 0.129347950220
v  -0.476556986570 0.605078995228 0.129303932190
v  0.476933002472 0.584634006023 0.129266932607
v  0.476722985506 0.775421023369 0.129294916987
v  0.476812988520 0.856369972229 0.129317894578
v  -0.476355999708 0.873799026012 0.129271894693
v  0.476276010275 0.958227992058 0.129214882851
v  -0.325650006533 0.965394973755 0.132920876145
v  -0.474743992090 0.966749012470 0.129599884152
v  -0.319036006927 0.967576980591 0.129523888230
v  -0.109274998307 0.967599987984 0.129411876202
v  0.035555999726 0.967531025410 0.129182875156
v  0.319454014301 0.967535018921 0.129259884357
v  -0.475977003574 -1.001703977585 0.128615126014
v  -0.477156013250 -0.830080986023 0.129327088594
v  0.476832985878 -0.626509010792 0.129328072071
v  0.477367997169 -0.591495990753 0.129274070263
v  0.476009994745 -0.550481021404 0.128228068352
v  0.477106988430 -0.189819991589 0.129234030843
v  -0.476478010416 -0.122523985803 0.129347011447
v  0.477050989866 0.033518020064 0.129265993834
v  -0.429562985897 0.103597022593 0.162238985300
v  -0.393310010433 0.114140018821 0.166962981224
v  0.477254986763 0.265139997005 0.129159972072
v  0.476096004248 0.492525994778 0.128783956170
v  -0.476254999638 0.788586974144 0.129372909665
v  -0.368140012026 0.968770027161 0.130265876651
v  -0.239180997014 0.968120992184 0.129343882203
v  0.158613994718 0.967495977879 0.129321888089
v  0.509535014629 -0.893728971481 0.129422113299
v  0.509728014469 -0.704291999340 0.129318088293
v  -0.509392023087 -0.692569971085 0.129534095526
v  -0.509501993656 -0.485487014055 0.129504039884
v  0.476321011782 -0.403270006180 0.128570050001
v  0.509522020817 -0.376724988222 0.129491046071
v  -0.509530007839 -0.268180996180 0.129400029778
v  0.509736001492 -0.180671989918 0.129317030311
v  -0.509598970413 0.013092014939 0.129323005676
v  0.509410023689 0.157248020172 0.129520982504
v  0.508688986301 0.304475009441 0.129638954997
v  -0.509675979614 0.450621992350 0.129284948111
v  0.509663999081 0.608635008335 0.129374921322
v  -0.509374976158 0.602779984474 0.129525929689
v  -0.509543001652 0.878899991512 0.129480898380
v  -0.509365022182 1.001538038254 0.129400879145
v  0.467536985874 0.969067990780 0.129328876734
v  -0.175058007240 1.001999974251 0.129398882389
v  0.482677996159 -0.478408008814 0.129468038678
v  -0.509271025658 0.158756017685 0.129550978541
v  -0.508889019489 0.290342986584 0.129526972771
v  -0.334740012884 0.981824994087 0.134290874004
v  -0.328960001469 0.983125984669 0.129755884409
v  -0.340537011623 0.990397989750 0.129772886634
v  -0.357888013124 0.981921017170 0.133548885584
v  -0.320946007967 0.097549021244 0.154933005571
v  -0.294447004795 0.109573014081 0.128293991089
v  -0.304731011391 0.092984020710 0.160172000527
v  -0.394515991211 0.093142025173 0.166952997446
v  -0.333348989487 0.123487025499 0.170802980661
v  -0.407855987549 0.124340020120 0.183003991842
v  -0.278407007456 0.881696999073 0.158803895116
v  -0.363476008177 0.988906979561 0.163735881448
v  -0.301182001829 0.121029019356 0.155599981546
v  -0.343616008759 0.884154021740 0.145570889115
v  -0.363350987434 0.944284021854 0.170327886939
v  -0.373353987932 0.968225002289 0.166822880507
v  -0.319579005241 0.974757015705 0.166962876916
v  -0.313062995672 0.883745014668 0.154726892710
v  -0.244074001908 0.897198021412 0.159904882312
v  -0.334636986256 0.093935020268 0.174905002117
v  -0.379489004612 0.092636018991 0.175925999880
v  -0.374170988798 0.117067024112 0.170880988240
v  -0.327683001757 0.945645987988 0.171761885285
v  -0.404473006725 0.085816025734 0.184221997857
v  -0.354903012514 0.987425982952 0.187915876508
v  -0.379099011421 0.121551021934 0.182033985853
v  -0.366602003574 0.950908005238 0.199027881026
v  -0.326633989811 0.981230020523 0.204546883702
v  -0.343162000179 0.939823985100 0.195360884070
v  -0.327010989189 0.955848991871 0.201443880796
v  -0.341452002525 0.939338028431 0.229561880231
v  -0.363573014736 0.976599991322 0.209238886833
v  -0.329252004623 0.976683020592 0.210323885083
v  -0.364868998528 0.954419016838 0.231979876757
v  -0.329847007990 0.963521003723 0.235986873507
v  -0.363180011511 0.964248001575 0.240263879299
v  -0.364535003901 0.970758020878 0.290324896574
v  -0.328916013241 0.971476018429 0.289725899696
# 1202 vertices

vn -0.958683490753 0.131897240877 0.252049773932
vn -0.853543102741 -0.146067351103 0.500128448009
vn -0.588921129704 0.762941718102 0.266630589962
vn -0.987341403961 -0.006200882606 -0.158488214016
vn -0.997201025486 -0.073093675077 -0.015729645267
vn -0.974050164223 0.001559372060 0.226326823235
vn -0.988566696644 0.095534026623 0.116658084095
vn -0.995733916759 0.034226763994 -0.085688687861
vn -0.952784061432 -0.302097529173 0.030652426183
vn -0.854449629784 0.514150977135 0.074596442282
vn -0.830689132214 0.554592967033 -0.048808339983
vn -0.687225520611 0.637576341629 0.348162949085
vn -0.948685109615 0.111704714596 0.295835465193
vn -0.741520524025 0.000206500423 0.670930147171
vn -0.943369388580 0.013670640066 0.331462323666
vn -0.953822791576 -0.022362858057 0.299536228180
vn -0.772281229496 -0.008187426254 0.635228037834
vn -0.958464980125 0.024404894561 0.284164160490
vn -0.946141302586 -0.012907342985 0.323496520519
vn -0.611159086227 -0.595587909222 0.521305680275
vn -0.949897885323 0.005696930923 0.312508493662
vn -0.806475400925 -0.502518415451 0.311564862728
vn -0.335695832968 -0.933838784695 0.123504899442
vn -0.997593462467 -0.025994434953 -0.064277365804
vn -0.999454915524 0.014393872581 -0.029709242284
vn -0.874054908752 0.357825517654 0.328616619110
vn -0.998633980751 -0.018162788823 -0.048992659897
vn -0.040971484035 0.981951057911 0.184644043446
vn -0.997397422791 0.072035461664 -0.003046680242
vn -0.944943547249 -0.080822102726 -0.317095458508
vn -0.997016012669 0.005944115575 -0.076965659857
vn 0.293493181467 0.650252878666 0.700737476349
vn -0.914594352245 0.001429715427 -0.404369980097
vn -0.933086752892 0.009243918583 -0.359532624483
vn -0.926088690758 -0.020122200251 -0.376768946648
vn -0.999909222126 0.009645825252 -0.009405902587
vn -0.162501513958 -0.977161109447 -0.136928305030
vn -0.422090023756 -0.881793797016 0.210427433252
vn -0.044420517981 -0.550197720528 -0.833852112293
vn -0.551077425480 0.622736155987 -0.555439770222
vn 0.404216498137 0.599737942219 -0.690596401691
vn -0.662583887577 0.714327931404 0.225206866860
vn -0.849761426449 -0.091486476362 0.519168317318
vn -0.756357014179 -0.016599696130 0.653948366642
vn -0.734527349472 0.018944067881 0.678314626217
vn -0.925109684467 0.018023695797 -0.379271984100
vn -0.919317126274 0.012006495148 -0.393334239721
vn -0.750062882900 0.018781287596 0.661099791527
vn -0.461828231812 0.677783846855 -0.572122156620
vn -0.733900249004 -0.678497433662 -0.032120313495
vn 0.354520112276 -0.537571251392 -0.765070378780
vn -0.327512949705 0.306170493364 -0.893865168095
vn -0.882333159447 0.073931999505 0.464781969786
vn -0.675238966942 0.013806228526 0.737469792366
vn -0.676235735416 -0.112735562027 0.728008151054
vn -0.666178226471 -0.062895864248 0.743135750294
vn -0.742917299271 0.093364760280 0.662840068340
vn -0.762168347836 0.018789371476 0.647106170654
vn -0.793546974659 0.015263475478 0.608317553997
vn 0.947894990444 0.019396467134 -0.317991852760
vn 0.582280576229 0.655188798904 -0.481328397989
vn 0.801658153534 0.096548728645 -0.589934349060
vn -0.909030914307 -0.157141149044 -0.385965615511
vn -0.230035021901 -0.518830895424 -0.823345899582
vn -0.512274801731 -0.220340162516 -0.830075144768
vn -0.013064414263 0.338365674019 -0.940923988819
vn -0.015942502767 0.003389150836 -0.999867141247
vn -0.736694514751 0.650461554527 -0.184881061316
vn -0.967442512512 0.023211803287 -0.252024173737
vn -0.947795689106 -0.068368285894 -0.311462879181
vn -0.940362036228 0.013179437257 -0.339919894934
vn -0.835292577744 0.023322660476 -0.549310743809
vn -0.910175979137 -0.015738958493 -0.413922697306
vn 0.717726647854 -0.233646690845 -0.655955553055
vn 0.667901933193 -0.182196483016 -0.721603393555
vn 0.439559608698 0.115438513458 -0.890764474869
vn -0.932972908020 -0.353508174419 0.067775920033
vn 0.213810011744 0.336351990700 -0.917143702507
vn -0.232001960278 -0.116095796227 -0.965762317181
vn -0.159476682544 0.108763016760 -0.981192052364
vn -0.261664062738 0.344786137342 -0.901473462582
vn -0.925197899342 0.075591526926 -0.371880054474
vn -0.668353438377 0.381738454103 -0.638419449329
vn 0.015261032619 0.984525144100 -0.174577668309
vn 0.000600599102 0.925518751144 -0.378701359034
vn -0.014160554856 0.951062679291 0.308673381805
vn -0.006127638277 0.999199867249 -0.039523351938
vn -0.091262526810 0.932871997356 -0.348455131054
vn 0.071369625628 0.976977527142 0.201050445437
vn -0.019775629044 0.613518893719 -0.789432346821
vn -0.063451349735 0.482740491629 -0.873461782932
vn 0.003761930158 0.896905541420 -0.442206233740
vn -0.022697197273 0.853254675865 -0.521000385284
vn -0.030281469226 0.977806687355 0.207309275866
vn 0.023356432095 0.885931909084 -0.463226914406
vn -0.005358606111 0.864760696888 -0.502155601978
vn 0.022206913680 0.775545835495 -0.630900621414
vn -0.034126162529 0.814541518688 -0.579100668430
vn -0.003002953250 0.629246830940 -0.777199685574
vn -0.290839850903 -0.102119959891 -0.951306283474
vn -0.111462868750 -0.115249484777 -0.987063109875
vn 0.033527810127 -0.098760485649 -0.994546234608
vn 0.043379101902 -0.354587644339 -0.934015989304
vn 0.392248034477 0.082872033119 -0.916118800640
vn 0.073804266751 -0.084348678589 -0.993699252605
vn -0.008561727591 0.086943164468 -0.996176481247
vn 0.168251603842 0.003708593315 -0.985737085342
vn -0.057253114879 0.067569851875 -0.996070444584
vn 0.089980304241 0.157978102565 -0.983334362507
vn -0.351848900318 0.807693779469 -0.473110109568
vn -0.043868154287 0.945302486420 -0.323231846094
vn -0.312646567822 0.949623465538 0.021619349718
vn -0.249681785703 -0.632823169231 -0.732935130596
vn 0.133236348629 -0.069982379675 -0.988610386848
vn -0.244315981865 -0.707169473171 -0.663491487503
vn 0.708707153797 -0.003098629415 -0.705496013165
vn 0.592743098736 -0.584860742092 -0.553708851337
vn 0.342762917280 -0.704701364040 -0.621216177940
vn -0.047007862478 -0.100346386433 -0.993841469288
vn 0.535798311234 -0.394795715809 -0.746362209320
vn 0.879673123360 -0.073519118130 -0.469861805439
vn -0.573487341404 -0.583158433437 -0.575359463692
vn -0.718958973885 0.001334140776 -0.695051252842
vn -0.039321191609 0.332331657410 -0.942342579365
vn -0.093248344958 0.001466521644 -0.995641827583
vn 0.709277868271 0.000447121216 -0.704928874969
vn 0.078302480280 0.000154846100 -0.996929645538
vn 0.189210370183 -0.003375264583 -0.981930792332
vn -0.704747974873 -0.000665583648 -0.709457397461
vn -0.161541908979 -0.000189609505 -0.986865818501
vn 0.746540665627 0.132201164961 -0.652073562145
vn 0.815516293049 0.438656151295 0.377510249615
vn -0.082193136215 0.000092662711 -0.996616423130
vn -0.708648145199 -0.000054869826 -0.705561995506
vn 0.806118488312 0.137784078717 -0.575489819050
vn 0.556954860687 0.118178978562 -0.822091817856
vn 0.705803215504 -0.001403939910 -0.708406567574
vn 0.089944936335 0.000165470585 -0.995946705341
vn 0.182743921876 -0.000191665036 -0.983160555363
vn 0.708760023117 0.000045740406 -0.705449700356
vn -0.159584030509 -0.000018918072 -0.987184345722
vn 0.709737539291 -0.000114985873 -0.704466223717
vn -0.083332888782 -0.000121719437 -0.996521770954
vn 0.088816255331 -0.000313554163 -0.996047973633
vn 0.170365765691 0.000066349494 -0.985380887985
vn -0.171354815364 0.000075121687 -0.985209405422
vn -0.707240045071 -0.000122025092 -0.706973493099
vn -0.072247490287 0.000778208370 -0.997386455536
vn -0.707898139954 -0.000552685175 -0.706314325333
vn 0.088477835059 -0.000047730191 -0.996078133583
vn 0.706695377827 -0.000826235046 -0.707517445087
vn 0.169404834509 -0.000002561899 -0.985546529293
vn 0.505956292152 0.006594624836 -0.862533867359
vn 0.360298365355 -0.006698791869 -0.932813048363
vn -0.709494590759 0.002053698990 -0.704707860947
vn -0.171320796013 0.151745289564 -0.973459064960
vn -0.436394155025 0.029053222388 -0.899286389351
vn -0.325989276171 0.342549026012 -0.881130576134
vn 0.710263252258 -0.000253562990 -0.703936100006
vn 0.087839901447 -0.000131083623 -0.996134579182
vn -0.707868456841 0.000232136561 -0.706344246864
vn -0.382471591234 -0.025443850085 -0.923616826534
vn 0.709222018719 -0.000590499432 -0.704984962940
vn 0.211703389883 0.002904553432 -0.977329671383
vn 0.708810031414 0.000345704728 -0.705399334431
vn -0.281305521727 0.039352186024 -0.958811044693
vn -0.318290203810 -0.013070474379 -0.947903215885
vn -0.707287967205 0.000516005268 -0.706925332546
vn 0.707961201668 -0.000899318140 -0.706250727177
vn 0.802205801010 -0.001002641977 -0.597046792507
vn 0.452218979597 0.000039752977 -0.891906917095
vn -0.373163938522 -0.000133348745 -0.927765429020
vn 0.711351037025 -0.000498515496 -0.702836751938
vn -0.706670522690 -0.000148334919 -0.707542777061
vn 0.086585111916 0.000045556502 -0.996244430542
vn 0.815422534943 0.000310156873 -0.578866124153
vn -0.362463682890 -0.000000466757 -0.931997895241
vn 0.532972216606 -0.000136798990 -0.846132755280
vn 0.711153566837 0.000710732071 -0.703036308289
vn -0.707419455051 -0.000301589898 -0.706793904305
vn 0.707840263844 -0.000094358606 -0.706372559071
vn -0.359024792910 0.000003326905 -0.933328032494
vn -0.707915604115 -0.000264981529 -0.706296980381
vn 0.710095107555 -0.000459358096 -0.704105615616
vn 0.435191154480 -0.068501837552 -0.897728323936
vn -0.707395136356 -0.000483723619 -0.706818103790
vn 0.709774613380 -0.000255472958 -0.704428792000
vn -0.518431603909 -0.206653490663 -0.829772889614
vn -0.134137123823 0.118084482849 -0.983902037144
vn 0.220940962434 0.194693773985 -0.955656528473
vn 0.708963096142 0.002579255262 -0.705240845680
vn 0.016393393278 0.402692198753 -0.915188610554
vn 0.001618244685 0.580672502518 -0.814135551453
vn 0.003201617626 0.771820306778 -0.635832667351
vn -0.017095422372 0.606128692627 -0.795182824135
vn 0.218764573336 0.845614910126 0.486905962229
vn -0.001712403377 0.286681115627 -0.958024501801
vn 0.002857384505 0.541396141052 -0.840762734413
vn 0.011868474074 0.592667698860 -0.805359601974
vn 0.008602241985 0.312484979630 -0.949883759022
vn 0.007975780405 0.553504526615 -0.832807958126
vn -0.032564248890 0.244976073503 -0.968982100487
vn 0.083508543670 0.190926596522 -0.978045701981
vn 0.004510283470 0.322898387909 -0.946422874928
vn -0.011837358586 0.410276144743 -0.911884486675
vn 0.079723797739 0.259298980236 -0.962500989437
vn 0.008240634575 0.740285038948 -0.672242701054
vn 0.005525142886 0.406894475222 -0.913458466530
vn 0.002389259404 0.690933287144 -0.722914576530
vn 0.012029833160 0.437295675278 -0.899237334728
vn 0.017461638898 0.653904914856 -0.756375193596
vn -0.003447190393 0.639007031918 -0.769193112850
vn -0.011676191352 0.354148387909 -0.935116350651
vn -0.004642648157 0.107087872922 -0.994238734245
vn 0.008561177179 0.292509824038 -0.956224203110
vn 0.024323964491 0.539005756378 -0.841950774193
vn 0.021000456065 0.636683940887 -0.770838797092
vn -0.024863777682 0.198985174298 -0.979687035084
vn 0.004098562989 0.007162624970 -0.999965965748
vn 0.003274310147 0.029556559399 -0.999557733536
vn 0.000605035224 0.707217037678 -0.706996262074
vn 0.001193624339 0.707482039928 -0.706730306149
vn -0.585729479790 0.581265985966 -0.564845800400
vn -0.000155683010 0.707892179489 -0.706320524216
vn 0.155873328447 0.121359981596 -0.980293452740
vn 0.002322786488 0.704608440399 -0.709592521191
vn -0.000425324368 0.712020695210 -0.702158331871
vn 0.001332993037 0.708811640739 -0.705396533012
vn -0.001134086051 0.707615137100 -0.706597149372
vn -0.008332865313 0.829275190830 -0.558778405190
vn 0.023790422827 0.780088663101 -0.625216543674
vn 0.577287137508 0.578365445137 -0.576396524906
vn -0.249606221914 0.122744105756 0.960536658764
vn -0.643947720528 -0.281140804291 0.711541414261
vn -0.974713742733 0.011072029360 0.223182797432
vn 0.582864105701 -0.578860163689 0.570254623890
vn 0.561028778553 -0.535446941853 0.631302833557
vn 0.592233240604 -0.561890840530 0.577527940273
vn 0.970541775227 0.002789707389 -0.240916833282
vn -0.558170557022 0.728039205074 0.398000568151
vn -0.373126655817 0.260193645954 0.890548050404
vn 0.153526976705 0.826491296291 0.541610121727
vn -0.940997540951 0.090182639658 0.326175898314
vn 0.194573238492 0.804684519768 0.560913562775
vn -0.013055181131 0.998868763447 0.045724608004
vn -0.003692111932 0.500030636787 0.865999877453
vn 0.635346889496 -0.039252586663 0.771228611469
vn 0.893857359886 0.447643131018 0.025192756206
vn 0.241237685084 0.063295833766 0.968399703503
vn -0.616438448429 0.649177014828 0.445615082979
vn -0.440600693226 -0.090408869088 0.893139004707
vn -0.353831648827 -0.326882839203 0.876327991486
vn -0.855604410172 -0.246465429664 0.455187678337
vn -0.976059556007 0.001054410357 0.217500925064
vn 0.977016925812 -0.004806837067 0.213107511401
vn -0.963716566563 -0.000031087169 0.266927689314
vn 0.974650204182 -0.003844466992 0.223701015115
vn -0.948302030563 0.000706063292 0.317368537188
vn 0.950331270695 -0.006857560948 0.311164617538
vn 0.991588711739 -0.003788576927 0.129373177886
vn -0.479182779789 -0.877674400806 0.008453933522
vn 0.612413346767 -0.603948771954 0.510093867779
vn -0.722116768360 0.004583776928 0.691756010056
vn -0.429925322533 0.641959547997 -0.634863853455
vn 0.146914452314 0.889860153198 -0.431931793690
vn -0.940740942955 0.258966803551 -0.218958079815
vn -0.705208241940 -0.707455813885 0.046771518886
vn -0.969716429710 0.000293230463 0.244233340025
vn -0.962132215500 -0.000430823769 0.272582858801
vn 0.965483248234 -0.000105563930 0.260465085506
vn -0.960079967976 0.000455725938 0.279725283384
vn -0.966632843018 -0.000301778753 0.256165653467
vn -0.970579743385 0.004175742157 0.240743756294
vn 0.906284630299 -0.413386225700 0.088091008365
vn 0.466814994812 0.799742996693 -0.377484947443
vn 0.806019723415 -0.591887772083 -0.001034714165
vn 0.707561373711 -0.706118941307 -0.027439288795
vn 0.702325761318 -0.711721479893 0.013821614906
vn 0.960402727127 -0.003189853160 0.278597325087
vn 0.709304749966 -0.704897701740 0.002448472893
vn 0.969007849693 0.005786231719 0.246962174773
vn -0.000725530321 0.993101239204 0.117257557809
vn -0.862503349781 -0.506018280983 -0.005785686895
vn 0.578074097633 -0.596658706665 0.556622564793
vn 0.000300473301 0.708106637001 0.706105470657
vn 0.613422989845 0.789754509926 0.000240037902
vn 0.652164638042 0.107898145914 -0.750359416008
vn 0.720156550407 -0.004951945506 0.693793952465
vn 0.577809572220 0.575717031956 0.578520536423
vn -0.000237259796 0.994605720043 0.103727489710
vn -0.001442472450 0.713393867016 0.700761795044
vn 0.657631337643 -0.715775370598 0.234918311238
vn -0.958097040653 -0.281538993120 0.052781216800
vn 0.425195008516 -0.318582773209 -0.847180187702
vn 0.558518767357 -0.562151551247 -0.609952807426
vn 0.964287042618 -0.000271283701 0.264859318733
vn -0.969600558281 -0.008299062960 0.244552463293
vn 0.956700921059 0.003090758342 0.291056305170
vn 0.716980993748 -0.002347587142 0.697088718414
vn 0.710779666901 0.000642957515 0.703414380550
vn -0.923708319664 0.034781217575 -0.381514400244
vn 0.090787604451 0.167112216353 -0.981748998165
vn -0.941871583462 -0.042571865022 -0.333265036345
vn -0.885230958462 -0.014450390823 -0.464927226305
vn 0.561806261539 -0.582958519459 -0.586969375610
vn 0.384805977345 -0.471555262804 -0.793448209763
vn -0.473156869411 -0.450490504503 -0.757087111473
vn -0.000159731455 0.498329132795 0.866987943649
vn 0.000160955518 0.336635202169 0.941635131836
vn 0.261072397232 0.237896844745 0.935545980930
vn 0.000183302647 0.482482016087 0.875905871391
vn 0.000587594463 0.331375271082 0.943498849869
vn -0.001153136487 0.483493149281 0.875347375870
vn -0.184135466814 0.235957041383 0.954158484936
vn -0.121953524649 0.536258518696 0.835197091103
vn -0.476000100374 0.110618956387 0.872460544109
vn 0.351357370615 0.007578899153 0.936210751534
vn 0.000252556842 -0.000306847214 0.999999940395
vn 0.000299643259 0.000082104896 0.999999940395
vn -0.158466041088 -0.000220323418 0.987364411354
vn -0.553425848484 0.000567219744 0.832898259163
vn 0.125937148929 -0.003760710359 0.992031097412
vn 0.449148148298 -0.000692239788 0.893457055092
vn -0.577651023865 0.000331644405 0.816283762455
vn -0.621853888035 -0.000326310430 0.783133208752
vn 0.124628983438 0.001546022366 0.992202222347
vn 0.471129864454 -0.004502672702 0.882052361965
vn 0.000091037982 -0.000376270269 0.999999940395
vn -0.000017780885 -0.002721489174 0.999996304512
vn -0.231509059668 -0.263820290565 0.936377286911
vn 0.598990738392 -0.002512921812 0.800751984119
vn 0.271356314421 -0.234228849411 0.933543026447
vn -0.000337358098 -0.282075136900 0.959392249584
vn 0.001453108736 -0.285880804062 0.958264052868
vn -0.006136415992 -0.293344527483 0.955987095833
vn 0.000857107167 -0.322632789612 0.946523785591
vn 0.420556455851 -0.473912745714 0.773652970791
vn -0.006788298488 -0.625110030174 0.780507087708
vn -0.477747112513 -0.368036001921 0.797688663006
vn 0.004106198438 0.654266655445 0.756252825260
vn 0.000824349001 0.340707689524 0.940168917179
vn 0.222115933895 0.281347543001 0.933545947075
vn -0.001108750235 0.701571881771 0.712597846985
vn -0.000922516803 0.333885222673 0.942613303661
vn 0.000925673812 0.652302205563 0.757958471775
vn 0.001331922598 0.329428672791 0.944179534912
vn 0.001936344197 0.643013715744 0.765852272511
vn -0.311220973730 0.405999094248 0.859247505665
vn -0.234254881740 0.228752702475 0.944879293442
vn 0.000024134284 0.000214188432 1.000000000000
vn -0.559762775898 0.005218571052 0.828636467457
vn 0.367533385754 0.003662790637 0.930003106594
vn 0.132300525904 -0.001307364088 0.991208791733
vn 0.479256391525 0.000573365018 0.877674758434
vn -0.479565083981 -0.000842528709 0.877505898476
vn -0.154182299972 -0.000486551347 0.988042294979
vn 0.000189430371 0.000037957474 1.000000000000
vn -0.676296293736 0.005672109779 0.736607909203
vn 0.585631847382 0.003613793291 0.810569107533
vn 0.689648866653 -0.000361066544 0.724143862724
vn -0.490517437458 -0.003413166618 0.871424674988
vn -0.000046984514 0.000410874753 0.999999940395
vn -0.160699576139 -0.000027563823 0.987003386021
vn -0.561156392097 0.000130229470 0.827709794044
vn 0.471188724041 -0.000805787975 0.882032036781
vn -0.000502688985 -0.002392006340 0.999997019768
vn 0.083578594029 -0.286748826504 0.954353034496
vn 0.001908959937 -0.308293193579 0.951289474964
vn -0.203237041831 -0.266414195299 0.942187964916
vn 0.361217737198 -0.217630341649 0.906729698181
vn -0.526780486107 -0.004196760710 0.849990963936
vn -0.600564301014 0.002634887584 0.799572110176
vn 0.000330921263 -0.307446539402 0.951565265656
vn -0.001494642696 -0.308959871531 0.951073884964
vn 0.003242190694 -0.310433775187 0.950589478016
vn 0.408496499062 -0.524047791958 0.747331559658
vn 0.002729926258 -0.684823453426 0.728703916073
vn -0.000841644651 -0.696268856525 0.717780590057
vn -0.000919215963 -0.694514453411 0.719478130341
vn -0.003269279841 -0.703603684902 0.710585117340
vn -0.497990459204 -0.423047393560 0.756991684437
vn 0.191729366779 0.347037374973 -0.918044030666
vn 0.483507245779 0.259803533554 -0.835896432400
vn -0.992899954319 0.077535301447 -0.090210683644
vn 0.337413281202 -0.346469044685 -0.875277936459
vn 0.516548275948 -0.520210802555 -0.680116593838
vn -0.330050706863 -0.673870921135 -0.661032915115
vn -0.000969105051 0.591663062572 0.806184828281
vn -0.001710297307 0.634237706661 0.773136258125
vn 0.000293573423 0.578329265118 0.815803408623
vn -0.000644700835 0.581588447094 0.813482999802
vn 0.413140952587 0.377647221088 0.828671932220
vn 0.720849096775 0.003305474762 0.693084120750
vn 0.712318599224 0.000622026622 0.701855957508
vn -0.598533511162 -0.005194613710 0.801080942154
vn -0.000638014346 -0.658129096031 0.752904772758
vn -0.003086655401 -0.646794378757 0.762658119202
vn 0.000183635580 -0.641674160957 0.766977310181
vn 0.003260446945 0.653793096542 0.756666421890
vn -0.686823725700 0.002517103450 0.726819694042
vn 0.692079007626 -0.000281286193 0.721821665764
vn 0.561698019505 -0.591048121452 0.578927874565
vn -0.000877656799 -0.726107001305 0.687581121922
vn 0.587262749672 -0.467147380114 0.660980939865
vn -0.000792518898 -0.746266484261 0.665646910667
vn 0.000956973818 -0.399773299694 0.916613519192
vn -0.000622310850 -0.636713683605 0.771099984646
vn 0.000148947875 -0.729079961777 0.684428513050
vn -0.001513235155 -0.743482649326 0.668753564358
vn -0.009498173371 -0.681709468365 0.731561303139
vn 0.001022951677 -0.387010246515 0.922074854374
vn -0.001677780412 -0.731417894363 0.681927502155
vn 0.000693138805 -0.723530352116 0.690292239189
vn 0.000015850008 -0.389257788658 0.921128869057
vn -0.000758488022 -0.400121688843 0.916461706161
vn -0.000757524103 -0.716824114323 0.697253644466
vn -0.000507001183 -0.390816897154 0.920468270779
vn 0.048167277128 -0.626746356487 0.777733147144
vn 0.979226469994 -0.114434570074 0.167392477393
vn 0.820087611675 -0.459429860115 0.341145902872
vn 0.676084995270 -0.114682704210 0.727844059467
vn -0.198562309146 -0.289673328400 0.936302483082
vn 0.264416903257 -0.886095285416 -0.380682051182
vn -0.972434163094 -0.108924679458 -0.206172749400
vn 0.339262455702 0.331996321678 0.880158782005
vn -0.000045167049 0.668726682663 0.743508398533
vn -0.000591368007 0.679892420769 0.733311653137
vn -0.574930548668 0.098780035973 0.812217533588
vn -0.518707752228 0.365563482046 0.772855520248
vn -0.648228824139 0.009612027556 0.761384904385
vn 0.706619977951 -0.000177753478 0.707593262196
vn -0.616118907928 -0.001394991763 0.787651896477
vn 0.666296601295 -0.001374664018 0.745685577393
vn -0.686878263950 -0.005049868952 0.726754963398
vn 0.415435642004 -0.317093491554 0.852563738823
vn -0.004342523403 -0.720986425877 0.692935585976
vn 0.002896372927 -0.707260251045 0.706947386265
vn -0.001117537147 -0.669242858887 0.743042826653
vn -0.315880239010 -0.334640800953 0.887826085091
vn -0.328353375196 0.503827989101 0.798962771893
vn 0.002938055201 -0.367196977139 0.930138528347
vn 0.466449141502 0.534137904644 0.705068767071
vn 0.377196937799 -0.300240814686 0.876115262508
vn -0.436388134956 -0.368905991316 0.820654451847
vn -0.161734402180 0.112766496837 0.980370163918
vn -0.136023700237 -0.250421196222 0.958533644676
vn 0.337979257107 0.330618143082 0.881170630455
vn 0.592895090580 0.235087707639 0.770200788975
vn -0.350205957890 0.402121841908 0.845963239670
vn -0.616664230824 0.226494237781 0.753940045834
vn -0.674272716045 -0.000610155636 0.738482177258
vn 0.659022688866 -0.000107793647 0.752123057842
vn 0.674745857716 -0.002367611509 0.738046348095
vn -0.655174553394 0.001023973222 0.755476832390
vn 0.658267080784 -0.000560083368 0.752784252167
vn -0.597503542900 0.003953327890 0.801856517792
vn -0.613678097725 0.004128719214 0.789545536041
vn -0.669524252415 -0.002059110207 0.742787301540
vn -0.713187038898 -0.000744796125 0.700973391533
vn 0.001205809298 -0.672418057919 0.740170538425
vn -0.773273587227 -0.604240596294 0.192201226950
vn 0.831307947636 -0.217540666461 0.511471509933
vn 0.004871307872 -0.423868447542 0.905710637569
vn 0.005271121860 -0.486447811127 0.873693704605
vn 0.000229828831 -0.448877602816 0.893593192101
vn 0.888224244118 0.454595595598 -0.066336177289
vn -0.973240017891 0.031594175845 0.227608591318
vn 0.959974467754 -0.122813567519 -0.251725822687
vn 0.301495075226 0.280662864447 0.911223948002
vn 0.000995917595 0.413497656584 0.910504639149
vn 0.177766740322 0.361988723278 0.915075480938
vn -0.001161310589 0.526618599892 0.850100934505
vn 0.000743950484 0.431985944510 0.901880025864
vn -0.000077481105 0.535569846630 0.844490945339
vn 0.000012208758 0.432035177946 0.901856780052
vn -0.000932023802 0.428805857897 0.903396189213
vn 0.000948429981 0.535736978054 0.844384431839
vn -0.002336850390 0.397458136082 0.917617321014
vn -0.000671580550 0.391282171011 0.920270502567
vn 0.001129932934 0.395971953869 0.918261945248
vn -0.000083928891 0.406498700380 0.913651347160
vn 0.002323755994 0.425315469503 0.905042171478
vn -0.013212703168 0.342580527067 0.939395546913
vn -0.001993925776 0.111679539084 0.993742287159
vn -0.000002708865 0.120352007449 0.992731273174
vn 0.002328204224 0.119642890990 0.992814242840
vn -0.433224380016 0.253034234047 0.865037739277
vn -0.905427455902 0.290000498295 0.310001343489
vn 0.409931510687 0.009085600264 0.912071049213
vn 0.004926146939 -0.391112625599 0.920329630375
vn 0.904500603676 0.151175186038 0.398779034615
vn -0.418615221977 0.013918977231 0.908057034016
vn 0.998892545700 -0.010113434866 0.045950330794
vn -0.994826078415 0.013155364431 0.100737370551
vn 0.378258258104 -0.155879378319 0.912481427193
vn -0.022449957207 -0.022888356820 0.999485909939
vn -0.477936983109 -0.001837382093 0.878392219543
vn -0.999586284161 -0.000167331513 0.028761977330
vn -0.051237136126 0.000362312596 0.998686432838
vn 0.000724194630 -0.047171264887 0.998886525631
vn 0.997998476028 0.005427531898 0.063005007803
vn 0.391830414534 -0.002334795892 0.920034527779
vn 0.000998335308 -0.428178012371 0.903693854809
vn 0.000574434351 -0.579875767231 0.814704656601
vn -0.240616753697 -0.228855818510 0.943254232407
vn -0.000007047562 -0.463823616505 0.885927557945
vn 0.445716887712 -0.883316934109 -0.145215809345
vn -0.001357555622 -0.846007883549 0.533168733120
vn -0.000461758027 -0.843439996243 0.537223279476
vn -0.000240469701 -0.839597344398 0.543209314346
vn 0.999680876732 -0.005944620352 -0.024551389739
vn 0.675151407719 0.050899241120 -0.735921084881
vn 0.999901771545 0.008641145192 -0.011035492644
vn -0.433201551437 -0.001617422793 0.901295602322
vn -0.848733961582 0.000917404192 0.528819322586
vn 0.000715483329 0.675921857357 0.736972987652
vn -0.484732091427 0.020834207535 0.874414503574
vn -0.994970738888 0.029023729265 0.095869019628
vn 0.997646689415 -0.008035635576 0.068091824651
vn 0.096322096884 -0.000116957548 0.995350182056
vn 0.675314247608 0.000050846353 0.737530112267
vn 0.630364596844 -0.004079001956 0.776288449764
vn -0.327985644341 0.001442705514 0.944681584835
vn -0.687727272511 0.001379878842 0.725967824459
vn 0.999953389168 -0.006229632534 -0.007378725801
vn -0.976615846157 0.012212706730 0.214644551277
vn 0.409942060709 -0.002297920873 0.912108659744
vn -0.053373303264 0.000023487431 0.998574614525
vn -0.991965830326 -0.024850618094 0.124041207135
vn -0.526077091694 -0.017483288422 0.850257158279
vn 0.998295843601 0.023295333609 0.053504385054
vn 0.626405835152 0.002815161599 0.779492020607
vn 0.972147524357 -0.040477018803 0.230847924948
vn -0.999247550964 -0.012169311754 -0.036827195436
vn -0.530041813850 -0.001971513266 0.847969174385
vn 0.433320224285 -0.000277834391 0.901239991188
vn 0.094868108630 0.038878262043 0.994730353355
vn 0.979980051517 0.024767410010 0.197549223900
vn 0.444453477859 0.047381158918 0.894547998905
vn -0.998959124088 -0.000680059835 -0.045609015971
vn 0.999075412750 -0.016101961955 0.039862714708
vn 0.871416926384 -0.003961544484 0.490527153015
vn 0.999949336052 -0.001707868651 -0.009919106029
vn -0.518944263458 0.002277619438 0.854805052280
vn 0.463905423880 -0.002792197978 0.885880351067
vn 0.689397990704 -0.000340015482 0.724382698536
vn 0.052028551698 0.001293713925 0.998644769192
vn 0.856510102749 0.001273185946 0.516128718853
vn -0.859788954258 0.002522083465 0.510643303394
vn -0.437176227570 -0.001450282638 0.899374663830
vn 0.995663046837 0.011864011176 0.092273399234
vn -0.676374077797 0.000213225911 0.736558258533
vn 0.496047377586 0.006537844427 0.868270814419
vn -0.472847551107 0.001642831950 0.881142735481
vn 0.435133397579 0.000785844401 0.900365650654
vn 0.999346196651 0.004747409374 -0.035841446370
vn 0.456625580788 0.000205504417 0.889658927917
vn -0.853583157063 0.000237905377 0.520956516266
vn 0.999188959599 -0.000133245208 -0.040266770869
vn 0.408406466246 -0.000759752700 0.912799835205
vn 0.859699189663 0.004378465936 0.510781824589
vn -0.403371512890 0.000052408916 0.915036320686
vn -0.999482214451 0.000358115154 -0.032173708081
vn 0.008160709403 -0.305399745703 0.952189266682
vn 0.002048308728 -0.636317849159 0.771424174309
vn -0.009101364762 -0.670433759689 0.741913497448
vn -0.174086391926 0.214587077498 0.961065232754
vn -0.054679092020 0.000183803175 0.998503983021
vn -0.471597015858 -0.002306195209 0.881811141968
vn 0.161823272705 0.152186647058 0.975014090538
vn 0.999242544174 0.000105160587 -0.038914404809
vn 0.000596088124 0.351427555084 0.936214923859
vn -0.999433696270 -0.000124229686 -0.033649660647
vn 0.394422143698 0.000541427580 0.918929219246
vn -0.004689584952 0.788463950157 0.615063011646
vn -0.007798890583 0.643083453178 0.765756428242
vn 0.006676446646 0.537636578083 0.843150258064
vn 0.006854070351 0.838470399380 0.544903934002
vn -0.008193786256 0.496048331261 0.868256270885
vn -0.013770679012 0.840064644814 0.542311429977
vn 0.001868674532 0.707952380180 0.706257700920
vn 0.007894508541 0.582541525364 0.812762618065
vn 0.005614566617 0.119787521660 0.992783665657
vn 0.001393719693 0.635498285294 0.772101104259
vn -0.004075012635 0.083088904619 0.996533811092
vn 0.001273138914 0.532468795776 0.846448719501
vn -0.083704739809 -0.084062099457 0.992938578129
vn -0.000380350422 -0.290184974670 0.956970512867
vn 0.000697515497 -0.114991076291 0.993366301060
vn 0.003329759929 0.511452198029 0.859305322170
vn 0.083035573363 -0.095788493752 0.991932272911
vn 0.000555482693 -0.285568177700 0.958358228207
vn 0.119382299483 -0.052750729024 0.991446018219
vn -0.213058516383 -0.092512741685 0.972649693489
vn -0.100231163204 -0.539095461369 0.836259365082
vn -0.080495715141 0.080279231071 0.993516802788
vn 0.022121682763 -0.020675856620 0.999541461468
vn 0.999407052994 0.002032212447 -0.034371431917
vn -0.916666209698 0.230389386415 -0.326563537121
vn 0.415441483259 -0.001267646439 0.909619033337
vn -0.450380146503 0.312129676342 0.836500346661
vn 0.088598378003 0.081343881786 0.992740392685
vn 0.276782512665 -0.215287134051 0.936505675316
vn 0.095354437828 0.125070452690 0.987555027008
vn 0.343201935291 0.216410323977 0.913990736008
vn 0.002042692853 -0.515711545944 0.856759786606
vn -0.233132719994 -0.223024457693 0.946524798870
vn -0.070769011974 0.446997582912 0.891731441021
vn -0.001722198213 0.543525040150 0.839391231537
vn 0.230219528079 0.253738641739 0.939476251602
vn -0.053689088672 0.201637879014 0.977987587452
vn -0.240068152547 0.215669304132 0.946495652199
vn -0.063433386385 -0.312234878540 0.947884798050
vn 0.126026302576 -0.268121898174 0.955106258392
vn -0.175978511572 -0.175861746073 0.968557775021
vn -0.485222786665 0.003267015330 0.874384462833
vn 0.179563358426 -0.245921984315 0.952512145042
vn -0.999977886677 0.001081496710 -0.006564026233
vn -0.003244665451 0.281760185957 0.959479391575
vn -0.001280676457 -0.116833455861 0.993150711060
vn -0.292499214411 -0.220840230584 0.930415928364
vn -0.395281374454 -0.000027577074 0.918560087681
vn -0.316331773996 -0.066761009395 0.946296572685
vn 0.532081365585 -0.611493289471 0.585632503033
vn 0.436390310526 -0.005783581175 0.899738848209
vn 0.999816954136 -0.015507826582 -0.011204393581
vn -0.456745982170 -0.557488977909 0.693245351315
vn -0.000657907629 -0.527261316776 0.849702894688
vn -0.785936832428 0.262683182955 0.559732854366
vn 0.251636713743 0.038505002856 0.967055499554
vn -0.004730447661 -0.656137168407 0.754626750946
vn 0.000044341446 -0.625064730644 0.780572891235
vn 0.000275541388 -0.618412911892 0.785853207111
vn 0.234064579010 -0.276821196079 0.931978404522
vn -0.479912042618 -0.494524449110 0.724658489227
vn 0.004722772632 -0.836384773254 0.548122465611
vn 0.524644911289 -0.499719858170 0.689222574234
vn 0.538214921951 -0.003522065468 0.842800259590
vn 0.907181978226 -0.031463332474 0.419560432434
vn -0.752469837666 0.572437465191 -0.325736880302
vn -0.998960018158 0.001680244808 -0.045563258231
vn -0.032218687236 0.327739953995 0.944218456745
vn 0.680540263653 0.480894982815 0.552815496922
vn 0.070563279092 0.176871716976 0.981701195240
vn 0.988287568092 -0.148880973458 0.033497784287
vn 0.329331457615 -0.237750619650 0.913791775703
vn -0.002369673224 0.680387377739 0.732848882675
vn -0.003692449536 0.724165916443 0.689615905285
vn -0.000731757784 0.717326700687 0.696736574173
vn 0.950850665569 0.001751387725 0.309644877911
vn -0.474041402340 -0.004183439072 0.880492627621
vn 0.437578976154 0.000882846653 0.899179577827
vn 0.688487052917 0.001382196671 0.725247263908
vn -0.998646855354 -0.001603554585 -0.051979247481
vn -0.514396846294 -0.003161522560 0.857546448708
vn -0.046503350139 0.002245724900 0.998915612698
vn 0.007623723708 -0.370262682438 0.928895771503
vn 0.032686740160 -0.925610303879 -0.377063870430
vn 0.809778451920 -0.576974332333 0.106580898166
vn 0.821950674057 -0.553353786469 -0.134894967079
vn 0.140155568719 -0.221223562956 0.965099215508
vn 0.323362320662 -0.882340073586 0.341925084591
vn 0.525105357170 -0.458930909634 0.716691553593
vn -0.142300009727 -0.421560913324 0.895565211773
vn 0.488806277514 -0.340560883284 0.803172886372
vn 0.864562571049 0.373035848141 -0.336713254452
vn -0.880511164665 0.002360734856 0.474019527435
vn -0.607972919941 -0.002595887985 0.793953537941
vn 0.868859231472 0.005069863051 0.495033293962
vn 0.531952857971 0.000393716968 0.846773862839
vn -0.431308895350 -0.000959757715 0.902203798294
vn 0.005309527740 0.313421249390 0.949599385262
vn 0.474142014980 0.585016071796 0.657985985279
vn -0.014994391240 0.581204235554 0.813619613647
vn 0.063326165080 0.406282097101 0.911550700665
vn 0.685093522072 0.653118073940 0.322619944811
vn 0.256611019373 0.246493652463 0.934554278851
vn -0.080514319241 -0.000531824771 0.996753334999
vn 0.733495116234 0.573376297951 0.364999324083
vn 0.494841188192 0.163166075945 0.853527426720
vn 0.973905920982 -0.025084925815 0.225561499596
vn 0.054684892297 0.000076484939 0.998503684998
vn 0.468316644430 0.004101953469 0.883551180363
vn -0.999916493893 -0.009997098707 0.008187620901
vn 0.398286938667 -0.009287940338 0.917213857174
vn -0.048761975020 -0.000600852654 0.998810231686
vn 0.992106616497 -0.012017348781 0.124820165336
vn -0.487213551998 -0.001654071966 0.873281300068
vn -0.446112275124 0.006817071699 0.894951045513
vn 0.457008242607 0.001236504293 0.889461576939
vn -0.999856591225 0.000589060830 -0.016923697665
vn 0.999357104301 0.002881845459 -0.035735733807
vn -0.606965601444 0.006444364786 0.794701933861
vn 0.514070451260 0.005203897133 0.857732176781
vn 0.146314889193 -0.131427228451 0.980468690395
vn -0.506720364094 0.003043986158 0.862105131149
vn -0.110860735178 -0.171552017331 0.978917658329
vn 0.097459293902 -0.668035387993 0.737719714642
vn 0.998255193233 -0.001015623217 -0.059038925916
vn -0.999243438244 -0.003148963442 -0.038763653487
vn -0.276380360126 0.004509589169 0.961037755013
vn 0.858072638512 -0.000385752792 0.513528168201
vn -0.422941237688 0.142719998956 0.894847333431
vn -0.558161914349 -0.212526693940 0.802052140236
vn 0.268301904202 0.134983226657 0.953831017017
vn -0.407915115356 0.000204175798 0.913019835949
vn 0.395846605301 0.001694380073 0.918315112591
vn 0.999622285366 -0.003831599606 -0.027213254943
vn 0.590731620789 0.030980272219 0.806273162365
vn 0.079250991344 0.056773390621 0.995236694813
vn 0.117284715176 0.530613601208 0.839460313320
vn -0.110370911658 0.193605005741 0.974851489067
vn -0.179929897189 0.963061869144 -0.200342372060
vn -0.439397037029 -0.000109775254 0.898292958736
vn -0.999779224396 0.000920205668 -0.020991332829
vn 0.712543189526 -0.000810265075 0.701627790928
vn 0.999199986458 0.000590622134 -0.039988636971
vn 0.442309796810 -0.000033525488 0.896862328053
vn 0.835660278797 0.010305831209 0.549149990082
vn -0.871332645416 -0.001958011650 0.490688860416
vn -0.400223791599 0.000728368526 0.916417121887
vn 0.504843711853 -0.002477309201 0.863207221031
vn 0.999087274075 0.001644965261 -0.042683523148
vn 0.054447121918 -0.000455590634 0.998516559601
vn -0.856664836407 -0.001845716732 0.515870094299
vn -0.404978394508 -0.000535420957 0.914326071739
vn -0.425559610128 0.002504422562 0.904926955700
vn -0.999300003052 0.000826110248 -0.037400785834
vn 0.998598575592 -0.002773505170 -0.052850130945
vn 0.461019694805 0.000170652915 0.887389898300
vn -0.142167046666 0.157074287534 0.977300465107
vn 0.411881297827 -0.281063944101 0.866808414459
vn 0.134048759937 0.134306713939 0.981831252575
vn 0.530756354332 0.527138829231 0.663643300533
vn 0.468919187784 -0.000641624152 0.883240818977
vn 0.991202056408 0.006162805017 0.132213696837
vn 0.001085374970 -0.664610564709 0.747189104557
vn -0.001584601938 -0.666512310505 0.745492279530
vn -0.001929325401 -0.681698858738 0.731630265713
vn -0.313122481108 -0.355241149664 0.880771279335
vn -0.999224305153 -0.000934809854 -0.039368730038
vn 0.054571598768 -0.059177372605 0.996754705906
vn 0.488792479038 0.838145196438 0.242063120008
vn -0.004418746103 0.616826057434 0.787087142467
vn 0.000033874432 0.875270247459 0.483634173870
vn -0.000180019764 0.507950365543 0.861386358738
vn -0.001488992013 0.862576127052 0.505925059319
vn -0.000304637855 0.437208235264 0.899360239506
vn 0.001525679370 0.083689875901 0.996490657330
vn 0.001278083189 0.064309306443 0.997929215431
vn -0.163389429450 -0.140501156449 0.976505637169
vn 0.026590038091 -0.105189949274 0.994096577168
vn 0.001148888725 -0.086711056530 0.996232807636
vn 0.215127050877 -0.465482622385 0.858514010906
vn 0.001756330370 -0.094401359558 0.995532691479
vn -0.002346988069 -0.086437866092 0.996254503727
vn 0.470397233963 -0.000647184846 0.882454574108
vn 0.996186912060 -0.033554002643 0.080533921719
vn -0.023754082620 -0.310157090425 0.950388491154
vn -0.025725429878 -0.277976661921 0.960243284702
vn -0.055493149906 -0.859293520451 0.508463561535
vn -0.014268899336 -0.927472889423 0.373618125916
vn 0.016817374155 -0.869671940804 0.493343561888
vn 0.864602982998 -0.310387074947 -0.395122200251
vn 0.581825375557 -0.550321042538 0.598853886127
vn -0.204508468509 0.096131592989 0.974132955074
vn 0.248622298241 0.186662048101 0.950444221497
vn -0.000600704574 -0.524976909161 0.851116240025
vn -0.001562614809 -0.056411173195 0.998406410217
vn 0.385008424520 -0.470216423273 0.794144213200
vn -0.998403489590 -0.008753876202 -0.055802218616
vn -0.332743376493 -0.436574906111 0.835873305798
vn -0.039004795253 0.931856393814 0.360724627972
vn -0.282585382462 0.176872447133 0.942794620991
vn -0.115019701421 0.654253363609 0.747477829456
vn 0.054667372257 0.694967567921 0.716959893703
vn -0.035681031644 0.588804423809 0.807487666607
vn 0.729013323784 -0.682950198650 -0.046028204262
vn -0.721358299255 -0.690800249577 -0.049368426204
vn -0.267539829016 -0.491862237453 0.828549325466
vn 0.308914273977 0.583784818649 0.750844419003
vn 0.418007254601 -0.469336450100 0.777813076973
vn 0.397810369730 -0.745621860027 0.534598052502
vn -0.746521770954 -0.217611581087 0.628768980503
vn -0.826690614223 -0.560318946838 0.051237594336
vn 0.000536094361 -0.619536876678 0.784967303276
vn 0.002670813119 -0.617089033127 0.786888778210
vn -0.001260476420 -0.614913880825 0.788593173027
vn 0.003217583522 -0.613134086132 0.789972245693
vn 0.316324084997 -0.938790440559 -0.136424094439
vn 0.000140992634 -0.987414062023 -0.158156186342
vn 0.001793900039 -0.992572963238 -0.121637478471
vn -0.000343427935 -0.989076018333 -0.147406026721
vn 0.006242837291 -0.999898374081 0.012818937190
vn -0.010075303726 -0.987613439560 -0.156582817435
vn 0.000029246132 0.704289257526 0.709913074970
vn 0.915550112724 0.076330505311 0.394894540310
vn 0.000016026483 0.001201414270 0.999999284744
vn -0.000216390879 -0.000284452806 0.999999940395
vn -0.999614298344 -0.004594252910 -0.027389636263
vn 0.164958626032 -0.077032230794 0.983287692070
vn -0.859034776688 -0.275549501181 -0.431429833174
vn -0.959423780441 0.039781466126 0.279147624969
vn -0.999467492104 0.001566468971 0.032592959702
vn 0.999963939190 -0.003571273992 -0.007707530633
vn -0.428846478462 -0.337476968765 0.837973713875
vn -0.004450026900 -0.738589406013 0.674140870571
vn 0.005462492350 -0.695765137672 0.718248546124
vn -0.004510229919 -0.763910710812 0.645306229591
vn -0.001094227540 0.740411400795 0.672153055668
vn -0.000132138361 0.734561562538 0.678541958332
vn -0.000280372798 0.741039156914 0.671461701393
vn -0.377875983715 0.583874046803 0.718540787697
vn -0.999213516712 -0.001670328085 0.039617959410
vn 0.705901384354 0.000169523570 0.708310127258
vn 0.999036610126 -0.002316385508 0.043823737651
vn -0.726539015770 0.059513021260 0.684543132782
vn -0.972737669945 0.002204187913 0.231897816062
vn 0.999830007553 -0.004109994043 -0.017974995077
vn -0.720099806786 -0.000920087565 0.693869888783
vn -0.993982017040 0.004087331239 -0.109466873109
vn 0.712288975716 -0.000357849844 0.701886236668
vn -0.732111036777 -0.000893836841 0.681184709072
vn 0.977840423584 0.155083924532 0.140630975366
vn -0.958780586720 -0.013093792833 -0.283845573664
vn 0.999997675419 -0.001722753514 -0.001314910362
vn 0.717230379581 0.000561693276 0.696835935116
vn -0.711638689041 0.003278688760 0.702538013458
vn -0.745430588722 -0.006875406951 0.666547775269
vn 0.923969209194 -0.000697423937 -0.382466256618
vn 0.743052601814 0.002444833983 0.669228553772
vn -0.461784183979 -0.437576740980 0.771545171738
vn 0.943799436092 -0.002077252371 -0.330512285233
vn -0.927553117275 -0.000604356523 -0.373690783978
vn 0.504983007908 -0.399087011814 0.765324592590
vn 0.000706573832 -0.688654363155 0.725089430809
vn -0.933641493320 -0.007868295535 -0.358122467995
vn 0.910740673542 0.004433557857 -0.412954896688
vn -0.003338627517 0.716419517994 0.697661757469
vn -0.126207590103 0.389299005270 0.912424206734
vn -0.000563004054 -0.288717776537 0.957414090633
vn 0.977114558220 -0.003677851986 -0.212681904435
vn -0.999836742878 0.000335508143 0.018064999953
vn -0.966858148575 0.001895170193 -0.255307167768
vn -0.005984731950 0.721157550812 0.692745208740
vn 0.001355615212 0.755641400814 0.654984116554
vn 0.459703922272 0.575987160206 0.675951957703
vn -0.005097973160 0.705856502056 0.708336472511
vn -0.001756143640 0.760599434376 0.649219036102
vn 0.387062668800 -0.915144681931 -0.112661838531
vn 0.904478669167 -0.364558011293 0.221395194530
vn 0.881427824497 0.232956379652 0.410872608423
vn 0.666988492012 0.461100250483 0.585246086121
vn -0.760403931141 0.000376054202 0.649450302124
vn -0.997563302517 -0.002979039215 0.069703258574
vn -0.774142205715 0.007128103171 0.632971584797
vn 0.735510230064 0.000930447481 0.677513003349
vn 0.742930531502 0.001397694694 0.669367074966
vn -0.753553092480 0.000100480589 0.657387018204
vn -0.949183523655 0.008890015073 -0.314597517252
vn 0.934734165668 -0.005087281112 -0.355311274529
vn -0.746367752552 0.000153847926 0.665533781052
vn 0.743538677692 -0.000600254512 0.668692648411
vn -0.984127819538 0.002093066229 -0.177448779345
vn 0.928684830666 -0.000882495369 -0.370868802071
vn 0.743736743927 -0.000460017589 0.668472468853
vn -0.998427450657 -0.001569914632 -0.056037422270
vn -0.777997910976 -0.005596529227 0.628241956234
vn 0.706684768200 0.002544227056 0.707524001598
vn -0.960270881653 0.001128122327 -0.279067248106
vn 0.915333092213 0.000858239713 -0.402696579695
vn -0.933064937592 0.000659778074 -0.359707325697
vn -0.470647692680 0.521440804005 0.711751520634
vn -0.937032461166 -0.009415913373 -0.349115312099
vn -0.010899303481 0.524059236050 0.851612091064
vn 0.009064871818 0.741674959660 0.670698165894
vn -0.009302872233 0.519132375717 0.854643285275
vn -0.503252804279 -0.496872365475 0.707003831863
vn 0.422976255417 0.204954266548 0.882657825947
vn 0.274566531181 0.661054134369 0.698298454285
vn -0.617543876171 -0.648135423660 -0.445600688457
vn 0.983456969261 -0.002387132961 -0.181126311421
vn 0.425274908543 -0.844406068325 0.325760096312
vn -0.295522958040 -0.946343660355 -0.130766212940
vn 0.001792822266 -0.939217567444 -0.343317747116
vn 0.001351398765 -0.932995796204 -0.359884768724
vn -0.000758996524 -0.960268855095 -0.279075562954
vn 0.000212619547 -0.936973392963 -0.349400699139
vn -0.002351332223 -0.930166184902 -0.367131173611
vn 0.849040150642 0.522003114223 -0.081508092582
vn 0.476338982582 0.677438199520 -0.560516417027
vn -0.575877487659 -0.568290770054 0.587716519833
vn 0.916655063629 0.053282584995 0.396111696959
vn -0.385593473911 -0.567735135555 -0.727320134640
vn 0.363476753235 -0.592823982239 -0.718640685081
vn -0.000021253967 -0.739258944988 0.673421382904
vn 0.000023363336 -0.677065312862 0.735922873020
vn 0.469423085451 0.491376757622 0.733614921570
vn 0.494837194681 -0.478809505701 0.725174188614
vn 0.950962007046 -0.020833741874 0.308605194092
vn 0.588825643063 0.000658105244 0.808259844780
vn -0.991529285908 0.007317706011 0.129676818848
vn 0.778737306595 -0.001693431870 0.627347886562
vn 0.768328070641 -0.002130427165 0.640052676201
vn 0.000714087742 -0.720980226994 0.692955255508
vn 0.107743084431 -0.214870989323 0.970681130886
vn 0.008259645663 -0.579027354717 0.815266191959
vn 0.010787857696 -0.668218553066 0.743886768818
vn 0.891438722610 0.004089523572 0.453122824430
vn -0.006350404583 0.696643769741 0.717389106750
vn -0.849449694157 -0.004503936041 0.527650356293
vn 0.004554620013 -0.478301912546 0.878183662891
vn 0.001635392080 -0.494278669357 0.869301974773
vn -0.001250685425 -0.596060812473 0.802938282490
vn 0.755573570728 -0.000578330073 0.655063569546
vn -0.522020757198 0.452293902636 0.723135292530
vn 0.684078454971 -0.480842411518 0.548477172852
vn 0.960933208466 -0.038847163320 0.274040699005
vn 0.721034646034 0.001361935749 0.692897677422
vn -0.880106031895 -0.005376589485 0.474746793509
vn -0.749967575073 -0.001077543828 0.661473691463
vn -0.630462825298 -0.214931845665 0.745869219303
vn -0.885259032249 0.010494744405 0.464979857206
vn -0.879671871662 -0.001502950559 0.475578725338
vn 0.446790248156 0.470808744431 0.760734915733
vn -0.752715229988 -0.002270138822 0.658342301846
vn 0.399593442678 -0.442732810974 0.802690923214
vn -0.000591230288 -0.729609787464 0.683863401413
vn 0.000074124997 -0.702465891838 0.711717367172
vn -0.000868945324 -0.718972384930 0.695038080215
vn -0.185052499175 -0.669259905815 0.719615638256
vn -0.197233393788 -0.168701544404 0.965732216835
vn 0.012733596377 0.569022834301 0.822223126888
vn 0.011372567154 0.669471621513 0.742750585079
vn 0.006158321165 0.539023399353 0.842268288136
vn 0.950433433056 0.028650140390 0.309605419636
vn 0.959107160568 -0.006123824045 0.282976925373
vn -0.316640406847 0.632094323635 0.707245111465
vn -0.087087377906 0.675987362862 0.731749236584
vn -0.197475701571 -0.926745891571 0.319601953030
vn -0.018222173676 -0.908013284206 0.418544948101
vn -0.000856311992 -0.833850026131 0.551990509033
vn -0.416257560253 -0.451666265726 0.789130687714
vn 0.000029232031 -0.744595885277 0.667515635490
vn 0.203848272562 0.216839358211 0.954686641693
vn 0.000226856282 0.613032042980 0.790058076382
vn -0.000054870441 0.767229497433 0.641372561455
vn -0.002755609807 0.675445079803 0.737405180931
vn -0.413230299950 0.329149901867 0.849058926105
vn -0.342303812504 -0.013231820427 0.939496159554
vn -0.515696525574 -0.004325755872 0.856760382652
vn 0.688243567944 0.003226626199 0.725472509861
vn 0.537758111954 -0.014691716060 0.842971146107
vn -0.479070246220 0.009172138758 0.877728641033
vn 0.727397680283 0.000854166166 0.686215639114
vn -0.850673854351 0.003776736790 0.525680243969
vn -0.673160970211 0.001979787834 0.739493310452
vn 0.933645427227 -0.041366208345 0.355801999569
vn -0.564456462860 0.010400088504 0.825397312641
vn 0.661216974258 -0.008762201294 0.750143527985
vn -0.365493208170 0.005556032062 0.930797398090
vn 0.845336914063 -0.000343321241 0.534233510494
vn -0.450173079967 0.474280714989 0.756572544575
vn -0.857657849789 0.000921254454 0.514219999313
vn -0.863049626350 -0.001176529564 0.505117714405
vn 0.233845591545 -0.103448189795 0.966754734516
vn -0.003759859363 -0.638917326927 0.769266188145
vn 0.002746498445 -0.624413907528 0.781088769436
vn 0.535561740398 -0.003291328670 0.844489693642
vn -0.002896660240 0.621724665165 0.783230543137
vn 0.002343487693 0.603014767170 0.797726631165
vn 0.524998724461 0.360281080008 0.771086156368
vn 0.862717568874 -0.000544259790 0.505685806274
vn 0.887726545334 0.000972643786 0.460370063782
vn -0.815569639206 0.007667191327 0.578608155251
vn 0.912411570549 -0.296391457319 0.282236099243
vn -0.004251660313 -0.663938879967 0.747774660587
vn 0.151332020760 0.896165430546 0.417116433382
vn 0.004265448544 0.535726606846 0.844380795956
vn 0.004537280649 0.495700776577 0.868481516838
vn -0.066206850111 0.370849013329 0.926330208778
vn -0.455682575703 0.202155411243 0.866883277893
vn 0.501921474934 0.291344285011 0.814366817474
vn -0.752288818359 0.001167545561 0.658832430840
vn 0.672117352486 0.003159614047 0.740437865257
vn -0.856362581253 -0.009384457022 0.516289651394
vn 0.934708833694 0.040022198111 0.353153765202
vn 0.651267051697 -0.004858472850 0.758833050728
vn -0.769505262375 0.001007423270 0.638639688492
vn -0.896198511124 0.025482052937 0.442920833826
vn 0.719784915447 0.000503872521 0.694196999073
vn 0.841424763203 0.002521503950 0.540368378162
vn -0.603363156319 0.002159336116 0.797463595867
vn 0.786705970764 0.003802231280 0.617316186428
vn -0.960809290409 0.000184662131 0.277210086584
vn -0.833592414856 -0.007279168814 0.552332043648
vn 0.879480898380 -0.000459386181 0.475933969021
vn 0.149857610464 -0.023443359882 0.988429605961
vn 0.000148504230 -0.516589105129 0.856233358383
vn -0.001613819040 -0.674950897694 0.737860798836
vn 0.001811631490 -0.506600737572 0.862178862095
vn 0.291705399752 -0.625648140907 0.723513841629
vn -0.227920651436 -0.822734713554 0.520730137825
vn 0.588501513004 0.515506505966 0.622831404209
vn -0.846254587173 -0.006761347409 0.532735764980
vn 0.019203316420 -0.837800741196 0.545638382435
vn 0.277481406927 -0.958511233330 0.065271139145
vn 0.002569544828 -0.843758463860 0.536716938019
vn -0.002867709147 -0.825644850731 0.564182996750
vn 0.001666903845 -0.823186576366 0.567768573761
vn -0.379593133926 -0.602359771729 0.702190637589
vn 0.539104461670 -0.249726608396 -0.804364979267
vn -0.004825902637 -0.194404676557 0.980909526348
vn -0.703013241291 0.000222748044 0.711176753044
vn 0.242425590754 0.008448991925 0.970133185387
vn -0.822004735470 0.011591770686 0.569362640381
vn 0.133072927594 -0.006239866372 0.991086602211
vn 0.012074906379 -0.304408490658 0.952465057373
vn 0.705315947533 0.000086961227 0.708893060684
vn 0.177399247885 -0.229020044208 0.957120299339
vn -0.000261403329 -0.322653442621 0.946517109871
vn -0.904167890549 -0.006537603214 0.427127242088
vn -0.093606419861 -0.012284846045 0.995533466339
vn -0.162164419889 -0.002512412379 0.986760556698
vn 0.701650261879 -0.000688452623 0.712521195412
vn 0.752337098122 -0.003217984457 0.658770442009
vn 0.440957754850 0.001107501797 0.897527158260
vn 0.096669569612 0.001041527488 0.995315968990
vn -0.002876199549 -0.009014068171 0.999955236912
vn 0.710245072842 0.000161372620 0.703954458237
vn -0.693994700909 0.691374301910 0.200930029154
vn 0.737329423428 -0.001678141183 0.675531327724
vn -0.696919023991 0.002563592046 0.717145264149
vn -0.782964885235 -0.011717813089 0.621955513954
vn 0.098271816969 -0.321209728718 -0.941895425320
vn -0.791646599770 0.007327432279 0.610935330391
vn 0.818605184555 0.001344281016 0.574355065823
vn -0.798965275288 0.000457648945 0.601376950741
vn -0.003775340505 -0.113389626145 0.993543446064
vn 0.006027694326 -0.122401043773 0.992462396622
vn 0.156221181154 -0.101735621691 0.982468724251
vn 0.001270304900 0.339783459902 0.940502822399
vn 0.801354229450 0.004137786105 0.598175764084
vn -0.768027067184 -0.004990067333 0.640397965908
vn 0.808851301670 -0.010668283328 0.587916433811
vn -0.734019398689 -0.000474732253 0.679128348827
vn -0.839294016361 0.000826363568 0.543677210808
vn 0.010273653083 0.006442720070 0.999926447868
vn 0.786308050156 0.009716562927 0.617758214474
vn 0.076535783708 0.004631093238 0.997056066990
vn -0.714531958103 0.003063087584 0.699596047401
vn 0.066820554435 -0.004446991254 0.997755110264
vn 0.725039184093 -0.003008208238 0.688701033592
vn -0.715729534626 -0.000534157269 0.698377370834
vn 0.747573256493 -0.001897416892 0.664176642895
vn -0.704047858715 0.000815539679 0.710152089596
vn 0.723295390606 0.001672682702 0.690536737442
vn -0.703548848629 -0.000301206892 0.710646867752
vn 0.006484295242 0.013092516921 0.999893248081
vn -0.027168869972 -0.046305235475 0.998557806015
vn -0.004424355924 0.069207295775 0.997592508793
vn -0.699898123741 0.000779938069 0.714242279530
vn 0.734371721745 0.000230882433 0.678747475147
vn 0.720944941044 -0.003327048151 0.692984342575
vn 0.743452548981 -0.003356586676 0.668780267239
vn -0.776707708836 0.006856128108 0.629823863506
vn -0.198500052094 -0.944617152214 0.261335462332
vn -0.129222914577 -0.084736987948 0.987988412380
vn -0.109717667103 -0.000007624691 0.993962764740
vn 0.065124243498 -0.306842088699 0.949529767036
vn 0.263237535954 0.543979823589 0.796738386154
vn -0.812993824482 -0.020915826783 0.581896543503
vn -0.081042937934 0.003173688659 0.996705532074
vn 0.725794613361 -0.000608817791 0.687911152840
vn -0.770779848099 0.009767876007 0.637026727200
vn -0.003277799580 -0.000421341014 0.999994516373
vn 0.695050835609 0.002377365017 0.718956649303
vn -0.028475368395 -0.004285447765 0.999585330486
vn 0.089794807136 -0.000081320359 0.995960295200
vn 0.743195593357 -0.000883005268 0.669073641300
vn -0.450169175863 0.002670989139 0.892939269543
vn -0.740803182125 -0.005010176450 0.671703517437
vn 0.733792483807 -0.001253423630 0.679372549057
vn -0.728756248951 -0.000560435234 0.684772968292
vn 0.000192274063 0.007390969433 0.999972641468
vn -0.703290402889 -0.010516672395 0.710824906826
vn 0.527965545654 -0.497312754393 0.688427448273
vn -0.484332382679 -0.479891687632 0.731523096561
vn 0.406163811684 -0.885277092457 -0.226528957486
vn 0.321593761444 -0.693600773811 0.644589364529
vn -0.000963831379 -0.687466263771 0.726215660572
vn -0.000344921427 -0.689813315868 0.723987221718
vn 0.000031822405 -0.691968679428 0.721927523613
vn 0.000004235356 -0.694504380226 0.719488501549
vn 0.000301426771 -0.692609071732 0.721313118935
vn 0.335963904858 0.107589207590 -0.935709774494
vn -0.495052456856 -0.204657018185 -0.844416141510
vn -0.489904135466 0.005941999611 0.871756076813
vn 0.506482839584 0.000068070229 0.862250030041
vn -0.493688911200 0.000067400244 0.869638562202
vn 0.497161269188 0.001443503192 0.867656946182
vn -0.581664562225 0.001076778513 0.813428044319
vn 0.510619521141 -0.001949225087 0.859804570675
vn 0.501061737537 0.000047102360 0.865411520004
vn 0.503339111805 -0.000069209927 0.864088952541
vn -0.472654014826 0.002146191197 0.881245434284
vn -0.486281514168 0.000400031742 0.873802125454
vn 0.504272401333 -0.000005270548 0.863544642925
vn 0.484264969826 -0.009712813422 0.874867498875
vn 0.462510138750 -0.001537981210 0.886612653732
vn 0.227651685476 -0.001916252426 0.973740756512
vn 0.465048283339 -0.005141349975 0.885270416737
vn 0.484584599733 0.003389756428 0.874737799168
vn -0.449737250805 0.012726759538 0.893070220947
vn 0.495274037123 -0.000067969951 0.868736803532
vn 0.500033855438 0.002427682979 0.866002440453
vn -0.458662062883 -0.003312302520 0.888604581356
vn -0.488293707371 0.000818989822 0.872678995132
vn -0.484002590179 0.000515135995 0.875066399574
vn 0.503095865250 -0.001693657832 0.864228963852
vn -0.405208945274 -0.122578024864 0.905969262123
vn 0.899167001247 -0.379538506269 0.217828392982
vn 0.168043017387 -0.181021615863 0.969016373158
vn 0.198985099792 -0.524976313114 0.827529311180
vn -0.000117675729 -0.516704797745 0.856163561344
vn 0.000262759917 -0.521758019924 0.853093445301
vn -0.000079716541 -0.519637823105 0.854386627674
vn 0.406594663858 -0.576251149178 0.708953678608
vn 0.472630500793 -0.004202473909 0.881250679493
vn -0.488683104515 0.003861244768 0.872452795506
vn -0.465987265110 -0.004826654214 0.884778261185
vn -0.628475427628 0.006683219690 0.777800679207
vn -0.483959138393 0.000475145935 0.875090479851
vn 0.501653790474 0.000294174912 0.865068435669
vn -0.487298369408 -0.000254161889 0.873235523701
vn -0.964659094810 -0.043482046574 0.259888678789
vn 0.632200062275 0.590747356415 -0.501338899136
vn -0.465374857187 0.002389429836 0.885110437870
vn -0.487794220448 0.000666076259 0.872958362103
vn 0.503431797028 -0.001643502968 0.864033401012
vn -0.709399759769 -0.388164430857 0.588285923004
vn 0.003868922591 -0.507671892643 0.861541807652
vn 0.000633115473 -0.518946111202 0.854806721210
vn 0.480923831463 -0.000432526402 0.876762270927
vn 0.510049462318 0.000301559252 0.860145032406
vn -0.488377988338 -0.000900143292 0.872631728649
vn -0.509750366211 0.000041528569 0.860322356224
vn -0.506147265434 0.002942977240 0.862442076206
vn 0.367078989744 0.005455361214 0.930173754692
vn -0.486383825541 -0.000613004551 0.873745024204
vn 0.502538561821 -0.000245400297 0.864554762840
vn -0.487714648247 -0.000306786998 0.873003065586
vn 0.433325469494 0.003049933119 0.901232361794
vn 0.425872385502 -0.000473707711 0.904783129692
vn -0.427245438099 0.004423353821 0.904124855995
vn 0.495598137379 0.001993557205 0.868549644947
vn -0.463415563107 -0.003505885834 0.886134147644
vn -0.498395860195 0.000177025926 0.866949558258
vn -0.466516643763 0.488303124905 0.737510859966
vn -0.137074887753 -0.353332817554 0.925400674343
vn -0.001974902116 0.623520910740 0.781804203987
vn -0.084569238126 -0.000316536636 0.996417582035
vn -0.467342913151 -0.000500052411 0.884075999260
vn -0.409179240465 -0.007084791083 0.912426531315
vn 0.424670726061 0.789747834206 0.442665874958
vn 0.705868005753 0.641161620617 -0.301101595163
vn -0.020001167431 0.154368162155 0.987810909748
vn -0.262137591839 0.708851993084 -0.654838025570
vn -0.395408064127 -0.582599461079 -0.710091829300
vn 0.481907218695 0.034994322807 -0.875523149967
vn 0.545488119125 -0.764877557755 0.342644244432
vn 0.655014991760 -0.662648081779 -0.363115549088
vn 0.157358661294 0.954349815845 0.253879308701
vn -0.274924159050 0.744594514370 0.608272671700
vn -0.062445931137 -0.619537591934 0.782479166985
vn -0.458113491535 0.888609051704 0.022493220866
vn 0.607903420925 0.743313848972 0.279173702002
vn -0.324145525694 -0.284170001745 0.902317583561
vn -0.566320419312 -0.820164442062 -0.081310868263
vn -0.996547818184 0.065230451524 0.051355633885
vn 0.909137189388 0.412424236536 -0.058101795614
vn -0.181869208813 -0.450083255768 0.874270319939
vn 0.121810533106 0.027555184439 0.992170810699
vn 0.266146689653 -0.690101146698 0.672998070717
vn 0.067090213299 -0.618688166142 -0.782766819000
vn -0.112630829215 0.528618097305 -0.841354370117
vn 0.669157862663 -0.740510284901 -0.062227290124
vn -0.195843398571 -0.735665977001 0.648414254189
vn -0.328336685896 0.928344607353 0.174273565412
vn 0.077284783125 0.814994573593 0.574291586876
vn -0.885456800461 -0.454474955797 0.097050562501
vn 0.648141086102 0.663588643074 0.373581558466
vn 0.136668309569 -0.990147769451 0.030481630936
vn 0.919295787811 -0.369626432657 0.135172218084
vn 0.196712553501 -0.837862730026 0.509205579758
vn -0.742859899998 0.666470229626 0.063060700893
vn 0.688136577606 0.606299638748 0.398583441973
vn -0.741639494896 -0.464814186096 0.483651369810
vn 0.817509114742 -0.490356355906 0.302042245865
vn -0.761345028877 -0.573039889336 0.303280502558
vn -0.538938164711 0.015071792528 0.842210471630
vn 0.540292322636 0.040655985475 0.840494692326
# 1202 vertex normals

                                                
                                                
                                                
                                                
                                                
                                                
                                                
                                                
                                                
                                                
                                                
                                                
                                                
                                                
                                                
                                                
                                                
                                                
                                                
                                                
                                                
                                                
                                                
                                                
                                                
                                                
                                                
                                                
                                                
                                                
                                                
                                                
                                                
                                                
                                                
                                                
                                                
                                                
                                                
                                                
                                                
                                                
                                                
                                                
                                                
                                                
                                                
                                                
                                                
                                                
                                                
                                                
                                                
                                                
                                                
                                                
                                                
                                                
                                                
                                                
                                                
                                                
                                                
                                                
                                                
                                                
                                                
                                                
                                                
                                                
                                                
                                                
                                                
                                                
                                                
                                                
                                                
                                                
                                                
                                                
                                                
                                                
                                                
                                                
                                                
                                                
                                                
                                                
                                                
                                                
                                                
                                                
                                                
                                                
                                                
                                                
                                                
                                                
                                                
                                                
                                                
                                                
                                                
                                                
                                                
                                                
                                                
                                                
                                                
                                                
                                                
                                                
                                                
                                                
                                                
                                                
                                                
                                                
                                                
                                                
                                                
                                                
                                                
                                                
                                                
                                                
                                                
                                                
                                                
                                                
                                                
                                                
                                                
                                                
                                                
                                                
                                                
                                                
                                                
                                                
                                                
                                                
                                                
                                                
                                                
                                                
                                                
                                                
                                                
                                                
                                                
                                                
                                                
                                                
                                                
                                                
                                                
                                                
                                                
                                                
                                                
                                                
                                                
                                                
                                                
                                                
                                                
                                                
                                                
                                                
                                                
                                                
                                                
                                                
                                                
                                                
                                                
                                                
                                                
                                                
                                                
                                                
                                                
                                                
                                                
                                                
                                                
                                                
                                                
                                                
                                                
                                                
                                                
                                                
                                                
                                                
                                                
                                                
                                                
                                                
                                                
                                                
                                                
                                                
                                                
                                                
                                                
                                                
                                                
                                                
                                                
                                                
                                                
                                                
                                                
                                                
                                                
                                                
                                                
                                                
                                                
                                                
                                                
                                                
                                                
                                                
                                                
                                                
                                                
                                                
                                                
                                                
                                                
                                                
                                                
                                                
                                                
                                                
                                                
                                                
                                                
                                                
                                                
                                                
                                                
                                                
                                                
                                                
                                                
                                                
                                                
                                                
                                                
                                                
                                                
                                                
                                                
                                                
                                                
                                                
                                                
                                                
                                                
                                                
                                                
                                                
                                                
                                                
                                                
                                                
                                                
                                                
                                                
                                                
                                                
                                                
                                                
                                                
                                                
                                                
                                                
                                                
                                                
                                                
                                                
                                                
                                                
                                                
                                                
                                                
                                                
                                                
                                                
                                                
                                                
                                                
                                                
                                                
                                                
                                                
                                                
                                                
                                                
                                                
                                                
                                                
                                                
                                                
                                                
                                                
                                                
                                                
                                                
                                                
                                                
                                                
                                                
                                                
                                                
                                                
                                                
                                                
                                                
                                                
                                                
                                                
                                                
                                                
                                                
                                                
                                                
                                                
                                                
                                                
                                                
                                                
                                                
                                                
                                                
                                                
                                                
                                                
                                                
                                                
                                                
                                                
                                                
                                                
                                                
                                                
                                                
                                                
                                                
                                                
                                                
                                                
                                                
                                                
                                                
                                                
                                                
                                                
                                                
                                                
                                                
                                                
                                                
                                                
                                                
                                                
                                                
                                                
                                                
                                                
                                                
                                                
                                                
                                                
                                                
                                                
                                                
                                                
                                                
                                                
                                                
                                                
                                                
                                                
                                                
                                                
                                                
                                                
                                                
                                                
                                                
                                                
                                                
                                                
                                                
                                                
                                                
                                                
                                                
                                                
                                                
                                                
                                                
                                                
                                                
                                                
                                                
                                                
                                                
                                                
                                                
                                                
                                                
                                                
                                                
                                                
                                                
                                                
                                                
                                                
                                                
                                                
                                                
                                                
                                                
                                                
                                                
                                                
                                                
                                                
                                                
                                                
                                                
                                                
                                                
                                                
                                                
                                                
                                                
                                                
                                                
                                                
                                                
                                                
                                                
                                                
                                                
                                                
                                                
                                                
                                                
                                                
                                                
                                                
                                                
                                                
                                                
                                                
                                                
                                                
                                                
                                                
                                                
                                                
                                                
                                                
                                                
                                                
                                                
                                                
                                                
                                                
                                                
                                                
                                                
                                                
                                                
                                                
                                                
                                                
                                                
                                                
                                                
                                                
                                                
                                                
                                                
                                                
                                                
                                                
                                                
                                                
                                                
                                                
                                                
                                                
                                                
                                                
                                                
                                                
                                                
                                                
                                                
                                                
                                                
                                                
                                                
                                                
                                                
                                                
                                                
                                                
                                                
                                                
                                                
                                                
                                                
                                                
                                                
                                                
                                                
                                                
                                                
                                                
                                                
                                                
                                                
                                                
                                                
                                                
                                                
                                                
                                                
                                                
                                                
                                                
                                                
                                                
                                                
                                                
                                                
                                                
                                                
                                                
                                                
                                                
                                                
                                                
                                                
                                                
                                                
                                                
                                                
                                                
                                                
                                                
                                                
                                                
                                                
                                                
                                                
                                                
                                                
                                                
                                                
                                                
                                                
                                                
                                                
                                                
                                                
                                                
                                                
                                                
                                                
                                                
                                                
                                                
                                                
                                                
                                                
                                                
                                                
                                                
                                                
                                                
                                                
                                                
                                                
                                                
                                                
                                                
                                                
                                                
                                                
                                                
                                                
                                                
                                                
                                                
                                                
                                                
                                                
                                                
                                                
                                                
                                                
                                                
                                                
                                                
                                                
                                                
                                                
                                                
                                                
                                                
                                                
                                                
                                                
                                                
                                                
                                                
                                                
                                                
                                                
                                                
                                                
                                                
                                                
                                                
                                                
                                                
                                                
                                                
                                                
                                                
                                                
                                                
                                                
                                                
                                                
                                                
                                                
                                                
                                                
                                                
                                                
                                                
                                                
                                                
                                                
                                                
                                                
                                                
                                                
                                                
                                                
                                                
                                                
                                                
                                                
                                                
                                                
                                                
                                                
                                                
                                                
                                                
                                                
                                                
                                                
                                                
                                                
                                                
                                                
                                                
                                                
                                                
                                                
                                                
                                                
                                                
                                                
                                                
                                                
                                                
                                                
                                                
                                                
                                                
                                                
                                                
                                                
                                                
                                                
                                                
                                                
                                                
                                                
                                                
                                                
                                                
                                                
                                                
                                                
                                                
                                                
                                                
                                                
                                                
                                                
                                                
                                                
                                                
                                                
                                                
                                                
                                                
                                                
                                                
                                                
                                                
                                                
                                                
                                                
                                                
                                                
                                                
                                                
                                                
                                                
                                                
                                                
                                                
                                                
                                                
                                                
                                                
                                                
                                                
                                                
                                                
                                                
                                                
                                                
                                                
                                                
                                                
                                                
                                                
                                                
                                                
                                                
                                                
                                                
                                                
                                                
                                                
                                                
                                                
                                                
                                                
                                                
                                                
                                                
                                                
                                                
                                                
                                                
                                                
                                                
                                                
                                                
                                                
                                                
                                                
                                                
                                                
                                                
                                                
                                                
                                                
                                                
                                                
                                                
                                                
                                                
                                                
                                                
                                                
                                                
                                                
                                                
                                                
                                                
                                                
                                                
                                                
                                                
                                                
                                                
                                                
                                                
                                                
                                                
                                                
                                                
                                                
                                                
                                                
                                                
                                                
                                                
                                                
                                                
                                                
                                                
                                                
                                                
                                                
                                                
                                                
                                                
                                                
                                                
                                                
                                                
                                                
                                                
                                                
                                                
                                                
                                                
                                                
                                                
                                                
                                                
                                                
                                                
                                                
                                                
                                                
                                                
                                                
                                                
                                                
                                                
                                                
                                                
                                                
                                                
                                                
                                                
                                                
                                                
                                                
                                                
                                                
                                                
                                                
                                                
                                                
                                                
                                                
                                                
                                                
                                                
                                                
                                                
                                                
                                                
                                                
                                                
                                                
                                                
                                                
                                                
                                                
                                                
                                                
                                                
                                                
                                                
                                                
                                                
                                                
                                                
                                                
                                                
                                                
                                                
                                                
                                                
                                                
                                                
                                                
                                                
                                                
                                                
                                                
                                                
                                                
                                                
                                                
                                                
                                                
                                                
                                                
                                                
                                                
                                                
                                                
                                                
                                                
                                                
                                                
                                                
                                                
                                                
                                                
                                                
                                                
                                                
                                                
                                                
                                                
                                                
                                                
                                                
                                                
                                                
                                                
                                                
                                                
                                                
                                                
                                                
                                                
                                                
                                                
                                                
                                                
                                                
                                                
                                                
                                                
                                                
                                                
                                                
                                                
                                                
                                                
                                                
                                                
                                                
                                                
                                                
                                                
                                                
                                                
                                                
                                                
                                                
                                                
                                                
                                                
                                                
                                                
                                                
                                                
                                                
                                                
                                                
                                                
                                                
                                                
                                                
                                                
                                                
                                                
                                                
                                                
                                                
                                                
                                                
                                                
                                                
                                                
                                                
                                                
                                                
                                                
                                                
                                                
                                                
                                                
                                                
                                                
                                                
                                                
                                                
                                                
                                                
                                                
                                                
                                                
                                                
                                                
                                                
                                                
                                                
                                                
                                                
                                                
                                                
                                                
                                                
                                                
                                                
                                                
                                                
                                                
                                                
                                                
                                                
                                                
                                                
                                                
                                                
                                                
                                                
                                                
                                                
                                                
                                                
                                                
                                                
                                                
                                                
                                                
                                                
                                                
                                                
                                                
                                                
                                                
                                                
                                                
                                                
                                                
                                                
                                                
                                                
                                                
                                                
                                                
                                                
                                                
                                                
                                                
                                                
                                                
                                                
                                                
                                                
                                                
                                                
                                                
                                                
                                                
                                                
                                                
                                                
                                                
                                                
                                                
                                                
                                                
                                                
                                                
                                                
                                                
                                                
                                                
                                                
                                                
                                                
                                                
                                                
                                                
                                                
                                                
                                                
                                                
                                                
                                                
                                                
                                                
                                                
                                                
                                                
                                                
                                                
                                                
                                                
                                                
                                                
                                                
                                                
                                                
                                                
                                                
                                                
                                                
                                                
                                                
                                                
                                                
                                                
                                                
                                                
                                                
                                                
                                                
                                                
                                                
                                                
                                                
                                                
                                                
                                                
                                                
                                                
                                                
                                                
                                                
                                                
                                                
                                                
                                                
                                                
                                                
                                                
                                                
                                                
                                                
                                                
                                                
                                                
                                                
                                                
                                                
                                                
                                                
                                                
                                                
                                                
                                                
                                                
                                                
                                                
                                                
                                                
                                                
                                                
                                                
                                                
                                                
                                                
                                                
                                                
                                                
                                                
                                                
                                                
                                                
                                                
                                                
                                                
                                                
                                                
                                                
                                                
                                                
                                                
                                                
                                                
                                                
                                                
                                                
                                                
                                                
                                                
                                                
                                                
                                                
                                                
                                                
                                                
                                                
                                                
                                                
                                                
                                                
                                                
                                                
                                                
                                                
                                                
                                                
                                                
                                                
                                                
                                                
                                                
                                                
                                                
                                                
                                                
                                                
                                                
                                                
                                                
                                                
                                                
                                                
                                                
                                                
                                                
                                                
                                                
                                                
                                                
                                                
                                                
                                                
                                                
                                                
                                                
                                                
                                                
                                                
                                                
                                                
                                                
                                                
                                                
                                                
                                                
                                                
                                                
                                                
                                                
                                                
                                                
                                                
                                                
                                                
                                                
                                                
                                                
                                                
                                                
                                                
                                                
                                                
                                                
                                                
                                                
                                                
                                                
                                                
                                                
                                                
                                                
                                                
                                                
                                                
                                                
                                                
                                                
                                                
                                                
                                                
                                                
                                                
                                                
                                                
                                                
                                                
                                                
                                                
                                                
                                                
                                                
                                                
                                                
                                                
                                                
                                                
                                                
                                                
                                                
                                                
                                                
                                                
                                                
                                                
                                                
                                                
                                                
                                                
                                                
                                                
                                                
                                                
                                                
                                                
                                                
                                                
                                                
                                                
                                                
                                                
                                                
                                                
                                                
                                                
                                                
                                                
                                                
                                                
                                                
                                                
                                                
                                                
                                                
                                                
                                                
                                                
                                                
                                                
                                                
                                                
                                                
                                                
                                                
                                                
                                                
                                                
                                                
                                                
                                                
                                                
                                                
                                                
                                                
                                                
                                                
                                                
                                                
                                                
                                                
                                                
                                                
                                                
                                                
                                                
                                                
                                                
                                                
                                                
                                                
                                                
                                                
                                                
                                                
                                                
                                                
                                                
                                                
                                                
                                                
                                                
                                                
                                                
                                                
                                                
                                                
                                                
                                                
                                                
                                                
                                                
                                                
                                                
                                                
                                                
                                                
                                                
                                                
                                                
                                                
                                                
                                                
                                                
                                                
                                                
                                                
                                                
                                                
                                                
                                                
                                                
                                                
                                                
                                                
                                                
                                                
                                                
                                                
                                                
                                                
                                                
                                                
                                                
                                                
                                                
                                                
                                                
                                                
                                                
                                                
                                                
                                                
                                                
                                                
                                                
                                                
                                                
                                                
                                                
                                                
                                                
                                                
                                                
                                                
                                                
                                                
                                                
                                                
                                                
                                                
                                                
                                                
                                                
                                                
                                                
                                                
                                                
                                                
                                                
                                                
                                                
                                                
                                                
                                                
                                                
                                                
                                                
                                                
                                                
                                                
                                                
                                                
                                                
                                                
                                                
                                                
                                                
                                                
                                                
                                                
                                                
                                                
                                                
                                                
                                                
                                                
                                                
                                                
                                                
                                                
                                                
                                                
                                                
                                                
                                                
                                                
                                                
                                                
                                                
                                                
                                                
                                                
                                                
                                                
                                                
                                                
                                                
                                                
                                                
                                                
                                                
                                                
                                                
                                                
                                                
                                                
                                                
                                                
                                                
                                                
                                                
                                                
                                                
                                                
                                                
                                                
                                                
                                                
                                                
                                                
                                                
                                                
                                                
                                                
                                                
                                                
                                                
                                                
                                                
                                                
                                                
                                                
                                                
                                                
                                                
                                                
                                                
                                                
                                                
                                                
                                                
                                                
                                                
                                                
                                                
                                                
                                                
                                                
                                                
                                                
                                                
                                                
                                                
                                                
                                                
                                                
                                                
                                                
                                                
                                                
                                                
                                                
                                                
                                                
                                                
                                                
                                                
                                                
                                                
                                                
                                                
                                                
                                                
                                                
                                                
                                                
                                                
                                                
                                                
                                                
                                                
                                                
                                                
                                                
                                                
                                                
                                                
                                                
                                                
                                                
                                                
                                                
                                                
                                                
                                                
                                                
                                                
                                                
                                                
                                                
                                                
                                                
                                                
                                                
                                                
                                                
                                                
                                                
                                                
                                                
                                                
                                                
                                                
                                                
                                                
                                                
                                                
                                                
                                                
                                                
                                                
                                                
                                                
                                                
                                                
                                                
                                                
                                                
                                                
                                                
                                                
                                                
                                                
                                                
                                                
                                                
                                                
                                                
                                                
                                                
                                                
                                                
                                                
                                                
                                                
                                                
                                                
                                                
                                                
                                                
                                                
                                                
                                                
                                                
                                                
                                                
                                                
                                                
                                                
                                                
                                                
                                                
                                                
                                                
                                                
                                                
                                                
                                                
                                                
                                                
                                                
                                                
                                                
                                                
                                                
                                                
                                                
                                                
                                                
                                                
                                                
                                                
                                                
                                                
                                                
                                                
                                                
                                                
                                                
                                                
                                                
                                                
                                                
                                                
                                                
                                                
                                                
                                                
                                                
                                                
                                                
                                                
                                                
                                                
                                                
                                                
                                                
                                                
                                                
                                                
                                                
                                                
                                                
                                                
                                                
                                                
                                                
                                                
                                                
                                                
                                                
                                                
                                                
                                                
                                                
                                                
                                                
                                                
                                                
                                                
                                                
                                                
                                                
                                                
                                                
                                                
                                                
                                                
                                                
                                                
                                                
                                                
                                                
                                                
                                                
                                                
                                                
                                                
                                                
                                                
                                                
                                                
                                                
                                                
                                                
                                                
                                                
                                                
                                                
                                                
                                                
                                                
                                                
                                                
                                                
                                                
                                                
                                                
                                                
                                                
                                                
                                                
                                                
                                                
                                                
                                                
                                                
                                                
                                                
                                                
                                                
                                                
                                                
                                                
                                                
                                                
                                                
                                                
                                                
                                                
                                                
                                                
                                                
                                                
                                                
                                                
                                                
                                                
                                                
                                                
                                                
                                                
                                                
                                                
                                                
                                                
                                                
                                                
                                                
                                                
                                                
                                                
                                                
                                                
                                                
                                                
                                                
                                                
                                                
                                                
                                                
                                                
                                                
                                                
                                                
                                                
                                                
                                                
                                                
                                                
                                                
                                                
                                                
                                                
                                                
                                                
                                                
                                                
                                                
                                                
                                                
                                                
                                                
                                                
                                                
                                                
                                                
                                                
                                                
                                                
                                                
                                                
                                                
                                                
                                                
                                                
                                                
                                                
                                                
                                                
                                                
                                                
                                                
                                                
                                                
                                                
                                                
                                                
                                                
                                                
                                                
                                                
                                                
                                                
                                                
                                                
                                                
                                                
                                                
                                                
                                                
                                                
                                                
                                                
                                                
                                                
                                                
                                                
                                                
                                                
                                                
                                                
                                                
                                                
                                                
                                                
                                                
                                                
                                                
                                                
                                                
                                                
                                                
                                                
                                                
                                                
                                                
                                                
                                                
                                                
                                                
                                                
                                                
                                                
                                                
                                                
                                                
                                                
                                                
                                                
                                                
                                                
                                                
                                                
                                                
                                                
                                                
                                                
                                                
                                                
                                                
                                                
                                                
                                                
                                                
                                                
                                                
                                                
                                                
                                                
                                                
                                                
                                                
                                                
                                                
                                                
                                                
                                                
                                                
                                                
                                                
                                                
                                                
                                                
                                                
                                                
                                                
                                                
                                                
                                                
                                                
                                                
                                                
                                                
                                                
                                                
                                                
                                                
                                                
                                                
                                                
                                                
                                                
                                                
                                                
                                                
                                                
                                                
                                                
                                                
                                                
                                                
                                                
                                                
                                                
                                                
                                                
                                                
                                                
                                                
                                                
                                                
                                                
                                                
                                                
                                                
                                                
                                                
                                                
                                                
                                                
                                                
                                                
                                                
                                                
                                                
                                                
                                                
                                                
                                                
                                                
                                                
                                                
                                                
                                                
                                                
                                                
                                                
                                                
                                                
                                                
                                                
                                                
                                                
                                                
                                                
                                                
                                                
                                                
                                                
                                                
                                                
                                                
                                                
                                                
                                                
                                                
                                                
                                                
                                                
                                                
                                                
                                                
                                                
                                                
                                                
                                                
                                                
                                                
                                                
                                                
                                                
                                                
                                                
                                                
                                                
                                                
                                                
                                                
                                                
                                                
                                                
                                                
                                                
                                                
                                                
                                                
                                                
                                                
                                                
                                                
                                                
                                                
                                                
                                                
                                                
                                                
                                                
                                                
                                                
                                                
                                                
                                                
                                                
                                                
                                                
                                                
                                                
                                                
                                                
                                                
                                                
                                                
                                                
                                                
                                                
                                                
                                                
                                                
                                                
                                                
                                                
                                                
                                                
                                                
                                                
                                                
                                                
                                                
                                                
                                                
                                                
                                                
                                                
                                                
                                                
                                                
                                                
                                                
                                                
                                                
                                                
                                                
                                                
                                                
                                                
                                                
                                                
                                                
                                                
                                                
                                                
                                                
                                                
                                                
                                                
                                                
                                                
                                                
                                                
                                                
                                                
                                                
                                                
                                                
                                                
                                                
                                                
                                                
                                                
                                                
                                                
                                                
                                                
                                                
                                                
                                                
                                                
                                                
                                                
                                                
                                                
                                                
                                                
                                                
                                                
                                                
                                                
                                                
                                                
                                                
                                                
                                                
                                                
                                                
                                                
                                                
                                                
                                                
                                                
                                                
                                                
                                                
                                                
                                                
                                                
                                                
                                                
                                                
                                                
                                                
                                                
                                                
                                                
                                                
                                                
                                                
                                                
                                                
                                                
                                                
                                                
                                                
                                                
                                                
                                                
                                                
                                                
                                                
                                                
                                                
                                                
                                                
                                                
                                                
                                                
                                                
                                                
                                                
                                                
                                                
                                                
                                                
                                                
                                                
                                                
                                                
                                                
                                                
                                                
                                                
                                                
                                                
                                                
                                                
                                                
                                                
                                                
                                                
                                                
                                                
                                                
                                                
                                                
                                                
                                                
                                                
                                                
                                                
                                                
                                                
                                                
                                                
                                                
                                                
                                                
                                                
                                                
                                                
                                                
                                                
                                                
                                                
                                                
                                                
                                                
                                                
                                                
                                                
                                                
                                                
                                                
                                                
                                                
                                                
                                                
                                                
                                                
                                                
                                                
                                                
                                                
                                                
                                                
                                                
                                                
                                                
                                                
                                                
                                                
                                                
                                                
                                                
                                                
                                                
                                                
                                                
                                                
                                                
                                                
                                                
                                                
                                                
                                                
                                                
                                                
                                                
                                                
                                                
                                                
                                                
                                                
                                                
                                                
                                                
                                                
                                                
                                                
                                                
                                                
                                                
                                                
                                                
                                                
                                                
                                                
                                                
                                                
                                                
                                                
                                                
                                                
                                                
                                                
                                                
                                                
                                                
                                                
                                                
                                                
                                                
                                                
                                                
                                                
                                                
                                                
                                                
                                                
                                                
                                                
                                                
                                                
                                                
                                                
                                                
                                                
                                                
                                                
                                                
                                                
                                                
                                                
                                                
                                                
                                                
                                                
                                                
                                                
                                                
                                                
                                                
                                                
                                                
                                                
                                                
                                                
                                                
                                                
                                                
                                                
                                                
                                                
                                                
                                                
                                                
                                                
                                                
                                                
                                                
                                                
                                                
                                                
                                                
                                                
                                                
                                                
                                                
                                                
                                                
                                                
                                                
                                                
                                                
                                                
                                                
                                                
                                                
                                                
                                                
                                                
# 2427 texture coords

o Mesh1_0
g Mesh1_0
usemtl Material_001
s 1
vt 0.552351 0.612525
vt 0.550476 0.616967
vt 0.545787 0.612713
f  1/1/1 2/2/2 3/3/3

vt 0.552351 0.612525
vt 0.556437 0.614672
vt 0.550476 0.616967
f  1/4/1 4/5/4 2/6/2

vt 0.550476 0.616967
vt 0.556437 0.614672
vt 0.556437 0.650306
f  2/7/2 4/8/4 5/9/5

vt 0.550476 0.616967
vt 0.556437 0.650306
vt 0.551510 0.654772
f  2/10/2 5/11/5 6/12/6

vt 0.082443 0.746155
vt 0.087399 0.742516
vt 0.119933 0.745999
f  6/13/6 7/14/7 8/15/8

vt 0.119933 0.745999
vt 0.154732 0.738603
vt 0.156295 0.743983
f  8/16/8 9/17/9 10/18/10

vt 0.156295 0.743983
vt 0.161245 0.739715
vt 0.160184 0.743776
f  10/19/10 11/20/11 12/21/12

vt 0.160184 0.743776
vt 0.161245 0.739715
vt 0.168259 0.739151
f  12/22/12 11/23/11 13/24/13

vt 0.160184 0.743776
vt 0.168259 0.739151
vt 0.271846 0.745083
f  12/25/12 13/26/13 14/27/14

vt 0.168259 0.739151
vt 0.235683 0.740004
vt 0.271846 0.745083
f  13/28/13 15/29/15 14/30/14

vt 0.369736 0.181623
vt 0.369247 0.233696
vt 0.367075 0.199715
f  15/31/15 16/32/16 14/33/14

vt 0.367075 0.199715
vt 0.369247 0.233696
vt 0.366708 0.237848
f  14/34/14 16/35/16 17/36/17

vt 0.340277 0.742492
vt 0.369135 0.742137
vt 0.348897 0.747276
f  16/37/16 18/38/18 17/39/17

vt 0.369135 0.742137
vt 0.410500 0.742183
vt 0.348897 0.747276
f  18/40/18 19/41/19 17/42/17

vt 0.348897 0.747276
vt 0.410500 0.742183
vt 0.466721 0.746196
f  17/43/17 19/44/19 20/45/20

vt 0.410500 0.742183
vt 0.435473 0.741686
vt 0.466721 0.746196
f  19/46/19 21/47/21 20/48/20

vt 0.435473 0.741686
vt 0.465495 0.742175
vt 0.466721 0.746196
f  21/49/21 22/50/22 20/51/20

vt 0.466721 0.746196
vt 0.465495 0.742175
vt 0.471827 0.747945
f  20/52/20 22/53/22 23/54/23

vt 0.549718 0.609651
vt 0.552351 0.612525
vt 0.545787 0.612713
f  4/55/4 1/56/1 3/57/3

vt 0.082443 0.746155
vt 0.082110 0.736345
vt 0.087399 0.742516
f  6/58/6 24/59/24 7/60/7

vt 0.119933 0.745999
vt 0.116483 0.736330
vt 0.154732 0.738603
f  8/61/8 25/62/25 9/63/9

vt 0.156295 0.743983
vt 0.154732 0.738603
vt 0.156739 0.729867
f  10/64/10 9/65/9 26/66/26

vt 0.156295 0.743983
vt 0.156739 0.729867
vt 0.161245 0.739715
f  10/67/10 26/68/26 11/69/11

vt 0.226577 0.731645
vt 0.243640 0.727247
vt 0.235683 0.740004
f  27/70/27 28/71/28 15/72/15

vt 0.340277 0.742492
vt 0.361296 0.732220
vt 0.369135 0.742137
f  16/73/16 29/74/29 18/75/18

vt 0.556437 0.614672
vt 0.560719 0.620266
vt 0.556437 0.650306
f  4/76/4 30/77/30 5/78/5

vt 0.082443 0.746155
vt 0.073245 0.740502
vt 0.082110 0.736345
f  6/79/6 5/80/5 24/81/24

vt 0.097195 0.736079
vt 0.087399 0.742516
vt 0.082110 0.736345
f  31/82/31 7/83/7 24/84/24

vt 0.097195 0.736079
vt 0.116483 0.736330
vt 0.087399 0.742516
f  31/85/31 25/86/25 7/87/7

vt 0.116483 0.736330
vt 0.119933 0.745999
vt 0.087399 0.742516
f  25/88/25 8/89/8 7/90/7

vt 0.168259 0.739151
vt 0.161245 0.739715
vt 0.156739 0.729867
f  13/91/13 11/92/11 26/93/26

vt 0.161649 0.723040
vt 0.160845 0.716962
vt 0.168259 0.739151
f  32/94/32 33/95/33 13/96/13

vt 0.160845 0.716962
vt 0.235683 0.740004
vt 0.168259 0.739151
f  33/97/33 15/98/15 13/99/13

vt 0.160845 0.716962
vt 0.226577 0.731645
vt 0.235683 0.740004
f  33/100/33 27/101/27 15/102/15

vt 0.381668 0.180406
vt 0.369247 0.233696
vt 0.369736 0.181623
f  34/103/34 16/104/16 15/105/15

vt 0.381668 0.180406
vt 0.381221 0.232155
vt 0.369247 0.233696
f  34/106/34 35/107/35 16/108/16

vt 0.419317 0.731835
vt 0.435473 0.741686
vt 0.410500 0.742183
f  36/109/36 21/110/21 19/111/19

vt 0.560719 0.620266
vt 0.560572 0.654437
vt 0.556437 0.650306
f  30/112/30 24/113/24 5/114/5

vt 0.340277 0.742492
vt 0.333703 0.732242
vt 0.361296 0.732220
f  16/115/16 37/116/37 29/117/29

vt 0.465495 0.742175
vt 0.474395 0.728478
vt 0.471827 0.747945
f  22/118/22 38/119/38 23/120/23

vt 0.283877 0.492490
vt 0.265660 0.493216
vt 0.269353 0.486935
f  39/121/39 40/122/40 41/123/41

vt 0.008276 0.731775
vt 0.008486 0.720886
vt 0.020679 0.731371
f  4/124/4 42/125/42 30/126/30

vt 0.020679 0.731371
vt 0.008486 0.720886
vt 0.018278 0.724972
f  30/127/30 42/128/42 43/129/43

vt 0.073930 0.729297
vt 0.097195 0.736079
vt 0.082110 0.736345
f  44/130/44 31/131/31 24/132/24

vt 0.073930 0.729297
vt 0.094892 0.728544
vt 0.097195 0.736079
f  44/133/44 45/134/45 31/135/31

vt 0.116483 0.736330
vt 0.156739 0.729867
vt 0.154732 0.738603
f  25/136/25 26/137/26 9/138/9

vt 0.366578 0.719367
vt 0.410500 0.742183
vt 0.369135 0.742137
f  46/139/46 19/140/19 18/141/18

vt 0.432693 0.720081
vt 0.435473 0.741686
vt 0.419317 0.731835
f  47/142/47 21/143/21 36/144/36

vt 0.008486 0.720886
vt 0.008276 0.731775
vt 0.000163 0.733628
f  42/145/42 4/146/4 3/147/3

vt 0.134136 0.563837
vt 0.131424 0.553849
vt 0.137367 0.558874
f  16/148/16 35/149/35 37/150/37

vt 0.018278 0.724972
vt 0.073930 0.729297
vt 0.020679 0.731371
f  43/151/43 44/152/44 30/153/30

vt 0.020679 0.731371
vt 0.073930 0.729297
vt 0.082110 0.736345
f  30/154/30 44/155/44 24/156/24

vt 0.118872 0.729776
vt 0.116483 0.736330
vt 0.097195 0.736079
f  48/157/48 25/158/25 31/159/31

vt 0.118872 0.729776
vt 0.156739 0.729867
vt 0.116483 0.736330
f  48/160/48 26/161/26 25/162/25

vt 0.156739 0.729867
vt 0.161649 0.723040
vt 0.168259 0.739151
f  26/163/26 32/164/32 13/165/13

vt 0.226577 0.731645
vt 0.233379 0.718163
vt 0.243640 0.727247
f  27/166/27 34/167/34 28/168/28

vt 0.366578 0.719367
vt 0.419317 0.731835
vt 0.410500 0.742183
f  46/169/46 36/170/36 19/171/19

vt 0.000855 0.705641
vt 0.008486 0.720886
vt 0.000163 0.733628
f  49/172/49 42/173/42 3/174/3

vt 0.094892 0.728544
vt 0.118872 0.729776
vt 0.097195 0.736079
f  45/175/45 48/176/48 31/177/31

vt 0.474395 0.728478
vt 0.465495 0.742175
vt 0.470125 0.722828
f  38/178/38 22/179/22 50/180/50

vt 0.283666 0.481405
vt 0.283877 0.492490
vt 0.269353 0.486935
f  51/181/51 39/182/39 41/183/41

vt 0.283877 0.492490
vt 0.259907 0.496818
vt 0.265660 0.493216
f  39/184/39 52/185/52 40/186/40

vt 0.008486 0.720886
vt 0.026384 0.718642
vt 0.018278 0.724972
f  42/187/42 53/188/53 43/189/43

vt 0.018278 0.724972
vt 0.026384 0.718642
vt 0.038248 0.720701
f  43/190/43 53/191/53 54/192/54

vt 0.038248 0.720701
vt 0.073930 0.729297
vt 0.018278 0.724972
f  54/193/54 44/194/44 43/195/43

vt 0.038248 0.720701
vt 0.081005 0.721145
vt 0.073930 0.729297
f  54/196/54 55/197/55 44/198/44

vt 0.081005 0.721145
vt 0.089600 0.721590
vt 0.073930 0.729297
f  55/199/55 56/200/56 44/201/44

vt 0.073930 0.729297
vt 0.089600 0.721590
vt 0.094892 0.728544
f  44/202/44 56/203/56 45/204/45

vt 0.089600 0.721590
vt 0.096398 0.721234
vt 0.094892 0.728544
f  56/205/56 57/206/57 45/207/45

vt 0.096398 0.721234
vt 0.112245 0.721734
vt 0.118872 0.729776
f  57/208/57 58/209/58 48/210/48

vt 0.096398 0.721234
vt 0.118872 0.729776
vt 0.094892 0.728544
f  57/211/57 48/212/48 45/213/45

vt 0.112245 0.721734
vt 0.145304 0.722993
vt 0.118872 0.729776
f  58/214/58 59/215/59 48/216/48

vt 0.118872 0.729776
vt 0.145304 0.722993
vt 0.156739 0.729867
f  48/217/48 59/218/59 26/219/26

vt 0.145304 0.722993
vt 0.161649 0.723040
vt 0.156739 0.729867
f  59/220/59 32/221/32 26/222/26

vt 0.333703 0.732242
vt 0.337042 0.719012
vt 0.361296 0.732220
f  37/223/37 35/224/35 29/225/29

vt 0.361296 0.732220
vt 0.366578 0.719367
vt 0.369135 0.742137
f  29/226/29 46/227/46 18/228/18

vt 0.525406 0.024584
vt 0.496263 0.019338
vt 0.520180 0.016176
f  60/229/60 61/230/61 62/231/62

vt 0.465495 0.742175
vt 0.465829 0.720710
vt 0.470125 0.722828
f  22/232/22 63/233/63 50/234/50

vt 0.283877 0.492490
vt 0.274162 0.500918
vt 0.259907 0.496818
f  39/235/39 64/236/64 52/237/52

vt 0.898139 0.020859
vt 0.888772 0.038604
vt 0.890286 0.026681
f  65/238/65 66/239/66 67/240/67

vt 0.000855 0.705641
vt 0.012585 0.715448
vt 0.008486 0.720886
f  49/241/49 68/242/68 42/243/42

vt 0.008486 0.720886
vt 0.012585 0.715448
vt 0.026384 0.718642
f  42/244/42 68/245/68 53/246/53

vt 0.026384 0.718642
vt 0.040587 0.714370
vt 0.038248 0.720701
f  53/247/53 69/248/69 54/249/54

vt 0.038248 0.720701
vt 0.040587 0.714370
vt 0.081005 0.721145
f  54/250/54 69/251/69 55/252/55

vt 0.040587 0.714370
vt 0.084060 0.714614
vt 0.081005 0.721145
f  69/253/69 70/254/70 55/255/55

vt 0.089600 0.721590
vt 0.097779 0.714652
vt 0.096398 0.721234
f  56/256/56 71/257/71 57/258/57

vt 0.097779 0.714652
vt 0.112245 0.721734
vt 0.096398 0.721234
f  71/259/71 58/260/58 57/261/57

vt 0.112482 0.714324
vt 0.147340 0.715629
vt 0.112245 0.721734
f  72/262/72 73/263/73 58/264/58

vt 0.112245 0.721734
vt 0.147340 0.715629
vt 0.145304 0.722993
f  58/265/58 73/266/73 59/267/59

vt 0.145304 0.722993
vt 0.147340 0.715629
vt 0.161649 0.723040
f  59/268/59 73/269/73 32/270/32

vt 0.147340 0.715629
vt 0.160845 0.716962
vt 0.161649 0.723040
f  73/271/73 33/272/33 32/273/32

vt 0.160845 0.716962
vt 0.233379 0.718163
vt 0.226577 0.731645
f  33/274/33 34/275/34 27/276/27

vt 0.375628 0.176159
vt 0.381668 0.180406
vt 0.369736 0.181623
f  28/277/28 34/278/34 15/279/15

vt 0.337042 0.719012
vt 0.366578 0.719367
vt 0.361296 0.732220
f  35/280/35 46/281/46 29/282/29

vt 0.071008 0.847432
vt 0.083837 0.841196
vt 0.087940 0.841550
f  60/283/60 74/284/74 75/285/75

vt 0.083837 0.841196
vt 0.071008 0.847432
vt 0.063409 0.836947
f  74/286/74 60/287/60 76/288/76

vt 0.063409 0.836947
vt 0.071008 0.847432
vt 0.059373 0.839933
f  76/289/76 60/290/60 62/291/62

vt 0.435473 0.741686
vt 0.432693 0.720081
vt 0.465495 0.742175
f  21/292/21 47/293/47 22/294/22

vt 0.432693 0.720081
vt 0.465829 0.720710
vt 0.465495 0.742175
f  47/295/47 63/296/63 22/297/22

vt 0.470125 0.722828
vt 0.474567 0.718404
vt 0.474395 0.728478
f  50/298/50 77/299/77 38/300/38

vt 0.465539 0.029610
vt 0.465539 0.039868
vt 0.454916 0.029610
f  39/301/39 51/302/51 64/303/64

vt 0.269353 0.486935
vt 0.262829 0.482081
vt 0.283666 0.481405
f  41/304/41 78/305/78 51/306/51

vt 0.265660 0.493216
vt 0.262829 0.482081
vt 0.269353 0.486935
f  40/307/40 78/308/78 41/309/41

vt 0.903288 0.019735
vt 0.903595 0.040038
vt 0.898139 0.020859
f  79/310/79 80/311/80 65/312/65

vt 0.888772 0.038604
vt 0.898139 0.020859
vt 0.897848 0.038351
f  66/313/66 65/314/65 81/315/81

vt 0.898139 0.020859
vt 0.903595 0.040038
vt 0.897848 0.038351
f  65/316/65 80/317/80 81/318/81

vt 0.012585 0.715448
vt 0.030201 0.712929
vt 0.026384 0.718642
f  68/319/68 82/320/82 53/321/53

vt 0.026384 0.718642
vt 0.030201 0.712929
vt 0.040587 0.714370
f  53/322/53 82/323/82 69/324/69

vt 0.084060 0.714614
vt 0.089600 0.721590
vt 0.081005 0.721145
f  70/325/70 56/326/56 55/327/55

vt 0.084060 0.714614
vt 0.097779 0.714652
vt 0.089600 0.721590
f  70/328/70 71/329/71 56/330/56

vt 0.097779 0.714652
vt 0.112482 0.714324
vt 0.112245 0.721734
f  71/331/71 72/332/72 58/333/58

vt 0.366578 0.719367
vt 0.432693 0.720081
vt 0.419317 0.731835
f  46/334/46 47/335/47 36/336/36

vt 0.470125 0.722828
vt 0.465829 0.720710
vt 0.474567 0.718404
f  50/337/50 63/338/63 77/339/77

vt 0.474567 0.718404
vt 0.487084 0.716283
vt 0.474395 0.728478
f  77/340/77 83/341/83 38/342/38

vt 0.865265 0.634643
vt 0.869515 0.634643
vt 0.868892 0.638281
f  84/343/84 85/344/85 86/345/86

vt 0.868892 0.638281
vt 0.874851 0.636265
vt 0.885744 0.637627
f  86/346/86 87/347/87 88/348/88

vt 0.970888 0.350514
vt 0.967493 0.367046
vt 0.964073 0.361309
f  89/349/89 90/350/90 91/351/91

vt 0.970888 0.350514
vt 0.964073 0.361309
vt 0.966558 0.349742
f  89/352/89 91/353/91 92/354/92

vt 0.970888 0.350514
vt 0.966558 0.349742
vt 0.966552 0.345319
f  89/355/89 92/356/92 93/357/93

vt 0.970888 0.350514
vt 0.966552 0.345319
vt 0.970430 0.325819
f  89/358/89 93/359/93 94/360/94

vt 0.970430 0.325819
vt 0.966552 0.345319
vt 0.966376 0.333775
f  94/361/94 93/362/93 95/363/95

vt 0.970430 0.325819
vt 0.966376 0.333775
vt 0.965819 0.323162
f  94/364/94 95/365/95 96/366/96

vt 0.970430 0.325819
vt 0.965819 0.323162
vt 0.965082 0.314847
f  94/367/94 96/368/96 97/369/97

vt 0.970430 0.325819
vt 0.965082 0.314847
vt 0.966542 0.302718
f  94/370/94 97/371/97 98/372/98

vt 0.868892 0.638281
vt 0.860033 0.633678
vt 0.865265 0.634643
f  86/373/86 99/374/99 84/375/84

vt 0.868892 0.638281
vt 0.869515 0.634643
vt 0.874851 0.636265
f  86/376/86 85/377/85 87/378/87

vt 0.450163 0.023639
vt 0.454916 0.029610
vt 0.447369 0.024649
f  100/379/100 64/380/64 101/381/101

vt 0.465539 0.039868
vt 0.467558 0.041333
vt 0.463690 0.041039
f  51/382/51 102/383/102 103/384/103

vt 0.467558 0.041333
vt 0.475867 0.042986
vt 0.470613 0.046918
f  102/385/102 104/386/104 105/387/105

vt 0.265556 0.507047
vt 0.261890 0.503381
vt 0.274162 0.500918
f  100/388/100 106/389/106 64/390/64

vt 0.274162 0.500918
vt 0.261890 0.503381
vt 0.259907 0.496818
f  64/391/64 106/392/106 52/393/52

vt 0.928490 0.441689
vt 0.925756 0.438040
vt 0.928490 0.433295
f  102/394/102 107/395/107 104/396/104

vt 0.265556 0.507047
vt 0.250583 0.505023
vt 0.261890 0.503381
f  100/397/100 108/398/108 106/399/106

vt 0.928490 0.433295
vt 0.925756 0.438040
vt 0.923738 0.434172
f  104/400/104 107/401/107 109/402/109

vt 0.283666 0.481405
vt 0.262829 0.482081
vt 0.263712 0.477488
f  51/403/51 78/404/78 109/405/109

vt 0.261890 0.503381
vt 0.250583 0.505023
vt 0.259907 0.496818
f  106/406/106 108/407/108 52/408/52

vt 0.418394 0.497313
vt 0.420322 0.485438
vt 0.421728 0.500309
f  110/409/110 111/410/111 112/411/112

vt 0.084947 0.527348
vt 0.080824 0.526198
vt 0.088943 0.526198
f  113/412/113 114/413/114 115/414/115

vt 0.956194 0.833317
vt 0.918161 0.814752
vt 0.956237 0.814748
f  115/415/115 116/416/116 117/417/117

vt 0.921446 0.460069
vt 0.928490 0.451178
vt 0.924510 0.459369
f  118/418/118 119/419/119 120/420/120

vt 0.084947 0.527348
vt 0.083011 0.529965
vt 0.080824 0.526198
f  113/421/113 121/422/121 114/423/114

vt 0.904485 0.459504
vt 0.928490 0.451178
vt 0.921446 0.460069
f  122/424/122 119/425/119 118/426/118

vt 0.904485 0.459504
vt 0.919004 0.446241
vt 0.928490 0.451178
f  122/427/122 79/428/79 119/429/119

vt 0.928490 0.451178
vt 0.919004 0.446241
vt 0.923777 0.445113
f  119/430/119 79/431/79 65/432/65

vt 0.956194 0.833317
vt 0.947599 0.838127
vt 0.918161 0.814752
f  115/433/115 114/434/114 116/435/116

vt 0.913014 0.003923
vt 0.903595 0.040038
vt 0.903288 0.019735
f  122/436/122 80/437/80 79/438/79

vt 0.913014 0.003923
vt 0.913080 0.035103
vt 0.903595 0.040038
f  122/439/122 123/440/123 80/441/80

vt 0.897848 0.038351
vt 0.888924 0.041332
vt 0.888772 0.038604
f  81/442/81 124/443/124 66/444/66

vt 0.903595 0.040038
vt 0.888924 0.041332
vt 0.897848 0.038351
f  80/445/80 124/446/124 81/447/81

vt 0.903595 0.040038
vt 0.892247 0.057280
vt 0.888924 0.041332
f  80/448/80 125/449/125 124/450/124

vt 0.947599 0.838127
vt 0.845846 0.814687
vt 0.918161 0.814752
f  114/451/114 126/452/126 116/453/116

vt 0.833532 0.835623
vt 0.845846 0.814687
vt 0.947599 0.838127
f  127/454/127 126/455/126 114/456/114

vt 0.913080 0.035103
vt 0.892247 0.057280
vt 0.903595 0.040038
f  123/457/123 125/458/125 80/459/80

vt 0.836236 0.838681
vt 0.833532 0.835623
vt 0.947599 0.838127
f  128/460/128 127/461/127 114/462/114

vt 0.913080 0.035103
vt 0.912821 0.065809
vt 0.892247 0.057280
f  123/463/123 129/464/129 125/465/125

vt 0.892247 0.057280
vt 0.889461 0.086150
vt 0.888924 0.041332
f  125/466/125 130/467/130 124/468/124

vt 0.480672 0.000163
vt 0.482101 0.019903
vt 0.479243 0.022641
f  127/469/127 131/470/131 132/471/132

vt 0.892247 0.057280
vt 0.892867 0.101309
vt 0.889461 0.086150
f  125/472/125 133/473/133 130/474/130

vt 0.912821 0.065809
vt 0.892867 0.101309
vt 0.892247 0.057280
f  129/475/129 133/476/133 125/477/125

vt 0.912821 0.065809
vt 0.913353 0.112257
vt 0.892867 0.101309
f  129/478/129 134/479/134 133/480/133

vt 0.482101 0.019903
vt 0.482101 0.025406
vt 0.480327 0.025549
f  131/481/131 135/482/135 136/483/136

vt 0.482101 0.019903
vt 0.480327 0.025549
vt 0.479243 0.022641
f  131/484/131 136/485/136 132/486/132

vt 0.965973 0.480566
vt 0.965973 0.491743
vt 0.964131 0.481789
f  136/487/136 127/488/127 132/489/132

vt 0.833532 0.835623
vt 0.771099 0.814850
vt 0.845846 0.814687
f  127/490/127 137/491/137 126/492/126

vt 0.808570 0.838672
vt 0.738249 0.835610
vt 0.833532 0.835623
f  136/493/136 138/494/138 127/495/127

vt 0.833532 0.835623
vt 0.738249 0.835610
vt 0.771099 0.814850
f  127/496/127 138/497/138 137/498/137

vt 0.808570 0.838672
vt 0.808713 0.841816
vt 0.732146 0.838668
f  136/499/136 135/500/135 139/501/139

vt 0.808570 0.838672
vt 0.732146 0.838668
vt 0.738249 0.835610
f  136/502/136 139/503/139 138/504/138

vt 0.738249 0.835610
vt 0.728135 0.814674
vt 0.771099 0.814850
f  138/505/138 140/506/140 137/507/137

vt 0.840397 0.045326
vt 0.868039 0.047226
vt 0.825918 0.047223
f  133/508/133 141/509/141 130/510/130

vt 0.738249 0.835610
vt 0.646253 0.814675
vt 0.728135 0.814674
f  138/511/138 142/512/142 140/513/140

vt 0.850960 0.033167
vt 0.887794 0.045303
vt 0.840397 0.045326
f  134/514/134 143/515/143 133/516/133

vt 0.840397 0.045326
vt 0.887794 0.045303
vt 0.868039 0.047226
f  133/517/133 143/518/143 141/519/141

vt 0.732146 0.838668
vt 0.630801 0.835454
vt 0.738249 0.835610
f  139/520/139 144/521/144 138/522/138

vt 0.732146 0.838668
vt 0.625238 0.838662
vt 0.630801 0.835454
f  139/523/139 145/524/145 144/525/144

vt 0.884579 0.570925
vt 0.857345 0.567899
vt 0.903280 0.567900
f  143/526/143 146/527/146 141/528/141

vt 0.630801 0.835454
vt 0.646253 0.814675
vt 0.738249 0.835610
f  144/529/144 142/530/142 138/531/138

vt 0.173734 0.578071
vt 0.240050 0.578206
vt 0.219718 0.601245
f  134/532/134 147/533/147 143/534/143

vt 0.240050 0.578206
vt 0.286741 0.601383
vt 0.219718 0.601245
f  147/535/147 148/536/148 143/537/143

vt 0.219718 0.601245
vt 0.286741 0.601383
vt 0.255644 0.604920
f  143/538/143 148/539/148 146/540/146

vt 0.240050 0.578206
vt 0.276252 0.578099
vt 0.286741 0.601383
f  147/541/147 149/542/149 148/543/148

vt 0.625238 0.838662
vt 0.529945 0.835508
vt 0.630801 0.835454
f  145/544/145 150/545/150 144/546/144

vt 0.630801 0.835454
vt 0.574432 0.814774
vt 0.646253 0.814675
f  144/547/144 151/548/151 142/549/142

vt 0.625238 0.838662
vt 0.495694 0.838653
vt 0.529945 0.835508
f  145/550/145 152/551/152 150/552/150

vt 0.630801 0.835454
vt 0.529945 0.835508
vt 0.574432 0.814774
f  144/553/144 150/554/150 151/555/151

vt 0.574432 0.814774
vt 0.529945 0.835508
vt 0.531506 0.815363
f  151/556/151 150/557/150 153/558/153

vt 0.529945 0.835508
vt 0.494561 0.815628
vt 0.531506 0.815363
f  150/559/150 154/560/154 153/561/153

vt 0.276252 0.578099
vt 0.345110 0.578100
vt 0.286741 0.601383
f  149/562/149 155/563/155 148/564/148

vt 0.286741 0.601383
vt 0.332322 0.604894
vt 0.255644 0.604920
f  148/565/148 156/566/156 146/567/146

vt 0.255644 0.604920
vt 0.332322 0.604894
vt 0.331250 0.608674
f  146/568/146 156/569/156 49/570/49

vt 0.286741 0.601383
vt 0.345110 0.578100
vt 0.332322 0.604894
f  148/571/148 155/572/155 156/573/156

vt 0.019584 0.671075
vt 0.033110 0.710493
vt 0.001980 0.701413
f  155/574/155 157/575/157 156/576/156

vt 0.001980 0.701413
vt 0.013491 0.712375
vt 0.000855 0.705641
f  156/577/156 158/578/158 49/579/49

vt 0.000855 0.705641
vt 0.013491 0.712375
vt 0.012585 0.715448
f  49/580/49 158/581/158 68/582/68

vt 0.001980 0.701413
vt 0.033110 0.710493
vt 0.013491 0.712375
f  156/583/156 157/584/157 158/585/158

vt 0.012585 0.715448
vt 0.013491 0.712375
vt 0.030201 0.712929
f  68/586/68 158/587/158 82/588/82

vt 0.494561 0.815628
vt 0.529945 0.835508
vt 0.458420 0.814686
f  154/589/154 150/590/150 159/591/159

vt 0.013491 0.712375
vt 0.033110 0.710493
vt 0.030201 0.712929
f  158/592/158 157/593/157 82/594/82

vt 0.495694 0.838653
vt 0.376389 0.835543
vt 0.529945 0.835508
f  152/595/152 160/596/160 150/597/150

vt 0.529945 0.835508
vt 0.376389 0.835543
vt 0.458420 0.814686
f  150/598/150 160/599/160 159/600/159

vt 0.019584 0.671075
vt 0.109525 0.669772
vt 0.033110 0.710493
f  155/601/155 161/602/161 157/603/157

vt 0.030201 0.712929
vt 0.033110 0.710493
vt 0.040587 0.714370
f  82/604/82 157/605/157 69/606/69

vt 0.033110 0.710493
vt 0.109525 0.669772
vt 0.086862 0.710504
f  157/607/157 161/608/161 162/609/162

vt 0.376389 0.835543
vt 0.417841 0.814662
vt 0.458420 0.814686
f  160/610/160 163/611/163 159/612/159

vt 0.040587 0.714370
vt 0.033110 0.710493
vt 0.084060 0.714614
f  69/613/69 157/614/157 70/615/70

vt 0.033110 0.710493
vt 0.086862 0.710504
vt 0.084060 0.714614
f  157/616/157 162/617/162 70/618/70

vt 0.495694 0.838653
vt 0.344648 0.838653
vt 0.376389 0.835543
f  152/619/152 164/620/164 160/621/160

vt 0.376389 0.835543
vt 0.354657 0.814680
vt 0.417841 0.814662
f  160/622/160 165/623/165 163/624/163

vt 0.084060 0.714614
vt 0.086862 0.710504
vt 0.097779 0.714652
f  70/625/70 162/626/162 71/627/71

vt 0.109525 0.669772
vt 0.104503 0.709944
vt 0.086862 0.710504
f  161/628/161 166/629/166 162/630/162

vt 0.086862 0.710504
vt 0.104503 0.709944
vt 0.097779 0.714652
f  162/631/162 166/632/166 71/633/71

vt 0.109525 0.669772
vt 0.148436 0.711546
vt 0.104503 0.709944
f  161/634/161 167/635/167 166/636/166

vt 0.104503 0.709944
vt 0.112482 0.714324
vt 0.097779 0.714652
f  166/637/166 72/638/72 71/639/71

vt 0.104503 0.709944
vt 0.148436 0.711546
vt 0.112482 0.714324
f  166/640/166 167/641/167 72/642/72

vt 0.148436 0.711546
vt 0.147340 0.715629
vt 0.112482 0.714324
f  167/643/167 73/644/73 72/645/72

vt 0.148436 0.711546
vt 0.109525 0.669772
vt 0.174012 0.671036
f  167/646/167 161/647/161 168/648/168

vt 0.148436 0.711546
vt 0.160845 0.716962
vt 0.147340 0.715629
f  167/649/167 33/650/33 73/651/73

vt 0.376389 0.835543
vt 0.294006 0.814790
vt 0.354657 0.814680
f  160/652/160 169/653/169 165/654/165

vt 0.344648 0.838653
vt 0.291001 0.841906
vt 0.262990 0.838257
f  164/655/164 170/656/170 171/657/171

vt 0.344648 0.838653
vt 0.262990 0.838257
vt 0.376389 0.835543
f  164/658/164 171/659/171 160/660/160

vt 0.174012 0.671036
vt 0.234015 0.713265
vt 0.148436 0.711546
f  168/661/168 172/662/172 167/663/167

vt 0.376389 0.835543
vt 0.264433 0.814691
vt 0.294006 0.814790
f  160/664/160 173/665/173 169/666/169

vt 0.148436 0.711546
vt 0.234015 0.713265
vt 0.160845 0.716962
f  167/667/167 172/668/172 33/669/33

vt 0.376389 0.835543
vt 0.262990 0.838257
vt 0.264433 0.814691
f  160/670/160 171/671/171 173/672/173

vt 0.160845 0.716962
vt 0.234015 0.713265
vt 0.233379 0.718163
f  33/673/33 172/674/172 34/675/34

vt 0.174012 0.671036
vt 0.252470 0.672139
vt 0.234015 0.713265
f  168/676/168 174/677/174 172/678/172

vt 0.233379 0.718163
vt 0.234015 0.713265
vt 0.337042 0.719012
f  34/679/34 172/680/172 35/681/35

vt 0.262990 0.838257
vt 0.161041 0.835441
vt 0.264433 0.814691
f  171/682/171 175/683/175 173/684/173

vt 0.291001 0.841906
vt 0.158962 0.841782
vt 0.262990 0.838257
f  170/685/170 176/686/176 171/687/171

vt 0.234015 0.713265
vt 0.331349 0.714216
vt 0.337042 0.719012
f  172/688/172 177/689/177 35/690/35

vt 0.158962 0.841782
vt 0.162408 0.838614
vt 0.262990 0.838257
f  176/691/176 178/692/178 171/693/171

vt 0.262990 0.838257
vt 0.162408 0.838614
vt 0.161041 0.835441
f  171/694/171 178/695/178 175/696/175

vt 0.252470 0.672139
vt 0.331349 0.714216
vt 0.234015 0.713265
f  174/697/174 177/698/177 172/699/172

vt 0.264433 0.814691
vt 0.161041 0.835441
vt 0.202140 0.814665
f  173/700/173 175/701/175 179/702/179

vt 0.252470 0.672139
vt 0.322703 0.672609
vt 0.331349 0.714216
f  174/703/174 180/704/180 177/705/177

vt 0.202140 0.814665
vt 0.161041 0.835441
vt 0.146895 0.814784
f  179/706/179 175/707/175 181/708/181

vt 0.412503 0.715069
vt 0.331349 0.714216
vt 0.322703 0.672609
f  182/709/182 177/710/177 180/711/180

vt 0.337042 0.719012
vt 0.331349 0.714216
vt 0.366578 0.719367
f  35/712/35 177/713/177 46/714/46

vt 0.381474 0.673044
vt 0.412503 0.715069
vt 0.322703 0.672609
f  183/715/183 182/716/182 180/717/180

vt 0.158962 0.841782
vt 0.087940 0.841550
vt 0.162408 0.838614
f  176/718/176 75/719/75 178/720/178

vt 0.161041 0.835441
vt 0.098407 0.814715
vt 0.146895 0.814784
f  175/721/175 184/722/184 181/723/181

vt 0.366578 0.719367
vt 0.412503 0.715069
vt 0.432693 0.720081
f  46/724/46 182/725/182 47/726/47

vt 0.331349 0.714216
vt 0.412503 0.715069
vt 0.366578 0.719367
f  177/727/177 182/728/182 46/729/46

vt 0.087940 0.841550
vt 0.086227 0.837038
vt 0.162408 0.838614
f  75/730/75 185/731/185 178/732/178

vt 0.162408 0.838614
vt 0.086227 0.837038
vt 0.161041 0.835441
f  178/733/178 185/734/185 175/735/175

vt 0.461954 0.673361
vt 0.412503 0.715069
vt 0.381474 0.673044
f  186/736/186 182/737/182 183/738/183

vt 0.161041 0.835441
vt 0.086227 0.837038
vt 0.098407 0.814715
f  175/739/175 185/740/185 184/741/184

vt 0.087940 0.841550
vt 0.083837 0.841196
vt 0.086227 0.837038
f  75/742/75 74/743/74 185/744/185

vt 0.098407 0.814715
vt 0.086227 0.837038
vt 0.060465 0.814760
f  184/745/184 185/746/185 187/747/187

vt 0.083837 0.841196
vt 0.063409 0.836947
vt 0.086227 0.837038
f  74/748/74 76/749/76 185/750/185

vt 0.412503 0.715069
vt 0.461954 0.673361
vt 0.469510 0.716754
f  182/751/182 186/752/186 188/753/188

vt 0.086227 0.837038
vt 0.063409 0.836947
vt 0.060465 0.814760
f  185/754/185 76/755/76 187/756/187

vt 0.461954 0.673361
vt 0.488941 0.711759
vt 0.469510 0.716754
f  186/757/186 189/758/189 188/759/188

vt 0.432693 0.720081
vt 0.412503 0.715069
vt 0.465829 0.720710
f  47/760/47 182/761/182 63/762/63

vt 0.412503 0.715069
vt 0.469510 0.716754
vt 0.465829 0.720710
f  182/763/182 188/764/188 63/765/63

vt 0.465829 0.720710
vt 0.469510 0.716754
vt 0.474567 0.718404
f  63/766/63 188/767/188 77/768/77

vt 0.496263 0.019338
vt 0.495934 0.016176
vt 0.520180 0.016176
f  61/769/61 190/770/190 62/771/62

vt 0.059373 0.839933
vt 0.008781 0.838693
vt 0.063409 0.836947
f  62/772/62 190/773/190 76/774/76

vt 0.063409 0.836947
vt 0.008781 0.838693
vt 0.060465 0.814760
f  76/775/76 190/776/190 187/777/187

vt 0.469510 0.716754
vt 0.488941 0.711759
vt 0.474567 0.718404
f  188/778/188 189/779/189 77/780/77

vt 0.060465 0.814760
vt 0.008781 0.838693
vt 0.000163 0.814681
f  187/781/187 190/782/190 191/783/191

vt 0.474567 0.718404
vt 0.488941 0.711759
vt 0.487084 0.716283
f  77/784/77 189/785/189 83/786/83

vt 0.461954 0.673361
vt 0.512903 0.687952
vt 0.488941 0.711759
f  186/787/186 101/788/101 189/789/189

vt 0.963241 0.426446
vt 0.968516 0.413677
vt 0.967310 0.428307
f  192/790/192 193/791/193 194/792/194

vt 0.963153 0.491743
vt 0.960679 0.486681
vt 0.961916 0.480566
f  87/793/87 195/794/195 88/795/88

vt 0.448065 0.040184
vt 0.448065 0.045941
vt 0.447369 0.042768
f  88/796/88 195/797/195 196/798/196

vt 0.968848 0.461652
vt 0.964961 0.463340
vt 0.963241 0.426446
f  83/799/83 189/800/189 192/801/192

vt 0.968848 0.461652
vt 0.963241 0.426446
vt 0.967310 0.428307
f  83/802/83 192/803/192 194/804/194

vt 0.968516 0.413677
vt 0.963241 0.426446
vt 0.962904 0.405110
f  193/805/193 192/806/192 197/807/197

vt 0.968516 0.413677
vt 0.962904 0.405110
vt 0.967197 0.406435
f  193/808/193 197/809/197 198/810/198

vt 0.968180 0.392440
vt 0.967197 0.406435
vt 0.962904 0.405110
f  199/811/199 198/812/198 197/813/197

vt 0.968180 0.392440
vt 0.962904 0.405110
vt 0.963198 0.390494
f  199/814/199 197/815/197 200/816/200

vt 0.968180 0.392440
vt 0.963198 0.390494
vt 0.967428 0.381224
f  199/817/199 200/818/200 201/819/201

vt 0.966215 0.245058
vt 0.965452 0.257191
vt 0.961944 0.244934
f  99/820/99 202/821/202 203/822/203

vt 0.966417 0.236077
vt 0.966215 0.245058
vt 0.961673 0.236611
f  84/823/84 99/824/99 204/825/204

vt 0.966417 0.236077
vt 0.961673 0.236611
vt 0.965318 0.228874
f  84/826/84 204/827/204 85/828/85

vt 0.965318 0.228874
vt 0.961526 0.222708
vt 0.966331 0.219564
f  85/829/85 205/830/205 87/831/87

vt 0.966331 0.219564
vt 0.961526 0.222708
vt 0.963155 0.211137
f  87/832/87 205/833/205 195/834/195

vt 0.965018 0.200831
vt 0.964770 0.205524
vt 0.960927 0.190997
f  88/835/88 196/836/196 206/837/206

vt 0.965018 0.200831
vt 0.960927 0.190997
vt 0.964790 0.187512
f  88/838/88 206/839/206 207/840/207

vt 0.964790 0.187512
vt 0.960927 0.190997
vt 0.960263 0.172206
f  207/841/207 206/842/206 208/843/208

vt 0.964790 0.187512
vt 0.960263 0.172206
vt 0.964793 0.170393
f  207/844/207 208/845/208 209/846/209

vt 0.964793 0.170393
vt 0.959196 0.157718
vt 0.964055 0.156654
f  209/847/209 210/848/210 211/849/211

vt 0.964793 0.170393
vt 0.960263 0.172206
vt 0.959196 0.157718
f  209/850/209 208/851/208 210/852/210

vt 0.964055 0.156654
vt 0.959196 0.157718
vt 0.962833 0.149835
f  211/853/211 210/854/210 212/855/212

vt 0.962833 0.149835
vt 0.958721 0.147837
vt 0.962386 0.131924
f  212/856/212 213/857/213 61/858/61

vt 0.958721 0.147837
vt 0.959126 0.130571
vt 0.962386 0.131924
f  213/859/213 190/860/190 61/861/61

vt 0.967428 0.381224
vt 0.963198 0.390494
vt 0.967493 0.367046
f  201/862/201 200/863/200 90/864/90

vt 0.967493 0.367046
vt 0.963198 0.390494
vt 0.964073 0.361309
f  90/865/90 200/866/200 91/867/91

vt 0.964073 0.361309
vt 0.955849 0.342059
vt 0.966558 0.349742
f  91/868/91 214/869/214 92/870/92

vt 0.966558 0.349742
vt 0.955849 0.342059
vt 0.966552 0.345319
f  92/871/92 214/872/214 93/873/93

vt 0.966552 0.345319
vt 0.955849 0.342059
vt 0.966376 0.333775
f  93/874/93 214/875/214 95/876/95

vt 0.966376 0.333775
vt 0.955849 0.342059
vt 0.965819 0.323162
f  95/877/95 214/878/214 96/879/96

vt 0.965819 0.323162
vt 0.955849 0.342059
vt 0.965082 0.314847
f  96/880/96 214/881/214 97/882/97

vt 0.966542 0.302718
vt 0.961998 0.291859
vt 0.966229 0.291931
f  98/883/98 215/884/215 216/885/216

vt 0.966542 0.302718
vt 0.965082 0.314847
vt 0.961998 0.291859
f  98/886/98 97/887/97 215/888/215

vt 0.966229 0.291931
vt 0.961998 0.291859
vt 0.966474 0.280570
f  216/889/216 215/890/215 217/891/217

vt 0.966474 0.280570
vt 0.961998 0.291859
vt 0.964250 0.269518
f  217/892/217 215/893/215 218/894/218

vt 0.964250 0.269518
vt 0.948014 0.231645
vt 0.965452 0.257191
f  218/895/218 219/896/219 202/897/202

vt 0.965452 0.257191
vt 0.948014 0.231645
vt 0.961944 0.244934
f  202/898/202 219/899/219 203/900/203

vt 0.966215 0.245058
vt 0.961944 0.244934
vt 0.961673 0.236611
f  99/901/99 203/902/203 204/903/204

vt 0.965318 0.228874
vt 0.961673 0.236611
vt 0.961526 0.222708
f  85/904/85 204/905/204 205/906/205

vt 0.961526 0.222708
vt 0.961673 0.236611
vt 0.957526 0.185832
f  205/907/205 204/908/204 220/909/220

vt 0.961526 0.222708
vt 0.957526 0.185832
vt 0.963155 0.211137
f  205/910/205 220/911/220 195/912/195

vt 0.963155 0.211137
vt 0.957526 0.185832
vt 0.964770 0.205524
f  195/913/195 220/914/220 196/915/196

vt 0.964770 0.205524
vt 0.957526 0.185832
vt 0.960927 0.190997
f  196/916/196 220/917/220 206/918/206

vt 0.960263 0.172206
vt 0.957526 0.185832
vt 0.959196 0.157718
f  208/919/208 220/920/220 210/921/210

vt 0.959196 0.157718
vt 0.957526 0.185832
vt 0.958721 0.147837
f  210/922/210 220/923/220 213/924/213

vt 0.959196 0.157718
vt 0.958721 0.147837
vt 0.962833 0.149835
f  210/925/210 213/926/213 212/927/212

vt 0.964961 0.463340
vt 0.942017 0.479589
vt 0.963241 0.426446
f  189/928/189 101/929/101 192/930/192

vt 0.963241 0.426446
vt 0.943637 0.440958
vt 0.962904 0.405110
f  192/931/192 103/932/103 197/933/197

vt 0.963198 0.390494
vt 0.955849 0.342059
vt 0.964073 0.361309
f  200/934/200 214/935/214 91/936/91

vt 0.965082 0.314847
vt 0.955849 0.342059
vt 0.961998 0.291859
f  97/937/97 214/938/214 215/939/215

vt 0.964250 0.269518
vt 0.961998 0.291859
vt 0.948014 0.231645
f  218/940/218 215/941/215 219/942/219

vt 0.961944 0.244934
vt 0.948014 0.231645
vt 0.961673 0.236611
f  203/943/203 219/944/219 204/945/204

vt 0.961673 0.236611
vt 0.948014 0.231645
vt 0.957526 0.185832
f  204/946/204 219/947/219 220/948/220

vt 0.960927 0.190997
vt 0.957526 0.185832
vt 0.960263 0.172206
f  206/949/206 220/950/220 208/951/208

vt 0.959126 0.130571
vt 0.958721 0.147837
vt 0.949270 0.113234
f  190/952/190 213/953/213 191/954/191

vt 0.943637 0.440958
vt 0.940793 0.425990
vt 0.962904 0.405110
f  103/955/103 105/956/105 197/957/197

vt 0.962904 0.405110
vt 0.911557 0.396835
vt 0.963198 0.390494
f  197/958/197 221/959/221 200/960/200

vt 0.963198 0.390494
vt 0.911557 0.396835
vt 0.955849 0.342059
f  200/961/200 221/962/221 214/963/214

vt 0.957526 0.185832
vt 0.907462 0.160650
vt 0.958721 0.147837
f  220/964/220 222/965/222 213/966/213

vt 0.942017 0.479589
vt 0.943637 0.440958
vt 0.963241 0.426446
f  101/967/101 103/968/103 192/969/192

vt 0.454916 0.029610
vt 0.463690 0.041039
vt 0.447369 0.024649
f  64/970/64 103/971/103 101/972/101

vt 0.465539 0.039868
vt 0.463690 0.041039
vt 0.454916 0.029610
f  51/973/51 103/974/103 64/975/64

vt 0.467558 0.041333
vt 0.470613 0.046918
vt 0.463690 0.041039
f  102/976/102 105/977/105 103/978/103

vt 0.962904 0.405110
vt 0.940793 0.425990
vt 0.911557 0.396835
f  197/979/197 105/980/105 221/981/221

vt 0.948014 0.231645
vt 0.907462 0.160650
vt 0.957526 0.185832
f  219/982/219 222/983/222 220/984/220

vt 0.461954 0.673361
vt 0.544810 0.673134
vt 0.512903 0.687952
f  186/985/186 223/986/223 101/987/101

vt 0.240192 0.509310
vt 0.250583 0.505023
vt 0.268934 0.508175
f  223/988/223 108/989/108 101/990/101

vt 0.961998 0.291859
vt 0.910528 0.272515
vt 0.948014 0.231645
f  215/991/215 224/992/224 219/993/219

vt 0.922570 0.424029
vt 0.911557 0.396835
vt 0.940793 0.425990
f  225/994/225 221/995/221 105/996/105

vt 0.447369 0.024649
vt 0.452265 0.016074
vt 0.450163 0.023639
f  101/997/101 108/998/108 100/999/100

vt 0.475867 0.042986
vt 0.478266 0.043675
vt 0.470613 0.046918
f  104/1000/104 225/1001/225 105/1002/105

vt 0.928490 0.441689
vt 0.927941 0.444135
vt 0.925756 0.438040
f  102/1003/102 51/1004/51 107/1005/107

vt 0.961998 0.291859
vt 0.955849 0.342059
vt 0.910528 0.272515
f  215/1006/215 214/1007/214 224/1008/224

vt 0.958721 0.147837
vt 0.907462 0.160650
vt 0.949270 0.113234
f  213/1009/213 222/1010/222 191/1011/191

vt 0.927941 0.444135
vt 0.922063 0.435786
vt 0.925756 0.438040
f  51/1012/51 109/1013/109 107/1014/107

vt 0.955849 0.342059
vt 0.911276 0.331566
vt 0.911012 0.309256
f  214/1015/214 226/1016/226 227/1017/227

vt 0.948014 0.231645
vt 0.910528 0.272515
vt 0.909939 0.239549
f  219/1018/219 224/1019/224 228/1020/228

vt 0.948014 0.231645
vt 0.909939 0.239549
vt 0.908873 0.206300
f  219/1021/219 228/1022/228 229/1023/229

vt 0.250923 0.494247
vt 0.259907 0.496818
vt 0.250583 0.505023
f  230/1024/230 52/1025/52 108/1026/108

vt 0.259907 0.496818
vt 0.262829 0.482081
vt 0.265660 0.493216
f  52/1027/52 78/1028/78 40/1029/40

vt 0.927325 0.426091
vt 0.920526 0.432417
vt 0.922570 0.424029
f  104/1030/104 109/1031/109 225/1032/225

vt 0.911557 0.396835
vt 0.911276 0.331566
vt 0.955849 0.342059
f  221/1033/221 226/1034/226 214/1035/214

vt 0.259907 0.496818
vt 0.250923 0.494247
vt 0.262829 0.482081
f  52/1036/52 230/1037/230 78/1038/78

vt 0.922570 0.424029
vt 0.920526 0.432417
vt 0.911661 0.436582
f  225/1039/225 109/1040/109 231/1041/231

vt 0.922570 0.424029
vt 0.911661 0.436582
vt 0.911557 0.396835
f  225/1042/225 231/1043/231 221/1044/221

vt 0.908873 0.206300
vt 0.907462 0.160650
vt 0.948014 0.231645
f  229/1045/229 222/1046/222 219/1047/219

vt 0.949270 0.113234
vt 0.907462 0.160650
vt 0.904485 0.114917
f  191/1048/191 222/1049/222 232/1050/232

vt 0.240192 0.509310
vt 0.250923 0.494247
vt 0.250583 0.505023
f  223/1051/223 230/1052/230 108/1053/108

vt 0.262829 0.482081
vt 0.256179 0.479877
vt 0.263712 0.477488
f  78/1054/78 231/1055/231 109/1056/109

vt 0.955849 0.342059
vt 0.911012 0.309256
vt 0.910528 0.272515
f  214/1057/214 227/1058/227 224/1059/224

vt 0.250923 0.494247
vt 0.256179 0.479877
vt 0.262829 0.482081
f  230/1060/230 231/1061/231 78/1062/78

vt 0.770152 0.707093
vt 0.777238 0.746134
vt 0.769497 0.743459
f  233/1063/233 234/1064/234 235/1065/235

vt 0.130609 0.530942
vt 0.123291 0.536603
vt 0.116624 0.533359
f  236/1066/236 237/1067/237 238/1068/238

vt 0.462329 0.351179
vt 0.462329 0.374371
vt 0.461261 0.378088
f  151/1069/151 153/1070/153 239/1071/239

vt 0.462329 0.374371
vt 0.462317 0.394329
vt 0.461261 0.378088
f  153/1072/153 154/1073/154 239/1074/239

vt 0.462317 0.394329
vt 0.461814 0.413845
vt 0.461261 0.378088
f  154/1075/154 159/1076/159 239/1077/239

vt 0.418394 0.497313
vt 0.421728 0.500309
vt 0.419495 0.503041
f  110/1078/110 112/1079/112 233/1080/233

vt 0.423032 0.516277
vt 0.421530 0.515429
vt 0.423536 0.506917
f  240/1081/240 241/1082/241 242/1083/242

vt 0.423536 0.506917
vt 0.421530 0.515429
vt 0.419495 0.503041
f  242/1084/242 241/1085/241 233/1086/233

vt 0.792969 0.704765
vt 0.790603 0.704101
vt 0.792478 0.703084
f  243/1087/243 241/1088/241 240/1089/240

vt 0.080878 0.593423
vt 0.080824 0.536507
vt 0.082194 0.537892
f  244/1090/244 245/1091/245 246/1092/246

vt 0.421728 0.500309
vt 0.420322 0.485438
vt 0.423644 0.483975
f  112/1093/112 111/1094/111 245/1095/245

vt 0.423536 0.506917
vt 0.419495 0.503041
vt 0.421728 0.500309
f  242/1096/242 233/1097/233 112/1098/112

vt 0.080878 0.593423
vt 0.084132 0.594048
vt 0.085164 0.598716
f  244/1099/244 247/1100/247 248/1101/248

vt 0.080878 0.593423
vt 0.083706 0.591815
vt 0.084132 0.594048
f  244/1102/244 249/1103/249 247/1104/247

vt 0.082194 0.537892
vt 0.083706 0.591815
vt 0.080878 0.593423
f  246/1105/246 249/1106/249 244/1107/244

vt 0.082194 0.537892
vt 0.121591 0.537569
vt 0.083706 0.591815
f  246/1108/246 250/1109/250 249/1110/249

vt 0.790603 0.704101
vt 0.790501 0.729680
vt 0.770152 0.707093
f  241/1111/241 251/1112/251 233/1113/233

vt 0.792969 0.704765
vt 0.790501 0.729680
vt 0.790603 0.704101
f  243/1114/243 251/1115/251 241/1116/241

vt 0.790501 0.729680
vt 0.786223 0.736379
vt 0.770152 0.707093
f  251/1117/251 252/1118/252 233/1119/233

vt 0.793150 0.730841
vt 0.790501 0.729680
vt 0.792969 0.704765
f  253/1120/253 251/1121/251 243/1122/243

vt 0.083706 0.591815
vt 0.121591 0.537569
vt 0.084132 0.594048
f  249/1123/249 250/1124/250 247/1125/247

vt 0.770152 0.707093
vt 0.786223 0.736379
vt 0.777238 0.746134
f  233/1126/233 252/1127/252 234/1128/234

vt 0.786223 0.736379
vt 0.790501 0.729680
vt 0.793150 0.730841
f  252/1129/252 251/1130/251 253/1131/253

vt 0.084132 0.594048
vt 0.121591 0.537569
vt 0.123291 0.536603
f  247/1132/247 250/1133/250 237/1134/237

vt 0.954489 0.051507
vt 0.912821 0.065809
vt 0.913080 0.035103
f  254/1135/254 129/1136/129 123/1137/123

vt 0.954489 0.051507
vt 0.913353 0.112257
vt 0.912821 0.065809
f  254/1138/254 134/1139/134 129/1140/129

vt 0.889867 0.813653
vt 0.815224 0.813685
vt 0.840863 0.772276
f  126/1141/126 137/1142/137 255/1143/255

vt 0.276252 0.578099
vt 0.321262 0.531581
vt 0.345110 0.578100
f  149/1144/149 256/1145/256 155/1146/155

vt 0.569076 0.812204
vt 0.502971 0.813614
vt 0.576929 0.772174
f  239/1147/239 159/1148/159 257/1149/257

vt 0.109525 0.669772
vt 0.166673 0.628371
vt 0.174012 0.671036
f  161/1150/161 258/1151/258 168/1152/168

vt 0.399349 0.813660
vt 0.338783 0.813652
vt 0.342617 0.772233
f  165/1153/165 169/1154/169 259/1155/259

vt 0.338783 0.813652
vt 0.309249 0.813664
vt 0.342617 0.772233
f  169/1156/169 173/1157/173 259/1158/259

vt 0.143450 0.813636
vt 0.105561 0.813662
vt 0.142629 0.772316
f  184/1159/184 187/1160/187 260/1161/260

vt 0.113269 0.605734
vt 0.115425 0.605562
vt 0.115449 0.606719
f  261/1162/261 113/1163/113 115/1164/115

vt 0.130609 0.530942
vt 0.129592 0.544610
vt 0.123291 0.536603
f  236/1165/236 262/1166/262 237/1167/237

vt 0.174012 0.671036
vt 0.222545 0.627910
vt 0.252470 0.672139
f  168/1168/168 263/1169/263 174/1170/174

vt 0.423536 0.506917
vt 0.439104 0.524617
vt 0.423032 0.516277
f  242/1171/242 264/1172/264 240/1173/240

vt 0.423263 0.414822
vt 0.434974 0.415455
vt 0.423644 0.483975
f  244/1174/244 265/1175/265 245/1176/245

vt 0.792969 0.704765
vt 0.817271 0.704019
vt 0.793150 0.730841
f  243/1177/243 266/1178/266 253/1179/253

vt 0.786223 0.736379
vt 0.799586 0.746968
vt 0.777238 0.746134
f  252/1180/252 267/1181/267 234/1182/234

vt 0.173734 0.578071
vt 0.228654 0.531737
vt 0.240050 0.578206
f  134/1183/134 268/1184/268 147/1185/147

vt 0.228654 0.531737
vt 0.269277 0.531591
vt 0.240050 0.578206
f  268/1186/268 269/1187/269 147/1188/147

vt 0.240050 0.578206
vt 0.269277 0.531591
vt 0.276252 0.578099
f  147/1189/147 269/1190/269 149/1191/149

vt 0.690547 0.813620
vt 0.618826 0.813685
vt 0.651392 0.772199
f  142/1192/142 151/1193/151 270/1194/270

vt 0.618826 0.813685
vt 0.569076 0.812204
vt 0.651392 0.772199
f  151/1195/151 239/1196/239 270/1197/270

vt 0.019584 0.671075
vt 0.054516 0.627334
vt 0.109525 0.669772
f  155/1198/155 271/1199/271 161/1200/161

vt 0.252470 0.672139
vt 0.277526 0.629276
vt 0.322703 0.672609
f  174/1201/174 272/1202/272 180/1203/180

vt 0.461954 0.673361
vt 0.381474 0.673044
vt 0.468780 0.629854
f  186/1204/186 183/1205/183 273/1206/273

vt 0.924510 0.459369
vt 0.928490 0.468112
vt 0.921446 0.460069
f  120/1207/120 274/1208/274 118/1209/118

vt 0.423644 0.483975
vt 0.435354 0.505573
vt 0.421728 0.500309
f  245/1210/245 275/1211/275 112/1212/112

vt 0.084132 0.594048
vt 0.088068 0.596737
vt 0.085164 0.598716
f  247/1213/247 276/1214/276 248/1215/248

vt 0.084132 0.594048
vt 0.096725 0.587101
vt 0.088068 0.596737
f  247/1216/247 277/1217/277 276/1218/276

vt 0.084132 0.594048
vt 0.110183 0.570063
vt 0.096725 0.587101
f  247/1219/247 278/1220/278 277/1221/277

vt 0.962083 0.813679
vt 0.889867 0.813653
vt 0.960782 0.772134
f  116/1222/116 126/1223/126 279/1224/279

vt 0.084132 0.594048
vt 0.121242 0.555693
vt 0.110183 0.570063
f  247/1225/247 280/1226/280 278/1227/278

vt 0.084132 0.594048
vt 0.123291 0.536603
vt 0.121242 0.555693
f  247/1228/247 237/1229/237 280/1230/280

vt 0.123291 0.536603
vt 0.129592 0.544610
vt 0.121242 0.555693
f  237/1231/237 262/1232/262 280/1233/280

vt 0.191872 0.813634
vt 0.200882 0.772158
vt 0.247041 0.813594
f  181/1234/181 281/1235/281 179/1236/179

vt 0.191872 0.813634
vt 0.143450 0.813636
vt 0.200882 0.772158
f  181/1237/181 184/1238/184 281/1239/281

vt 0.036571 0.891073
vt 0.066946 0.852657
vt 0.070698 0.891450
f  230/1240/230 282/1241/282 231/1242/231

vt 0.428535 0.539019
vt 0.429008 0.525595
vt 0.434419 0.540069
f  115/1243/115 117/1244/117 261/1245/261

vt 0.793150 0.730841
vt 0.799398 0.734210
vt 0.786223 0.736379
f  253/1246/253 283/1247/283 252/1248/252

vt 0.786223 0.736379
vt 0.799398 0.734210
vt 0.799586 0.746968
f  252/1249/252 283/1250/283 267/1251/267

vt 0.129592 0.544610
vt 0.130609 0.530942
vt 0.137536 0.533838
f  262/1252/262 236/1253/236 284/1254/284

vt 0.815224 0.813685
vt 0.772317 0.813682
vt 0.840863 0.772276
f  137/1255/137 140/1256/140 255/1257/255

vt 0.070698 0.891450
vt 0.066946 0.852657
vt 0.123331 0.891492
f  231/1258/231 282/1259/282 221/1260/221

vt 0.376922 0.890784
vt 0.418452 0.848694
vt 0.437388 0.890654
f  229/1261/229 285/1262/285 222/1263/222

vt 0.423536 0.506917
vt 0.436730 0.511697
vt 0.439104 0.524617
f  242/1264/242 286/1265/286 264/1266/264

vt 0.088068 0.596737
vt 0.087403 0.602970
vt 0.085164 0.598716
f  276/1267/276 287/1268/287 248/1269/248

vt 0.962083 0.813679
vt 0.960782 0.772134
vt 1.000096 0.812802
f  116/1270/116 279/1271/279 117/1272/117

vt 0.690547 0.813620
vt 0.651392 0.772199
vt 0.719025 0.770896
f  142/1273/142 270/1274/270 288/1275/288

vt 0.143450 0.813636
vt 0.142629 0.772316
vt 0.200882 0.772158
f  184/1276/184 260/1277/260 281/1278/281

vt 0.045340 0.813672
vt 0.000163 0.813590
vt 0.000198 0.770625
f  191/1279/191 232/1280/232 289/1281/289

vt 0.123331 0.891492
vt 0.149787 0.852278
vt 0.209592 0.891284
f  221/1282/221 290/1283/290 226/1284/226

vt 0.332703 0.890749
vt 0.288732 0.891096
vt 0.350588 0.849036
f  228/1285/228 224/1286/224 291/1287/291

vt 0.921446 0.460069
vt 0.928318 0.473509
vt 0.904485 0.459504
f  118/1288/118 292/1289/292 122/1290/122

vt 0.115425 0.605562
vt 0.113269 0.605734
vt 0.112046 0.604443
f  113/1291/113 261/1292/261 293/1293/293

vt 0.423536 0.506917
vt 0.435354 0.505573
vt 0.436730 0.511697
f  242/1294/242 275/1295/275 286/1296/286

vt 0.085164 0.598716
vt 0.084536 0.607697
vt 0.080878 0.593423
f  248/1297/248 265/1298/265 244/1299/244

vt 0.423644 0.483975
vt 0.434974 0.415455
vt 0.435354 0.505573
f  245/1300/245 265/1301/265 275/1302/275

vt 0.421728 0.500309
vt 0.435354 0.505573
vt 0.423536 0.506917
f  112/1303/112 275/1304/275 242/1305/242

vt 0.088068 0.596737
vt 0.090520 0.604448
vt 0.087403 0.602970
f  276/1306/276 294/1307/294 287/1308/287

vt 0.088068 0.596737
vt 0.096725 0.587101
vt 0.090520 0.604448
f  276/1309/276 277/1310/277 294/1311/294

vt 0.110183 0.570063
vt 0.121242 0.555693
vt 0.119099 0.570036
f  278/1312/278 280/1313/280 295/1314/295

vt 0.121242 0.555693
vt 0.129592 0.544610
vt 0.119099 0.570036
f  280/1315/280 262/1316/262 295/1317/295

vt 0.889867 0.813653
vt 0.840863 0.772276
vt 0.887648 0.772156
f  126/1318/126 255/1319/255 296/1320/296

vt 0.222545 0.627910
vt 0.277526 0.629276
vt 0.252470 0.672139
f  263/1321/263 272/1322/272 174/1323/174

vt 0.350588 0.849036
vt 0.376922 0.890784
vt 0.332703 0.890749
f  291/1324/291 229/1325/229 228/1326/228

vt 0.921446 0.460069
vt 0.928490 0.468112
vt 0.928318 0.473509
f  118/1327/118 274/1328/274 292/1329/292

vt 0.087403 0.602970
vt 0.084536 0.607697
vt 0.085164 0.598716
f  287/1330/287 265/1331/265 248/1332/248

vt 0.954363 0.085641
vt 0.913353 0.112257
vt 0.954489 0.051507
f  297/1333/297 134/1334/134 254/1335/254

vt 0.269277 0.531591
vt 0.321262 0.531581
vt 0.276252 0.578099
f  269/1336/269 256/1337/256 149/1338/149

vt 0.462447 0.813637
vt 0.472409 0.771398
vt 0.502971 0.813614
f  163/1339/163 298/1340/298 159/1341/159

vt 0.309249 0.813664
vt 0.247041 0.813594
vt 0.296346 0.770983
f  173/1342/173 179/1343/179 299/1344/299

vt 0.142629 0.772316
vt 0.105561 0.813662
vt 0.101374 0.770806
f  260/1345/260 187/1346/187 300/1347/300

vt 0.435354 0.505573
vt 0.456221 0.505669
vt 0.455648 0.508362
f  275/1348/275 301/1349/301 302/1350/302

vt 0.467569 0.506443
vt 0.455648 0.508362
vt 0.463682 0.505506
f  303/1351/303 302/1352/302 304/1353/304

vt 0.096725 0.587101
vt 0.110183 0.570063
vt 0.119099 0.570036
f  277/1354/277 278/1355/278 295/1356/295

vt 0.467569 0.506443
vt 0.473410 0.508301
vt 0.455648 0.508362
f  303/1357/303 305/1358/305 302/1359/302

vt 0.812629 0.740158
vt 0.808149 0.745730
vt 0.799586 0.746968
f  306/1360/306 307/1361/307 267/1362/267

vt 0.697507 0.157392
vt 0.707153 0.162083
vt 0.609711 0.161951
f  308/1363/308 309/1364/309 310/1365/310

vt 0.697507 0.157392
vt 0.775799 0.157276
vt 0.707153 0.162083
f  308/1366/308 311/1367/311 309/1368/309

vt 0.775799 0.157276
vt 0.809618 0.162123
vt 0.707153 0.162083
f  311/1369/311 312/1370/312 309/1371/309

vt 0.775799 0.157276
vt 0.839362 0.157262
vt 0.809618 0.162123
f  311/1372/311 313/1373/313 312/1374/312

vt 0.839362 0.157262
vt 0.860445 0.162322
vt 0.809618 0.162123
f  313/1375/313 314/1376/314 312/1377/312

vt 0.864686 0.154051
vt 0.863963 0.162356
vt 0.860445 0.162322
f  315/1378/315 316/1379/316 314/1380/314

vt 0.609711 0.161951
vt 0.707153 0.162083
vt 0.609186 0.183488
f  310/1381/310 309/1382/309 317/1383/317

vt 0.809618 0.162123
vt 0.769881 0.236225
vt 0.707153 0.162083
f  312/1384/312 318/1385/318 309/1386/309

vt 0.661205 0.213760
vt 0.707153 0.162083
vt 0.769881 0.236225
f  319/1387/319 309/1388/309 318/1389/318

vt 0.707153 0.162083
vt 0.661205 0.213760
vt 0.609186 0.183488
f  309/1390/309 319/1391/319 317/1392/317

vt 0.860445 0.162322
vt 0.860480 0.267453
vt 0.809618 0.162123
f  314/1393/314 320/1394/320 312/1395/312

vt 0.863963 0.162356
vt 0.863476 0.230935
vt 0.860445 0.162322
f  316/1396/316 321/1397/321 314/1398/314

vt 0.609186 0.183488
vt 0.661205 0.213760
vt 0.611003 0.228079
f  317/1399/317 319/1400/319 322/1401/322

vt 0.860445 0.162322
vt 0.863476 0.230935
vt 0.860480 0.267453
f  314/1402/314 321/1403/321 320/1404/320

vt 0.609186 0.183488
vt 0.611003 0.228079
vt 0.608154 0.232937
f  317/1405/317 322/1406/322 323/1407/323

vt 0.809618 0.162123
vt 0.860480 0.267453
vt 0.769881 0.236225
f  312/1408/312 320/1409/320 318/1410/318

vt 0.863489 0.341494
vt 0.863476 0.230935
vt 0.866520 0.234519
f  324/1411/324 321/1412/321 325/1413/325

vt 0.863476 0.230935
vt 0.863489 0.341494
vt 0.860480 0.267453
f  321/1414/321 324/1415/324 320/1416/320

vt 0.611003 0.228079
vt 0.610973 0.332696
vt 0.608154 0.232937
f  322/1417/322 326/1418/326 323/1419/323

vt 0.661205 0.213760
vt 0.610973 0.332696
vt 0.611003 0.228079
f  319/1420/319 326/1421/326 322/1422/322

vt 0.608154 0.232937
vt 0.610973 0.332696
vt 0.608099 0.311997
f  323/1423/323 326/1424/326 327/1425/327

vt 0.661205 0.213760
vt 0.769881 0.236225
vt 0.706050 0.382199
f  319/1426/319 318/1427/318 328/1428/328

vt 0.769881 0.236225
vt 0.860480 0.267453
vt 0.822645 0.397162
f  318/1429/318 320/1430/320 329/1431/329

vt 0.610973 0.332696
vt 0.661205 0.213760
vt 0.706050 0.382199
f  326/1432/326 319/1433/319 328/1434/328

vt 0.822645 0.397162
vt 0.860480 0.267453
vt 0.861497 0.427445
f  329/1435/329 320/1436/320 330/1437/330

vt 0.860480 0.267453
vt 0.863489 0.341494
vt 0.861497 0.427445
f  320/1438/320 324/1439/324 330/1440/330

vt 0.769881 0.236225
vt 0.822645 0.397162
vt 0.706050 0.382199
f  318/1441/318 329/1442/329 328/1443/328

vt 0.604969 0.353525
vt 0.608099 0.311997
vt 0.609400 0.427525
f  331/1444/331 327/1445/327 332/1446/332

vt 0.608099 0.311997
vt 0.610973 0.332696
vt 0.609400 0.427525
f  327/1447/327 326/1448/326 332/1449/332

vt 0.610973 0.332696
vt 0.706050 0.382199
vt 0.609400 0.427525
f  326/1450/326 328/1451/328 332/1452/332

vt 0.706050 0.382199
vt 0.822645 0.397162
vt 0.750093 0.427294
f  328/1453/328 329/1454/329 333/1455/333

vt 0.706050 0.382199
vt 0.750093 0.427294
vt 0.691186 0.427326
f  328/1456/328 333/1457/333 334/1458/334

vt 0.822645 0.397162
vt 0.792828 0.427383
vt 0.750093 0.427294
f  329/1459/329 335/1460/335 333/1461/333

vt 0.706050 0.382199
vt 0.691186 0.427326
vt 0.609400 0.427525
f  328/1462/328 334/1463/334 332/1464/332

vt 0.822645 0.397162
vt 0.825877 0.427574
vt 0.792828 0.427383
f  329/1465/329 336/1466/336 335/1467/335

vt 0.861497 0.427445
vt 0.825877 0.427574
vt 0.822645 0.397162
f  330/1468/330 336/1469/336 329/1470/329

vt 0.603580 0.433951
vt 0.609400 0.427525
vt 0.651839 0.436229
f  337/1471/337 332/1472/332 338/1473/338

vt 0.651839 0.436229
vt 0.609400 0.427525
vt 0.691186 0.427326
f  338/1474/338 332/1475/332 334/1476/334

vt 0.867659 0.433611
vt 0.825877 0.427574
vt 0.861497 0.427445
f  339/1477/339 336/1478/336 330/1479/330

vt 0.151630 0.435383
vt 0.157878 0.393413
vt 0.157864 0.443228
f  340/1480/340 341/1481/341 342/1482/342

vt 0.152521 0.352613
vt 0.157736 0.315919
vt 0.157878 0.393413
f  343/1483/343 344/1484/344 341/1485/341

vt 0.152521 0.352613
vt 0.152373 0.307610
vt 0.157736 0.315919
f  343/1486/343 345/1487/345 344/1488/344

vt 0.152373 0.307610
vt 0.157791 0.257972
vt 0.157736 0.315919
f  345/1489/345 346/1490/346 344/1491/344

vt 0.152373 0.307610
vt 0.152187 0.256817
vt 0.157791 0.257972
f  345/1492/345 347/1493/347 346/1494/346

vt 0.152187 0.256817
vt 0.154920 0.204490
vt 0.157791 0.257972
f  347/1495/347 348/1496/348 346/1497/346

vt 0.154920 0.204490
vt 0.157842 0.208524
vt 0.157791 0.257972
f  348/1498/348 349/1499/349 346/1500/346

vt 0.157736 0.315919
vt 0.187678 0.334169
vt 0.157878 0.393413
f  344/1501/344 350/1502/350 341/1503/341

vt 0.157791 0.257972
vt 0.187678 0.334169
vt 0.157736 0.315919
f  346/1504/346 350/1505/350 344/1506/344

vt 0.157878 0.393413
vt 0.187678 0.334169
vt 0.157864 0.443228
f  341/1507/341 350/1508/350 342/1509/342

vt 0.189005 0.203901
vt 0.157842 0.208524
vt 0.154920 0.204490
f  351/1510/351 349/1511/349 348/1512/348

vt 0.204475 0.444014
vt 0.242007 0.442500
vt 0.241181 0.445283
f  352/1513/352 353/1514/353 354/1515/354

vt 0.157842 0.208524
vt 0.225417 0.206629
vt 0.232250 0.209268
f  349/1516/349 355/1517/355 356/1518/356

vt 0.189005 0.203901
vt 0.225417 0.206629
vt 0.157842 0.208524
f  351/1519/351 355/1520/355 349/1521/349

vt 0.157864 0.443228
vt 0.187678 0.334169
vt 0.204475 0.444014
f  342/1522/342 350/1523/350 352/1524/352

vt 0.157842 0.208524
vt 0.232250 0.209268
vt 0.157791 0.257972
f  349/1525/349 356/1526/356 346/1527/346

vt 0.187678 0.334169
vt 0.157791 0.257972
vt 0.271220 0.274364
f  350/1528/350 346/1529/346 357/1530/357

vt 0.157791 0.257972
vt 0.232250 0.209268
vt 0.271220 0.274364
f  346/1531/346 356/1532/356 357/1533/357

vt 0.225417 0.206629
vt 0.189005 0.203901
vt 0.213243 0.202031
f  355/1534/355 351/1535/351 358/1536/358

vt 0.205258 0.448239
vt 0.241181 0.445283
vt 0.255666 0.449659
f  359/1537/359 354/1538/354 360/1539/360

vt 0.187678 0.334169
vt 0.271220 0.274364
vt 0.204475 0.444014
f  350/1540/350 357/1541/357 352/1542/352

vt 0.225417 0.206629
vt 0.261433 0.206488
vt 0.232250 0.209268
f  355/1543/355 361/1544/361 356/1545/356

vt 0.204475 0.444014
vt 0.312445 0.402253
vt 0.242007 0.442500
f  352/1546/352 362/1547/362 353/1548/353

vt 0.204475 0.444014
vt 0.271220 0.274364
vt 0.312445 0.402253
f  352/1549/352 357/1550/357 362/1551/362

vt 0.271220 0.274364
vt 0.232250 0.209268
vt 0.290618 0.209215
f  357/1552/357 356/1553/356 363/1554/363

vt 0.232250 0.209268
vt 0.261433 0.206488
vt 0.290618 0.209215
f  356/1555/356 361/1556/361 363/1557/363

vt 0.261433 0.206488
vt 0.299166 0.206648
vt 0.290618 0.209215
f  361/1558/361 364/1559/364 363/1560/363

vt 0.241181 0.445283
vt 0.242007 0.442500
vt 0.315725 0.445262
f  354/1561/354 353/1562/353 365/1563/365

vt 0.271220 0.274364
vt 0.341892 0.309652
vt 0.312445 0.402253
f  357/1564/357 366/1565/366 362/1566/362

vt 0.242007 0.442500
vt 0.353684 0.442473
vt 0.315725 0.445262
f  353/1567/353 367/1568/367 365/1569/365

vt 0.312445 0.402253
vt 0.353684 0.442473
vt 0.242007 0.442500
f  362/1570/362 367/1571/367 353/1572/353

vt 0.271220 0.274364
vt 0.353688 0.245016
vt 0.341892 0.309652
f  357/1573/357 368/1574/368 366/1575/366

vt 0.290618 0.209215
vt 0.299166 0.206648
vt 0.353719 0.209125
f  363/1576/363 364/1577/364 369/1578/369

vt 0.271220 0.274364
vt 0.290618 0.209215
vt 0.353719 0.209125
f  357/1579/357 363/1580/363 369/1581/369

vt 0.271220 0.274364
vt 0.353719 0.209125
vt 0.353688 0.245016
f  357/1582/357 369/1583/369 368/1584/368

vt 0.315725 0.445262
vt 0.353684 0.442473
vt 0.353991 0.444772
f  365/1585/365 367/1586/367 370/1587/370

vt 0.299166 0.206648
vt 0.342168 0.206029
vt 0.353719 0.209125
f  364/1588/364 371/1589/371 369/1590/369

vt 0.299166 0.206648
vt 0.302608 0.203892
vt 0.342168 0.206029
f  364/1591/364 372/1592/372 371/1593/371

vt 0.312445 0.402253
vt 0.341892 0.309652
vt 0.353686 0.384021
f  362/1594/362 366/1595/366 373/1596/373

vt 0.341892 0.309652
vt 0.353747 0.341921
vt 0.353686 0.384021
f  366/1597/366 374/1598/374 373/1599/373

vt 0.353686 0.384021
vt 0.353684 0.442473
vt 0.312445 0.402253
f  373/1600/373 367/1601/367 362/1602/362

vt 0.341892 0.309652
vt 0.353732 0.275227
vt 0.353747 0.341921
f  366/1603/366 375/1604/375 374/1605/374

vt 0.353688 0.245016
vt 0.353732 0.275227
vt 0.341892 0.309652
f  368/1606/368 375/1607/375 366/1608/366

vt 0.934935 0.576881
vt 0.928380 0.572586
vt 0.934250 0.575356
f  367/1609/367 376/1610/376 370/1611/370

vt 0.934935 0.616159
vt 0.928380 0.572586
vt 0.934935 0.576881
f  373/1612/373 376/1613/376 367/1614/367

vt 0.934935 0.616159
vt 0.927966 0.611312
vt 0.928380 0.572586
f  373/1615/373 377/1616/377 376/1617/376

vt 0.934935 0.644299
vt 0.927966 0.611312
vt 0.934935 0.616159
f  374/1618/374 377/1619/377 373/1620/373

vt 0.934935 0.644299
vt 0.927956 0.642590
vt 0.927966 0.611312
f  374/1621/374 378/1622/378 377/1623/377

vt 0.934935 0.688892
vt 0.927956 0.642590
vt 0.934935 0.644299
f  375/1624/375 378/1625/378 374/1626/374

vt 0.934935 0.688892
vt 0.927910 0.679091
vt 0.927956 0.642590
f  375/1627/375 379/1628/379 378/1629/378

vt 0.930232 0.709133
vt 0.923168 0.715067
vt 0.934935 0.688892
f  368/1630/368 380/1631/380 375/1632/375

vt 0.926189 0.733182
vt 0.923168 0.715067
vt 0.930232 0.709133
f  369/1633/369 380/1634/380 368/1635/368

vt 0.926189 0.733182
vt 0.921026 0.737424
vt 0.923168 0.715067
f  369/1636/369 381/1637/381 380/1638/380

vt 0.437388 0.890654
vt 0.498165 0.848409
vt 0.498233 0.890384
f  222/1639/222 289/1640/289 232/1641/232

vt 0.087403 0.602970
vt 0.090382 0.607003
vt 0.084536 0.607697
f  287/1642/287 382/1643/382 265/1644/265

vt 0.439990 0.416622
vt 0.439138 0.484059
vt 0.434974 0.415455
f  382/1645/382 383/1646/383 265/1647/265

vt 0.434974 0.415455
vt 0.439138 0.484059
vt 0.435354 0.505573
f  265/1648/265 383/1649/383 275/1650/275

vt 0.090382 0.607003
vt 0.087403 0.602970
vt 0.090520 0.604448
f  382/1651/382 287/1652/287 294/1653/294

vt 0.439138 0.484059
vt 0.441870 0.500198
vt 0.435354 0.505573
f  383/1654/383 384/1655/384 275/1656/275

vt 0.435354 0.505573
vt 0.455648 0.508362
vt 0.436730 0.511697
f  275/1657/275 302/1658/302 286/1659/286

vt 0.441870 0.500198
vt 0.456221 0.505669
vt 0.435354 0.505573
f  384/1660/384 301/1661/301 275/1662/275

vt 0.090520 0.604448
vt 0.096725 0.587101
vt 0.096424 0.598661
f  294/1663/294 277/1664/277 385/1665/385

vt 0.455648 0.508362
vt 0.456221 0.505669
vt 0.463682 0.505506
f  302/1666/302 301/1667/301 304/1668/304

vt 0.096725 0.587101
vt 0.119099 0.570036
vt 0.096424 0.598661
f  277/1669/277 295/1670/295 385/1671/385

vt 0.799398 0.734210
vt 0.793150 0.730841
vt 0.817271 0.704019
f  283/1672/283 253/1673/253 266/1674/266

vt 0.096424 0.598661
vt 0.119099 0.570036
vt 0.119231 0.573645
f  385/1675/385 295/1676/295 386/1677/386

vt 0.815586 0.735310
vt 0.812629 0.740158
vt 0.799586 0.746968
f  387/1678/387 306/1679/306 267/1680/267

vt 0.697084 0.153317
vt 0.697507 0.157392
vt 0.656264 0.153533
f  388/1681/388 308/1682/308 389/1683/389

vt 0.697084 0.153317
vt 0.741301 0.153644
vt 0.697507 0.157392
f  388/1684/388 390/1685/390 308/1686/308

vt 0.741301 0.153644
vt 0.775799 0.157276
vt 0.697507 0.157392
f  390/1687/390 311/1688/311 308/1689/308

vt 0.801869 0.153590
vt 0.839362 0.157262
vt 0.775799 0.157276
f  391/1690/391 313/1691/313 311/1692/311

vt 0.656264 0.153533
vt 0.609711 0.161951
vt 0.604556 0.156168
f  389/1693/389 310/1694/310 392/1695/392

vt 0.656264 0.153533
vt 0.697507 0.157392
vt 0.609711 0.161951
f  389/1696/389 308/1697/308 310/1698/310

vt 0.864686 0.154051
vt 0.860445 0.162322
vt 0.839362 0.157262
f  315/1699/315 314/1700/314 313/1701/313

vt 0.604556 0.156168
vt 0.609711 0.161951
vt 0.602047 0.211769
f  392/1702/392 310/1703/310 393/1704/393

vt 0.609711 0.161951
vt 0.609186 0.183488
vt 0.602047 0.211769
f  310/1705/310 317/1706/317 393/1707/393

vt 0.866520 0.234519
vt 0.863476 0.230935
vt 0.863963 0.162356
f  325/1708/325 321/1709/321 316/1710/316

vt 0.609186 0.183488
vt 0.608154 0.232937
vt 0.602047 0.211769
f  317/1711/317 323/1712/323 393/1713/393

vt 0.602047 0.211769
vt 0.608154 0.232937
vt 0.602032 0.283478
f  393/1714/393 323/1715/323 394/1716/394

vt 0.866520 0.234519
vt 0.866436 0.349070
vt 0.863489 0.341494
f  325/1717/325 395/1718/395 324/1719/324

vt 0.608154 0.232937
vt 0.608099 0.311997
vt 0.602032 0.283478
f  323/1720/323 327/1721/327 394/1722/394

vt 0.602032 0.283478
vt 0.608099 0.311997
vt 0.604969 0.353525
f  394/1723/394 327/1724/327 331/1725/331

vt 0.866436 0.349070
vt 0.861497 0.427445
vt 0.863489 0.341494
f  395/1726/395 330/1727/330 324/1728/324

vt 0.604969 0.353525
vt 0.609400 0.427525
vt 0.603580 0.433951
f  331/1729/331 332/1730/332 337/1731/337

vt 0.866436 0.349070
vt 0.867659 0.433611
vt 0.861497 0.427445
f  395/1732/395 339/1733/339 330/1734/330

vt 0.709824 0.436552
vt 0.691186 0.427326
vt 0.750093 0.427294
f  396/1735/396 334/1736/334 333/1737/333

vt 0.780784 0.436329
vt 0.750093 0.427294
vt 0.792828 0.427383
f  397/1738/397 333/1739/333 335/1740/335

vt 0.825877 0.427574
vt 0.867659 0.433611
vt 0.834370 0.438500
f  336/1741/336 339/1742/339 398/1743/398

vt 0.834370 0.438500
vt 0.792828 0.427383
vt 0.825877 0.427574
f  398/1744/398 335/1745/335 336/1746/336

vt 0.151630 0.435383
vt 0.150824 0.389899
vt 0.157878 0.393413
f  340/1747/340 399/1748/399 341/1749/341

vt 0.150824 0.389899
vt 0.152521 0.352613
vt 0.157878 0.393413
f  399/1750/399 343/1751/343 341/1752/341

vt 0.157864 0.443228
vt 0.204475 0.444014
vt 0.205258 0.448239
f  342/1753/342 352/1754/352 359/1755/359

vt 0.204475 0.444014
vt 0.241181 0.445283
vt 0.205258 0.448239
f  352/1756/352 354/1757/354 359/1758/359

vt 0.225417 0.206629
vt 0.213243 0.202031
vt 0.255133 0.202166
f  355/1759/355 358/1760/358 400/1761/400

vt 0.225417 0.206629
vt 0.255133 0.202166
vt 0.261433 0.206488
f  355/1762/355 400/1763/400 361/1764/361

vt 0.241181 0.445283
vt 0.314536 0.449392
vt 0.255666 0.449659
f  354/1765/354 401/1766/401 360/1767/360

vt 0.255133 0.202166
vt 0.302608 0.203892
vt 0.261433 0.206488
f  400/1768/400 372/1769/372 361/1770/361

vt 0.261433 0.206488
vt 0.302608 0.203892
vt 0.299166 0.206648
f  361/1771/361 372/1772/372 364/1773/364

vt 0.241181 0.445283
vt 0.315725 0.445262
vt 0.314536 0.449392
f  354/1774/354 365/1775/365 401/1776/401

vt 0.315725 0.445262
vt 0.353991 0.444772
vt 0.314536 0.449392
f  365/1777/365 370/1778/370 401/1779/401

vt 0.353991 0.444772
vt 0.357332 0.450001
vt 0.314536 0.449392
f  370/1780/370 376/1781/376 401/1782/401

vt 0.934935 0.688892
vt 0.923168 0.715067
vt 0.927910 0.679091
f  375/1783/375 380/1784/380 379/1785/379

vt 0.434419 0.540069
vt 0.429008 0.525595
vt 0.446864 0.526383
f  261/1786/261 117/1787/117 402/1788/402

vt 0.079832 0.018323
vt 0.024375 0.010028
vt 0.025480 0.000163
f  403/1789/403 404/1790/404 274/1791/274

vt 0.079832 0.018323
vt 0.102613 0.021738
vt 0.085316 0.026919
f  403/1792/403 405/1793/405 406/1794/406

vt 0.102613 0.021738
vt 0.147367 0.024009
vt 0.142827 0.026762
f  405/1795/405 407/1796/407 408/1797/408

vt 0.147367 0.024009
vt 0.187178 0.028479
vt 0.142827 0.026762
f  407/1798/407 409/1799/409 408/1800/408

vt 0.147367 0.024009
vt 0.203603 0.025895
vt 0.187178 0.028479
f  407/1801/407 410/1802/410 409/1803/409

vt 0.203603 0.025895
vt 0.220869 0.032634
vt 0.187178 0.028479
f  410/1804/410 411/1805/411 409/1806/409

vt 0.203603 0.025895
vt 0.254038 0.027068
vt 0.220869 0.032634
f  410/1807/410 412/1808/412 411/1809/411

vt 0.298770 0.028216
vt 0.332990 0.035284
vt 0.277270 0.033786
f  413/1810/413 414/1811/414 415/1812/415

vt 0.384179 0.030834
vt 0.332990 0.035284
vt 0.298770 0.028216
f  416/1813/416 414/1814/414 413/1815/413

vt 0.384179 0.030834
vt 0.392244 0.036956
vt 0.332990 0.035284
f  416/1816/416 417/1817/417 414/1818/414

vt 0.438008 0.037606
vt 0.392244 0.036956
vt 0.384179 0.030834
f  418/1819/418 417/1820/417 416/1821/416

vt 0.445356 0.492127
vt 0.441870 0.500198
vt 0.441906 0.481084
f  293/1822/293 384/1823/384 418/1824/418

vt 0.441793 0.043147
vt 0.441150 0.054564
vt 0.439659 0.043318
f  383/1825/383 419/1826/419 420/1827/420

vt 0.096424 0.598661
vt 0.090382 0.607003
vt 0.090520 0.604448
f  385/1828/385 382/1829/382 294/1830/294

vt 0.441793 0.043147
vt 0.450620 0.078657
vt 0.441150 0.054564
f  383/1831/383 421/1832/421 419/1833/419

vt 0.096424 0.598661
vt 0.119231 0.573645
vt 0.090382 0.607003
f  385/1834/385 386/1835/386 382/1836/382

vt 0.468975 0.090777
vt 0.450620 0.078657
vt 0.468931 0.084414
f  422/1837/422 421/1838/421 423/1839/423

vt 0.468975 0.090777
vt 0.468931 0.084414
vt 0.475096 0.095440
f  422/1840/422 423/1841/423 424/1842/424

vt 0.468931 0.084414
vt 0.478266 0.086365
vt 0.475096 0.095440
f  423/1843/423 305/1844/305 424/1845/424

vt 0.828574 0.738395
vt 0.808149 0.745730
vt 0.812629 0.740158
f  305/1846/305 307/1847/307 306/1848/306

vt 0.598625 0.149351
vt 0.656264 0.153533
vt 0.604556 0.156168
f  425/1849/425 389/1850/389 392/1851/392

vt 0.697084 0.153317
vt 0.729510 0.147147
vt 0.741301 0.153644
f  388/1852/388 426/1853/426 390/1854/390

vt 0.741301 0.153644
vt 0.729510 0.147147
vt 0.801869 0.153590
f  390/1855/390 426/1856/426 391/1857/391

vt 0.729510 0.147147
vt 0.799860 0.147452
vt 0.801869 0.153590
f  426/1858/426 427/1859/427 391/1860/391

vt 0.801869 0.153590
vt 0.799860 0.147452
vt 0.864686 0.154051
f  391/1861/391 427/1862/427 315/1863/315

vt 0.864686 0.154051
vt 0.873682 0.151632
vt 0.869041 0.155601
f  315/1864/315 428/1865/428 429/1866/429

vt 0.801869 0.153590
vt 0.775799 0.157276
vt 0.741301 0.153644
f  391/1867/391 311/1868/311 390/1869/390

vt 0.864686 0.154051
vt 0.839362 0.157262
vt 0.801869 0.153590
f  315/1870/315 313/1871/313 391/1872/391

vt 0.864686 0.154051
vt 0.869041 0.155601
vt 0.863963 0.162356
f  315/1873/315 429/1874/429 316/1875/316

vt 0.598625 0.149351
vt 0.604556 0.156168
vt 0.602047 0.211769
f  425/1876/425 392/1877/392 393/1878/393

vt 0.869041 0.155601
vt 0.866520 0.234519
vt 0.863963 0.162356
f  429/1879/429 325/1880/325 316/1881/316

vt 0.869041 0.155601
vt 0.870190 0.262892
vt 0.866520 0.234519
f  429/1882/429 430/1883/430 325/1884/325

vt 0.781246 0.770631
vt 0.690547 0.813620
vt 0.719025 0.770896
f  431/1885/431 142/1886/142 288/1887/288

vt 0.870190 0.262892
vt 0.869290 0.323657
vt 0.866520 0.234519
f  430/1888/430 432/1889/432 325/1890/325

vt 0.869290 0.323657
vt 0.866436 0.349070
vt 0.866520 0.234519
f  432/1891/432 395/1892/395 325/1893/325

vt 0.602032 0.283478
vt 0.604969 0.353525
vt 0.601695 0.354177
f  394/1894/394 331/1895/331 433/1896/433

vt 0.869290 0.323657
vt 0.869528 0.391180
vt 0.866436 0.349070
f  432/1897/432 434/1898/434 395/1899/395

vt 0.601695 0.354177
vt 0.604969 0.353525
vt 0.603580 0.433951
f  433/1900/433 331/1901/331 337/1902/337

vt 0.869528 0.391180
vt 0.867659 0.433611
vt 0.866436 0.349070
f  434/1903/434 339/1904/339 395/1905/395

vt 0.601695 0.354177
vt 0.603580 0.433951
vt 0.599199 0.436861
f  433/1906/433 337/1907/337 435/1908/435

vt 0.691186 0.427326
vt 0.709824 0.436552
vt 0.651839 0.436229
f  334/1909/334 396/1910/396 338/1911/338

vt 0.750093 0.427294
vt 0.780784 0.436329
vt 0.709824 0.436552
f  333/1912/333 397/1913/397 396/1914/396

vt 0.792828 0.427383
vt 0.834370 0.438500
vt 0.780784 0.436329
f  335/1915/335 398/1916/398 397/1917/397

vt 0.651839 0.436229
vt 0.666217 0.442695
vt 0.629320 0.446702
f  338/1918/338 436/1919/436 437/1920/437

vt 0.780784 0.436329
vt 0.719336 0.441980
vt 0.709824 0.436552
f  397/1921/397 438/1922/438 396/1923/396

vt 0.867659 0.433611
vt 0.872440 0.439911
vt 0.834370 0.438500
f  339/1924/339 439/1925/439 398/1926/398

vt 0.985907 0.526224
vt 0.980476 0.497485
vt 0.985907 0.481029
f  440/1927/440 441/1928/441 442/1929/442

vt 0.985907 0.481029
vt 0.980476 0.497485
vt 0.980600 0.481012
f  442/1930/442 441/1931/441 443/1932/443

vt 0.985907 0.526224
vt 0.980263 0.525856
vt 0.980476 0.497485
f  440/1933/440 444/1934/444 441/1935/441

vt 0.985907 0.526224
vt 0.987017 0.528203
vt 0.980263 0.525856
f  440/1936/440 445/1937/445 444/1938/444

vt 0.394356 0.414824
vt 0.397133 0.414822
vt 0.393086 0.443990
f  444/1939/444 446/1940/446 441/1941/441

vt 0.987017 0.528203
vt 0.976934 0.527324
vt 0.980263 0.525856
f  445/1942/445 446/1943/446 444/1944/444

vt 0.151339 0.453720
vt 0.157864 0.443228
vt 0.155417 0.450037
f  447/1945/447 342/1946/342 448/1947/448

vt 0.151339 0.453720
vt 0.151630 0.435383
vt 0.157864 0.443228
f  447/1948/447 340/1949/340 342/1950/342

vt 0.150885 0.197363
vt 0.154064 0.200931
vt 0.154920 0.204490
f  449/1951/449 450/1952/450 348/1953/348

vt 0.154064 0.200931
vt 0.189005 0.203901
vt 0.154920 0.204490
f  450/1954/450 351/1955/351 348/1956/348

vt 0.154064 0.200931
vt 0.213243 0.202031
vt 0.189005 0.203901
f  450/1957/450 358/1958/358 351/1959/351

vt 0.213243 0.202031
vt 0.154064 0.200931
vt 0.191859 0.196276
f  358/1960/358 450/1961/450 451/1962/451

vt 0.157864 0.443228
vt 0.205258 0.448239
vt 0.155417 0.450037
f  342/1963/342 359/1964/359 448/1965/448

vt 0.155417 0.450037
vt 0.205258 0.448239
vt 0.200652 0.451329
f  448/1966/448 359/1967/359 452/1968/452

vt 0.205258 0.448239
vt 0.255666 0.449659
vt 0.200652 0.451329
f  359/1969/359 360/1970/360 452/1971/452

vt 0.200652 0.451329
vt 0.255666 0.449659
vt 0.234227 0.455529
f  452/1972/452 360/1973/360 453/1974/453

vt 0.213243 0.202031
vt 0.191859 0.196276
vt 0.250357 0.196136
f  358/1975/358 451/1976/451 454/1977/454

vt 0.213243 0.202031
vt 0.250357 0.196136
vt 0.255133 0.202166
f  358/1978/358 454/1979/454 400/1980/400

vt 0.234227 0.455529
vt 0.255666 0.449659
vt 0.308059 0.455520
f  453/1981/453 360/1982/360 455/1983/455

vt 0.255133 0.202166
vt 0.283645 0.200682
vt 0.302608 0.203892
f  400/1984/400 456/1985/456 372/1986/372

vt 0.255133 0.202166
vt 0.250357 0.196136
vt 0.283645 0.200682
f  400/1987/400 454/1988/454 456/1989/456

vt 0.255666 0.449659
vt 0.314536 0.449392
vt 0.308059 0.455520
f  360/1990/360 401/1991/401 455/1992/455

vt 0.283645 0.200682
vt 0.312262 0.201760
vt 0.302608 0.203892
f  456/1993/456 457/1994/457 372/1995/372

vt 0.312262 0.201760
vt 0.283645 0.200682
vt 0.331240 0.196314
f  457/1996/457 456/1997/456 458/1998/458

vt 0.312262 0.201760
vt 0.342168 0.206029
vt 0.302608 0.203892
f  457/1999/457 371/2000/371 372/2001/372

vt 0.312262 0.201760
vt 0.357211 0.201689
vt 0.342168 0.206029
f  457/2002/457 381/2003/381 371/2004/371

vt 0.312262 0.201760
vt 0.331240 0.196314
vt 0.357211 0.201689
f  457/2005/457 458/2006/458 381/2007/381

vt 0.381474 0.673044
vt 0.400050 0.628699
vt 0.468780 0.629854
f  183/2008/183 459/2009/459 273/2010/273

vt 0.308059 0.455520
vt 0.314536 0.449392
vt 0.357332 0.450001
f  455/2011/455 401/2012/401 376/2013/376

vt 0.357211 0.201689
vt 0.353719 0.209125
vt 0.342168 0.206029
f  381/2014/381 369/2015/369 371/2016/371

vt 0.927956 0.642590
vt 0.927910 0.679091
vt 0.922018 0.655921
f  378/2017/378 379/2018/379 460/2019/460

vt 0.105561 0.813662
vt 0.045340 0.813672
vt 0.101374 0.770806
f  187/2020/187 191/2021/191 300/2022/300

vt 0.110157 0.604202
vt 0.112046 0.604443
vt 0.113269 0.605734
f  461/2023/461 293/2024/293 261/2025/261

vt 0.025480 0.000163
vt 0.024375 0.010028
vt 0.015013 0.005939
f  274/2026/274 404/2027/404 462/2028/462

vt 0.079832 0.018323
vt 0.085316 0.026919
vt 0.024375 0.010028
f  403/2029/403 406/2030/406 404/2031/404

vt 0.102613 0.021738
vt 0.142827 0.026762
vt 0.113246 0.028509
f  405/2032/405 408/2033/408 463/2034/463

vt 0.187178 0.028479
vt 0.220869 0.032634
vt 0.190996 0.031470
f  409/2035/409 411/2036/411 464/2037/464

vt 0.220869 0.032634
vt 0.254038 0.027068
vt 0.277270 0.033786
f  411/2038/411 412/2039/412 415/2040/415

vt 0.254038 0.027068
vt 0.298770 0.028216
vt 0.277270 0.033786
f  412/2041/412 413/2042/413 415/2043/415

vt 0.447342 0.492367
vt 0.441870 0.500198
vt 0.445356 0.492127
f  461/2044/461 384/2045/384 293/2046/293

vt 0.102613 0.021738
vt 0.113246 0.028509
vt 0.085316 0.026919
f  405/2047/405 463/2048/463 406/2049/406

vt 0.142827 0.026762
vt 0.155850 0.030331
vt 0.113246 0.028509
f  408/2050/408 465/2051/465 463/2052/463

vt 0.187178 0.028479
vt 0.155850 0.030331
vt 0.142827 0.026762
f  409/2053/409 465/2054/465 408/2055/408

vt 0.187178 0.028479
vt 0.190996 0.031470
vt 0.155850 0.030331
f  409/2056/409 464/2057/464 465/2058/465

vt 0.438008 0.037606
vt 0.439659 0.043318
vt 0.392244 0.036956
f  418/2059/418 420/2060/420 417/2061/417

vt 0.438008 0.037606
vt 0.441793 0.043147
vt 0.439659 0.043318
f  418/2062/418 383/2063/383 420/2064/420

vt 0.441870 0.500198
vt 0.439138 0.484059
vt 0.441906 0.481084
f  384/2065/384 383/2066/383 418/2067/418

vt 0.436730 0.511697
vt 0.455648 0.508362
vt 0.473355 0.511771
f  286/2068/286 302/2069/302 466/2070/466

vt 0.441870 0.500198
vt 0.451994 0.501240
vt 0.456221 0.505669
f  384/2071/384 467/2072/467 301/2073/301

vt 0.467569 0.506443
vt 0.472512 0.504504
vt 0.473410 0.508301
f  303/2074/303 424/2075/424 305/2076/305

vt 0.455648 0.508362
vt 0.473410 0.508301
vt 0.473355 0.511771
f  302/2077/302 305/2078/305 466/2079/466

vt 0.473410 0.508301
vt 0.474161 0.514402
vt 0.473355 0.511771
f  305/2080/305 468/2081/468 466/2082/466

vt 0.025686 0.087633
vt 0.075279 0.087684
vt 0.029761 0.091554
f  469/2083/469 470/2084/470 471/2085/471

vt 0.029761 0.091554
vt 0.075279 0.087684
vt 0.102854 0.091112
f  471/2086/471 470/2087/470 472/2088/472

vt 0.075279 0.087684
vt 0.133262 0.088679
vt 0.102854 0.091112
f  470/2089/470 473/2090/473 472/2091/472

vt 0.102854 0.091112
vt 0.133262 0.088679
vt 0.189335 0.092145
f  472/2092/472 473/2093/473 474/2094/474

vt 0.133262 0.088679
vt 0.202828 0.089583
vt 0.189335 0.092145
f  473/2095/473 475/2096/475 474/2097/474

vt 0.202828 0.089583
vt 0.283834 0.090807
vt 0.189335 0.092145
f  475/2098/475 476/2099/476 474/2100/474

vt 0.189335 0.092145
vt 0.283834 0.090807
vt 0.281402 0.093461
f  474/2101/474 476/2102/476 477/2103/477

vt 0.283834 0.090807
vt 0.321801 0.091292
vt 0.281402 0.093461
f  476/2104/476 478/2105/478 477/2106/477

vt 0.281402 0.093461
vt 0.321801 0.091292
vt 0.333307 0.095222
f  477/2107/477 478/2108/478 479/2109/479

vt 0.321801 0.091292
vt 0.368238 0.091563
vt 0.333307 0.095222
f  478/2110/478 480/2111/480 479/2112/479

vt 0.333307 0.095222
vt 0.368238 0.091563
vt 0.392480 0.095320
f  479/2113/479 480/2114/480 481/2115/481

vt 0.368238 0.091563
vt 0.413205 0.091489
vt 0.392480 0.095320
f  480/2116/480 482/2117/482 481/2118/481

vt 0.413205 0.091489
vt 0.468975 0.090777
vt 0.392480 0.095320
f  482/2119/482 422/2120/422 481/2121/481

vt 0.392480 0.095320
vt 0.468975 0.090777
vt 0.457874 0.095611
f  481/2122/481 422/2123/422 483/2124/483

vt 0.102854 0.091112
vt 0.099727 0.094470
vt 0.029761 0.091554
f  472/2125/472 484/2126/484 471/2127/471

vt 0.189335 0.092145
vt 0.099727 0.094470
vt 0.102854 0.091112
f  474/2128/474 484/2129/484 472/2130/472

vt 0.189335 0.092145
vt 0.201844 0.095447
vt 0.099727 0.094470
f  474/2131/474 485/2132/485 484/2133/484

vt 0.189335 0.092145
vt 0.283546 0.096558
vt 0.201844 0.095447
f  474/2134/474 486/2135/486 485/2136/485

vt 0.281402 0.093461
vt 0.283546 0.096558
vt 0.189335 0.092145
f  477/2137/477 486/2138/486 474/2139/474

vt 0.333307 0.095222
vt 0.283546 0.096558
vt 0.281402 0.093461
f  479/2140/479 486/2141/486 477/2142/477

vt 0.468975 0.090777
vt 0.467399 0.099413
vt 0.457874 0.095611
f  422/2143/422 487/2144/487 483/2145/483

vt 0.470875 0.098911
vt 0.467399 0.099413
vt 0.468975 0.090777
f  488/2146/488 487/2147/487 422/2148/422

vt 0.828574 0.738395
vt 0.812629 0.740158
vt 0.826251 0.734487
f  305/2149/305 306/2150/306 468/2151/468

vt 0.099727 0.094470
vt 0.027192 0.132912
vt 0.029761 0.091554
f  484/2152/484 489/2153/489 471/2154/471

vt 0.392480 0.095320
vt 0.369291 0.159096
vt 0.333307 0.095222
f  481/2155/481 490/2156/490 479/2157/479

vt 0.021369 0.093102
vt 0.029761 0.091554
vt 0.027192 0.132912
f  491/2158/491 471/2159/471 489/2160/489

vt 0.467399 0.099413
vt 0.465798 0.108909
vt 0.457874 0.095611
f  487/2161/487 492/2162/492 483/2163/483

vt 0.467399 0.099413
vt 0.470875 0.098911
vt 0.465798 0.108909
f  487/2164/487 488/2165/488 492/2166/492

vt 0.021369 0.093102
vt 0.027192 0.132912
vt 0.021613 0.131100
f  491/2167/491 489/2168/489 493/2169/493

vt 0.470875 0.098911
vt 0.470277 0.111770
vt 0.465798 0.108909
f  488/2170/488 494/2171/494 492/2172/492

vt 0.392480 0.095320
vt 0.457874 0.095611
vt 0.395962 0.161181
f  481/2173/481 483/2174/483 495/2175/495

vt 0.889867 0.813653
vt 0.887648 0.772156
vt 0.960782 0.772134
f  126/2176/126 296/2177/296 279/2178/279

vt 0.392480 0.095320
vt 0.395962 0.161181
vt 0.369291 0.159096
f  481/2179/481 495/2180/495 490/2181/490

vt 0.333307 0.095222
vt 0.369291 0.159096
vt 0.283546 0.096558
f  479/2182/479 490/2183/490 486/2184/486

vt 0.099727 0.094470
vt 0.097904 0.160062
vt 0.027192 0.132912
f  484/2185/484 496/2186/496 489/2187/489

vt 0.099727 0.094470
vt 0.201844 0.095447
vt 0.097904 0.160062
f  484/2188/484 485/2189/485 496/2190/496

vt 0.465798 0.108909
vt 0.470277 0.111770
vt 0.460828 0.151431
f  492/2191/492 494/2192/494 497/2193/497

vt 0.470277 0.111770
vt 0.465152 0.153194
vt 0.460828 0.151431
f  494/2194/494 498/2195/498 497/2196/497

vt 0.457874 0.095611
vt 0.465798 0.108909
vt 0.453979 0.185731
f  483/2197/483 492/2198/492 499/2199/499

vt 0.201844 0.095447
vt 0.220160 0.158189
vt 0.097904 0.160062
f  485/2200/485 500/2201/500 496/2202/496

vt 0.465798 0.108909
vt 0.460828 0.151431
vt 0.453979 0.185731
f  492/2203/492 497/2204/497 499/2205/499

vt 0.283546 0.096558
vt 0.220160 0.158189
vt 0.201844 0.095447
f  486/2206/486 500/2207/500 485/2208/485

vt 0.021613 0.131100
vt 0.027192 0.132912
vt 0.022345 0.161256
f  493/2209/493 489/2210/489 501/2211/501

vt 0.027192 0.132912
vt 0.027407 0.214334
vt 0.022345 0.161256
f  489/2212/489 502/2213/502 501/2214/501

vt 0.283546 0.096558
vt 0.317548 0.159909
vt 0.220160 0.158189
f  486/2215/486 503/2216/503 500/2217/500

vt 0.369291 0.159096
vt 0.317548 0.159909
vt 0.283546 0.096558
f  490/2218/490 503/2219/503 486/2220/486

vt 0.097904 0.160062
vt 0.153587 0.162580
vt 0.101444 0.163658
f  496/2221/496 504/2222/504 505/2223/505

vt 0.220160 0.158189
vt 0.153587 0.162580
vt 0.097904 0.160062
f  500/2224/500 504/2225/504 496/2226/496

vt 0.220160 0.158189
vt 0.222060 0.160910
vt 0.153587 0.162580
f  500/2227/500 506/2228/506 504/2229/504

vt 0.220160 0.158189
vt 0.317548 0.159909
vt 0.222060 0.160910
f  500/2230/500 503/2231/503 506/2232/506

vt 0.137536 0.571931
vt 0.137011 0.573148
vt 0.124335 0.571931
f  495/2233/495 507/2234/507 490/2235/490

vt 0.703885 0.113234
vt 0.690516 0.116875
vt 0.630900 0.113888
f  506/2236/506 508/2237/508 504/2238/504

vt 0.703885 0.113234
vt 0.746968 0.117028
vt 0.690516 0.116875
f  506/2239/506 509/2240/509 508/2241/508

vt 0.806957 0.113540
vt 0.746968 0.117028
vt 0.703885 0.113234
f  503/2242/503 509/2243/509 506/2244/506

vt 0.806957 0.113540
vt 0.840021 0.117402
vt 0.746968 0.117028
f  503/2245/503 510/2246/510 509/2247/509

vt 0.865608 0.113500
vt 0.840021 0.117402
vt 0.806957 0.113540
f  490/2248/490 510/2249/510 503/2250/503

vt 0.865608 0.113500
vt 0.896209 0.115063
vt 0.840021 0.117402
f  490/2251/490 507/2252/507 510/2253/510

vt 0.457874 0.095611
vt 0.453979 0.185731
vt 0.395962 0.161181
f  483/2254/483 499/2255/499 495/2256/495

vt 0.019178 0.178919
vt 0.022345 0.161256
vt 0.022240 0.182407
f  511/2257/511 501/2258/501 512/2259/512

vt 0.022345 0.161256
vt 0.027407 0.214334
vt 0.022240 0.182407
f  501/2260/501 502/2261/502 512/2262/512

vt 0.022240 0.182407
vt 0.019485 0.192841
vt 0.019178 0.178919
f  512/2263/512 513/2264/513 511/2265/511

vt 0.101444 0.163658
vt 0.102320 0.217589
vt 0.097904 0.160062
f  505/2266/505 514/2267/514 496/2268/496

vt 0.903280 0.581556
vt 0.843170 0.586629
vt 0.846785 0.579279
f  505/2269/505 515/2270/515 514/2271/514

vt 0.027192 0.132912
vt 0.097904 0.160062
vt 0.102320 0.217589
f  489/2272/489 496/2273/496 514/2274/514

vt 0.027192 0.132912
vt 0.102320 0.217589
vt 0.027407 0.214334
f  489/2275/489 514/2276/514 502/2277/502

vt 0.656264 0.153533
vt 0.598625 0.149351
vt 0.663543 0.147089
f  389/2278/389 425/2279/425 516/2280/516

vt 0.656264 0.153533
vt 0.663543 0.147089
vt 0.697084 0.153317
f  389/2281/389 516/2282/516 388/2283/388

vt 0.697084 0.153317
vt 0.663543 0.147089
vt 0.729510 0.147147
f  388/2284/388 516/2285/516 426/2286/426

vt 0.460828 0.151431
vt 0.451787 0.223535
vt 0.453979 0.185731
f  497/2287/497 517/2288/517 499/2289/499

vt 0.465152 0.153194
vt 0.456338 0.223268
vt 0.460828 0.151431
f  498/2290/498 518/2291/518 497/2292/497

vt 0.460828 0.151431
vt 0.456338 0.223268
vt 0.451787 0.223535
f  497/2293/497 518/2294/518 517/2295/517

vt 0.022240 0.182407
vt 0.020834 0.202852
vt 0.019485 0.192841
f  512/2296/512 519/2297/519 513/2298/513

vt 0.022240 0.182407
vt 0.027407 0.214334
vt 0.020834 0.202852
f  512/2299/512 502/2300/502 519/2301/519

vt 0.391474 0.223739
vt 0.395962 0.161181
vt 0.453979 0.185731
f  520/2302/520 495/2303/495 499/2304/499

vt 0.602047 0.211769
vt 0.596488 0.223404
vt 0.598625 0.149351
f  393/2305/393 521/2306/521 425/2307/425

vt 0.395962 0.161181
vt 0.391474 0.223739
vt 0.389798 0.209380
f  495/2308/495 520/2309/520 522/2310/522

vt 0.391474 0.223739
vt 0.453979 0.185731
vt 0.449148 0.241500
f  520/2311/520 499/2312/499 523/2313/523

vt 0.869041 0.155601
vt 0.873682 0.151632
vt 0.875098 0.244477
f  429/2314/429 428/2315/428 524/2316/524

vt 0.027407 0.214334
vt 0.024910 0.259522
vt 0.020834 0.202852
f  502/2317/502 525/2318/525 519/2319/519

vt 0.453979 0.185731
vt 0.451787 0.223535
vt 0.449148 0.241500
f  499/2320/499 517/2321/517 523/2322/523

vt 0.456338 0.223268
vt 0.455169 0.229289
vt 0.451787 0.223535
f  518/2323/518 526/2324/526 517/2325/517

vt 0.451787 0.223535
vt 0.455169 0.229289
vt 0.449148 0.241500
f  517/2326/517 526/2327/526 523/2328/523

vt 0.027407 0.214334
vt 0.102320 0.217589
vt 0.030823 0.261021
f  502/2329/502 514/2330/514 527/2331/527

vt 0.438074 0.318741
vt 0.391474 0.223739
vt 0.449148 0.241500
f  528/2332/528 520/2333/520 523/2334/523

vt 0.024910 0.259522
vt 0.027407 0.214334
vt 0.030823 0.261021
f  525/2335/525 502/2336/502 527/2337/527

vt 0.455169 0.229289
vt 0.453095 0.248605
vt 0.449148 0.241500
f  526/2338/526 529/2339/529 523/2340/523

vt 0.449148 0.241500
vt 0.447470 0.259932
vt 0.438074 0.318741
f  523/2341/523 530/2342/530 528/2343/528

vt 0.449148 0.241500
vt 0.453095 0.248605
vt 0.447470 0.259932
f  523/2344/523 529/2345/529 530/2346/530

vt 0.869041 0.155601
vt 0.875098 0.244477
vt 0.870190 0.262892
f  429/2347/429 524/2348/524 430/2349/430

vt 0.024910 0.259522
vt 0.030823 0.261021
vt 0.026399 0.279154
f  525/2350/525 527/2351/527 531/2352/531

vt 0.389798 0.209380
vt 0.391474 0.223739
vt 0.386021 0.241712
f  522/2353/522 520/2354/520 532/2355/532

vt 0.026399 0.279154
vt 0.030823 0.261021
vt 0.028696 0.292916
f  531/2356/531 527/2357/527 533/2358/533

vt 0.453095 0.248605
vt 0.451601 0.262107
vt 0.447470 0.259932
f  529/2359/529 534/2360/534 530/2361/530

vt 0.846785 0.579279
vt 0.843170 0.586629
vt 0.763764 0.579279
f  514/2362/514 515/2363/515 535/2364/535

vt 0.391474 0.223739
vt 0.438074 0.318741
vt 0.379065 0.311998
f  520/2365/520 528/2366/528 536/2367/536

vt 0.030823 0.261021
vt 0.102320 0.217589
vt 0.110977 0.302412
f  527/2368/527 514/2369/514 535/2370/535

vt 0.030823 0.261021
vt 0.037360 0.315799
vt 0.028696 0.292916
f  527/2371/527 537/2372/537 533/2373/533

vt 0.391474 0.223739
vt 0.379065 0.311998
vt 0.386021 0.241712
f  520/2374/520 536/2375/536 532/2376/532

vt 0.028696 0.292916
vt 0.037360 0.315799
vt 0.029406 0.304148
f  533/2377/533 537/2378/537 538/2379/538

vt 0.602047 0.211769
vt 0.602032 0.283478
vt 0.596488 0.223404
f  393/2380/393 394/2381/394 521/2382/521

vt 0.029406 0.304148
vt 0.037360 0.315799
vt 0.034301 0.316671
f  538/2383/538 537/2384/537 539/2385/539

vt 0.451601 0.262107
vt 0.441920 0.343678
vt 0.447470 0.259932
f  534/2386/534 540/2387/540 530/2388/530

vt 0.029406 0.304148
vt 0.034301 0.316671
vt 0.029104 0.320316
f  538/2389/538 539/2390/539 541/2391/541

vt 0.581224 0.003370
vt 0.552149 0.000163
vt 0.599943 0.000163
f  542/2392/542 532/2393/532 536/2394/536

vt 0.029104 0.320316
vt 0.034301 0.316671
vt 0.030689 0.339091
f  541/2395/541 539/2396/539 543/2397/543

vt 0.110977 0.302412
vt 0.113403 0.338939
vt 0.030823 0.261021
f  535/2398/535 544/2399/544 527/2400/527

vt 0.030689 0.339091
vt 0.034301 0.316671
vt 0.035944 0.339189
f  543/2401/543 539/2402/539 545/2403/545

vt 0.034301 0.316671
vt 0.037360 0.315799
vt 0.035944 0.339189
f  539/2404/539 537/2405/537 545/2406/545

vt 0.601695 0.354177
vt 0.596488 0.223404
vt 0.602032 0.283478
f  433/2407/433 521/2408/521 394/2409/394

vt 0.030823 0.261021
vt 0.113403 0.338939
vt 0.037360 0.315799
f  527/2410/527 544/2411/544 537/2412/537

vt 0.601695 0.354177
vt 0.596532 0.353961
vt 0.596488 0.223404
f  433/2413/433 546/2414/546 521/2415/521

vt 0.037360 0.315799
vt 0.044518 0.418620
vt 0.035944 0.339189
f  537/2416/537 547/2417/547 545/2418/545

vt 0.037360 0.315799
vt 0.113403 0.338939
vt 0.044518 0.418620
f  537/2419/537 544/2420/544 547/2421/547

vt 0.581224 0.003370
vt 0.599943 0.000163
vt 0.621828 0.003698
f  542/2422/542 536/2423/536 548/2424/548

vt 0.690919 0.585660
vt 0.640647 0.577624
vt 0.729153 0.578633
f  549/2425/549 550/2426/550 544/2427/544

vt 0.030689 0.339091
vt 0.035944 0.339189
vt 0.034125 0.387527
f  543/2428/543 545/2429/545 551/2430/551

vt 0.870190 0.262892
vt 0.874888 0.368435
vt 0.869290 0.323657
f  430/2431/430 552/2432/552 432/2433/432

vt 0.034125 0.387527
vt 0.035944 0.339189
vt 0.039454 0.388882
f  551/2434/551 545/2435/545 553/2436/553

vt 0.035944 0.339189
vt 0.044518 0.418620
vt 0.039454 0.388882
f  545/2437/545 547/2438/547 553/2439/553

vt 0.113403 0.338939
vt 0.118983 0.431220
vt 0.044518 0.418620
f  544/2440/544 550/2441/550 547/2442/547

vt 0.447470 0.259932
vt 0.436484 0.353522
vt 0.438074 0.318741
f  530/2443/530 554/2444/554 528/2445/528

vt 0.441920 0.343678
vt 0.436484 0.353522
vt 0.447470 0.259932
f  540/2446/540 554/2447/554 530/2448/530

vt 0.379065 0.311998
vt 0.438074 0.318741
vt 0.369437 0.393715
f  536/2449/536 528/2450/528 555/2451/555

vt 0.034125 0.387527
vt 0.039454 0.388882
vt 0.036106 0.412334
f  551/2452/551 553/2453/553 556/2454/556

vt 0.039454 0.388882
vt 0.041242 0.413626
vt 0.036106 0.412334
f  553/2455/553 557/2456/557 556/2457/556

vt 0.039454 0.388882
vt 0.044518 0.418620
vt 0.041242 0.413626
f  553/2458/553 547/2459/547 557/2460/557

vt 0.599943 0.000163
vt 0.655961 0.000163
vt 0.621828 0.003698
f  536/2461/536 555/2462/555 548/2463/548

vt 0.869290 0.323657
vt 0.874888 0.368435
vt 0.869528 0.391180
f  432/2464/432 552/2465/552 434/2466/434

vt 0.640647 0.577624
vt 0.690919 0.585660
vt 0.621252 0.584922
f  550/2467/550 549/2468/549 558/2469/558

vt 0.036106 0.412334
vt 0.041242 0.413626
vt 0.039366 0.469883
f  556/2470/556 557/2471/557 559/2472/559

vt 0.041242 0.413626
vt 0.044853 0.469199
vt 0.039366 0.469883
f  557/2473/557 560/2474/560 559/2475/559

vt 0.041242 0.413626
vt 0.044518 0.418620
vt 0.044853 0.469199
f  557/2476/557 547/2477/547 560/2478/560

vt 0.621828 0.003698
vt 0.655961 0.000163
vt 0.661979 0.003899
f  548/2479/548 555/2480/555 561/2481/561

vt 0.438074 0.318741
vt 0.436484 0.353522
vt 0.429427 0.411574
f  528/2482/528 554/2483/554 562/2484/562

vt 0.441920 0.343678
vt 0.433851 0.412968
vt 0.436484 0.353522
f  540/2485/540 563/2486/563 554/2487/554

vt 0.436484 0.353522
vt 0.433851 0.412968
vt 0.429427 0.411574
f  554/2488/554 563/2489/563 562/2490/562

vt 0.369437 0.393715
vt 0.438074 0.318741
vt 0.429427 0.411574
f  555/2491/555 528/2492/528 562/2493/562

vt 0.044518 0.418620
vt 0.118983 0.431220
vt 0.044853 0.469199
f  547/2494/547 550/2495/550 560/2496/560

vt 0.118983 0.431220
vt 0.073435 0.521768
vt 0.044853 0.469199
f  550/2497/550 564/2498/564 560/2499/560

vt 0.601695 0.354177
vt 0.599199 0.436861
vt 0.596532 0.353961
f  433/2500/433 435/2501/435 546/2502/546

vt 0.867659 0.433611
vt 0.869528 0.391180
vt 0.872440 0.439911
f  339/2503/339 434/2504/434 439/2505/439

vt 0.709824 0.436552
vt 0.666217 0.442695
vt 0.651839 0.436229
f  396/2506/396 436/2507/436 338/2508/338

vt 0.780784 0.436329
vt 0.758608 0.442870
vt 0.719336 0.441980
f  397/2509/397 565/2510/565 438/2511/438

vt 0.806591 0.442260
vt 0.758608 0.442870
vt 0.780784 0.436329
f  566/2512/566 565/2513/565 397/2514/397

vt 0.780784 0.436329
vt 0.834370 0.438500
vt 0.806591 0.442260
f  397/2515/397 398/2516/398 566/2517/566

vt 0.603580 0.433951
vt 0.629320 0.446702
vt 0.599199 0.436861
f  337/2518/337 437/2519/437 435/2520/435

vt 0.651839 0.436229
vt 0.629320 0.446702
vt 0.603580 0.433951
f  338/2521/338 437/2522/437 337/2523/337

vt 0.709824 0.436552
vt 0.719336 0.441980
vt 0.666217 0.442695
f  396/2524/396 438/2525/438 436/2526/436

vt 0.640647 0.577624
vt 0.621252 0.584922
vt 0.574501 0.579606
f  550/2527/550 558/2528/558 567/2529/567

vt 0.560710 0.608674
vt 0.487227 0.596037
vt 0.489730 0.520254
f  555/2530/555 562/2531/562 568/2532/568

vt 0.487227 0.596037
vt 0.481791 0.595003
vt 0.486808 0.544651
f  562/2533/562 563/2534/563 569/2535/569

vt 0.661979 0.003899
vt 0.655961 0.000163
vt 0.682541 0.000163
f  561/2536/561 555/2537/555 570/2538/570

vt 0.561624 0.562397
vt 0.560710 0.608674
vt 0.489730 0.520254
f  570/2539/570 555/2540/555 568/2541/568

vt 0.039366 0.469883
vt 0.044853 0.469199
vt 0.041673 0.514359
f  559/2542/559 560/2543/560 571/2544/571

vt 0.118983 0.431220
vt 0.123781 0.499087
vt 0.073435 0.521768
f  550/2545/550 567/2546/567 564/2547/564

vt 0.123781 0.499087
vt 0.171151 0.498332
vt 0.073435 0.521768
f  567/2548/567 572/2549/572 564/2550/564

vt 0.481791 0.595003
vt 0.481739 0.532670
vt 0.486808 0.544651
f  563/2551/563 573/2552/573 569/2553/569

vt 0.044853 0.469199
vt 0.047146 0.515002
vt 0.041673 0.514359
f  560/2554/560 574/2555/574 571/2556/571

vt 0.123781 0.499087
vt 0.169389 0.496217
vt 0.171151 0.498332
f  567/2557/567 575/2558/575 572/2559/572

vt 0.169389 0.496217
vt 0.207662 0.494886
vt 0.171151 0.498332
f  575/2560/575 576/2561/576 572/2562/572

vt 0.760149 0.561734
vt 0.743836 0.565834
vt 0.709342 0.561534
f  577/2563/577 578/2564/578 579/2565/579

vt 0.743836 0.565834
vt 0.710112 0.566493
vt 0.709342 0.561534
f  578/2566/578 580/2567/580 579/2568/579

vt 0.709342 0.561534
vt 0.671435 0.572716
vt 0.657588 0.562164
f  579/2569/579 581/2570/581 582/2571/582

vt 0.710112 0.566493
vt 0.671435 0.572716
vt 0.709342 0.561534
f  580/2572/580 581/2573/581 579/2574/579

vt 0.803786 0.562568
vt 0.777773 0.558605
vt 0.839286 0.561285
f  576/2575/576 583/2576/583 572/2577/572

vt 0.778424 0.562859
vt 0.777773 0.558605
vt 0.803786 0.562568
f  584/2578/584 583/2579/583 576/2580/576

vt 0.760149 0.561734
vt 0.777773 0.558605
vt 0.778424 0.562859
f  577/2581/577 583/2582/583 584/2583/584

vt 0.709342 0.561534
vt 0.777773 0.558605
vt 0.760149 0.561734
f  579/2584/579 583/2585/583 577/2586/577

vt 0.709342 0.561534
vt 0.660824 0.558595
vt 0.777773 0.558605
f  579/2587/579 585/2588/585 583/2589/583

vt 0.657588 0.562164
vt 0.660824 0.558595
vt 0.709342 0.561534
f  582/2590/582 585/2591/585 579/2592/579

vt 0.657588 0.562164
vt 0.625745 0.562494
vt 0.660824 0.558595
f  582/2593/582 586/2594/586 585/2595/585

vt 0.777773 0.558605
vt 0.791974 0.536314
vt 0.839286 0.561285
f  583/2596/583 587/2597/587 572/2598/572

vt 0.777773 0.558605
vt 0.745978 0.536677
vt 0.791974 0.536314
f  583/2599/583 588/2600/588 587/2601/587

vt 0.660824 0.558595
vt 0.745978 0.536677
vt 0.777773 0.558605
f  585/2602/585 588/2603/588 583/2604/583

vt 0.625745 0.562494
vt 0.627547 0.473079
vt 0.660824 0.558595
f  586/2605/586 589/2606/589 585/2607/585

vt 0.625745 0.562494
vt 0.595599 0.561907
vt 0.627547 0.473079
f  586/2608/586 590/2609/590 589/2610/589

vt 0.487227 0.596037
vt 0.486808 0.544651
vt 0.489730 0.520254
f  562/2611/562 569/2612/569 568/2613/568

vt 0.656802 0.536677
vt 0.708211 0.536745
vt 0.660824 0.558595
f  591/2614/591 592/2615/592 585/2616/585

vt 0.934935 0.543399
vt 0.839286 0.561285
vt 0.916299 0.532583
f  564/2617/564 572/2618/572 593/2619/593

vt 0.660824 0.558595
vt 0.708211 0.536745
vt 0.745978 0.536677
f  585/2620/585 592/2621/592 588/2622/588

vt 0.073435 0.521768
vt 0.061840 0.531767
vt 0.044853 0.469199
f  564/2623/564 594/2624/594 560/2625/560

vt 0.121633 0.606719
vt 0.112216 0.603489
vt 0.121641 0.603523
f  564/2626/564 593/2627/593 595/2628/595

vt 0.660824 0.558595
vt 0.627547 0.473079
vt 0.656802 0.536677
f  585/2629/585 589/2630/589 591/2631/591

vt 0.791974 0.536314
vt 0.791975 0.499396
vt 0.839286 0.561285
f  587/2632/587 596/2633/596 572/2634/572

vt 0.044853 0.469199
vt 0.061840 0.531767
vt 0.047146 0.515002
f  560/2635/560 594/2636/594 574/2637/574

vt 0.123282 0.606004
vt 0.121641 0.603523
vt 0.125607 0.598340
f  564/2638/564 595/2639/595 594/2640/594

vt 0.561624 0.562397
vt 0.489730 0.520254
vt 0.595599 0.561907
f  570/2641/570 568/2642/568 590/2643/590

vt 0.595599 0.561907
vt 0.489730 0.520254
vt 0.558160 0.472960
f  590/2644/590 568/2645/568 597/2646/597

vt 0.041673 0.514359
vt 0.047146 0.515002
vt 0.043493 0.548876
f  571/2647/571 574/2648/574 598/2649/598

vt 0.505119 0.734385
vt 0.517194 0.741273
vt 0.516758 0.746968
f  574/2650/574 594/2651/594 599/2652/599

vt 0.047146 0.515002
vt 0.048934 0.552400
vt 0.043493 0.548876
f  574/2653/574 600/2654/600 598/2655/598

vt 0.125607 0.598340
vt 0.121641 0.591165
vt 0.124161 0.591165
f  594/2656/594 601/2657/601 599/2658/599

vt 0.561696 0.631723
vt 0.561696 0.616448
vt 0.565538 0.629780
f  591/2659/591 602/2660/602 603/2661/603

vt 0.112216 0.603489
vt 0.110157 0.592689
vt 0.112738 0.594958
f  593/2662/593 604/2663/604 605/2664/605

vt 0.916299 0.532583
vt 0.839286 0.561285
vt 0.920619 0.511725
f  593/2665/593 572/2666/572 604/2667/604

vt 0.839286 0.561285
vt 0.791975 0.499396
vt 0.835325 0.470239
f  572/2668/572 596/2669/596 606/2670/606

vt 0.471282 0.417272
vt 0.441921 0.414904
vt 0.475164 0.414822
f  607/2671/607 596/2672/596 587/2673/587

vt 0.656802 0.536677
vt 0.627547 0.473079
vt 0.654827 0.499327
f  591/2674/591 589/2675/589 602/2676/602

vt 0.392349 0.460925
vt 0.388562 0.463111
vt 0.389150 0.461611
f  443/2677/443 608/2678/608 442/2679/442

vt 0.988832 0.480566
vt 0.989104 0.506217
vt 0.985907 0.481029
f  608/2680/608 609/2681/609 442/2682/442

vt 0.989104 0.506217
vt 0.985907 0.526224
vt 0.985907 0.481029
f  609/2683/609 440/2684/440 442/2685/442

vt 0.989104 0.506217
vt 0.988965 0.527627
vt 0.985907 0.526224
f  609/2686/609 445/2687/445 440/2688/440

vt 0.565538 0.618028
vt 0.565538 0.629780
vt 0.561696 0.616448
f  610/2689/610 603/2690/603 602/2691/602

vt 0.123617 0.589347
vt 0.118065 0.587934
vt 0.137536 0.586744
f  599/2692/599 611/2693/611 574/2694/574

vt 0.121641 0.591165
vt 0.118065 0.587934
vt 0.123617 0.589347
f  601/2695/601 611/2696/611 599/2697/599

vt 0.446640 0.417303
vt 0.441921 0.414904
vt 0.471282 0.417272
f  612/2698/612 596/2699/596 607/2700/607

vt 0.047146 0.515002
vt 0.070457 0.554444
vt 0.070094 0.575179
f  574/2701/574 611/2702/611 613/2703/613

vt 0.395709 0.460899
vt 0.392349 0.460925
vt 0.393086 0.443990
f  614/2704/614 443/2705/443 441/2706/441

vt 0.395709 0.460899
vt 0.393086 0.443990
vt 0.397133 0.414822
f  614/2707/614 441/2708/441 446/2709/446

vt 0.595599 0.561907
vt 0.558160 0.472960
vt 0.627547 0.473079
f  590/2710/590 597/2711/597 589/2712/589

vt 0.839286 0.561285
vt 0.885626 0.470100
vt 0.920619 0.511725
f  572/2713/572 615/2714/615 604/2715/604

vt 0.839286 0.561285
vt 0.835325 0.470239
vt 0.885626 0.470100
f  572/2716/572 606/2717/606 615/2718/615

vt 0.486808 0.544651
vt 0.486667 0.488048
vt 0.489730 0.520254
f  569/2719/569 616/2720/616 568/2721/568

vt 0.481739 0.532670
vt 0.486667 0.488048
vt 0.486808 0.544651
f  573/2722/573 616/2723/616 569/2724/569

vt 0.546674 0.703499
vt 0.574255 0.678233
vt 0.571506 0.705711
f  611/2725/611 617/2726/617 613/2727/613

vt 0.545787 0.674336
vt 0.574255 0.678233
vt 0.546674 0.703499
f  604/2728/604 617/2729/617 611/2730/611

vt 0.481739 0.532670
vt 0.481634 0.487320
vt 0.486667 0.488048
f  573/2731/573 618/2732/618 616/2733/616

vt 0.047146 0.515002
vt 0.070094 0.575179
vt 0.048934 0.552400
f  574/2734/574 613/2735/613 600/2736/600

vt 0.446640 0.417303
vt 0.445715 0.475909
vt 0.441456 0.430398
f  612/2737/612 610/2738/610 619/2739/619

vt 0.445715 0.475909
vt 0.441494 0.477892
vt 0.441456 0.430398
f  610/2740/610 602/2741/602 619/2742/619

vt 0.441456 0.430398
vt 0.441921 0.414904
vt 0.446640 0.417303
f  619/2743/619 596/2744/596 612/2745/612

vt 0.654827 0.499327
vt 0.715178 0.473012
vt 0.758416 0.499109
f  602/2746/602 620/2747/620 619/2748/619

vt 0.070094 0.575179
vt 0.061640 0.582526
vt 0.048934 0.552400
f  613/2749/613 621/2750/621 600/2751/600

vt 0.558160 0.472960
vt 0.489730 0.520254
vt 0.486998 0.446942
f  597/2752/597 568/2753/568 622/2754/622

vt 0.061640 0.582526
vt 0.058331 0.589144
vt 0.048934 0.552400
f  621/2755/621 623/2756/623 600/2757/600

vt 0.571506 0.705711
vt 0.574255 0.678233
vt 0.583968 0.687256
f  613/2758/613 617/2759/617 624/2760/624

vt 0.574255 0.678233
vt 0.545787 0.674336
vt 0.596164 0.618944
f  617/2761/617 604/2762/604 615/2763/615

vt 0.791975 0.499396
vt 0.758416 0.499109
vt 0.715178 0.473012
f  596/2764/596 619/2765/619 620/2766/620

vt 0.048934 0.552400
vt 0.051617 0.604775
vt 0.043493 0.548876
f  600/2767/600 625/2768/625 598/2769/598

vt 0.043493 0.548876
vt 0.051617 0.604775
vt 0.046453 0.603982
f  598/2770/598 625/2771/625 626/2772/626

vt 0.048934 0.552400
vt 0.058331 0.589144
vt 0.051617 0.604775
f  600/2773/600 623/2774/623 625/2775/625

vt 0.061640 0.582526
vt 0.070851 0.585951
vt 0.058331 0.589144
f  621/2776/621 627/2777/627 623/2778/623

vt 0.791975 0.499396
vt 0.790721 0.470337
vt 0.835325 0.470239
f  596/2779/596 628/2780/628 606/2781/606

vt 0.654827 0.499327
vt 0.627547 0.473079
vt 0.715178 0.473012
f  602/2782/602 589/2783/589 620/2784/620

vt 0.598896 0.708885
vt 0.603891 0.725061
vt 0.593122 0.722954
f  629/2785/629 623/2786/623 627/2787/627

vt 0.583968 0.687256
vt 0.574255 0.678233
vt 0.599613 0.665532
f  624/2788/624 617/2789/617 630/2790/630

vt 0.715178 0.473012
vt 0.790721 0.470337
vt 0.791975 0.499396
f  620/2791/620 628/2792/628 596/2793/596

vt 0.489730 0.520254
vt 0.486667 0.488048
vt 0.486998 0.446942
f  568/2794/568 616/2795/616 622/2796/622

vt 0.574255 0.678233
vt 0.596164 0.618944
vt 0.599613 0.665532
f  617/2797/617 615/2798/615 630/2799/630

vt 0.715178 0.473012
vt 0.737840 0.469651
vt 0.790721 0.470337
f  620/2800/620 631/2801/631 628/2802/628

vt 0.715178 0.473012
vt 0.688667 0.469566
vt 0.737840 0.469651
f  620/2803/620 632/2804/632 631/2805/631

vt 0.627547 0.473079
vt 0.688667 0.469566
vt 0.715178 0.473012
f  589/2806/589 632/2807/632 620/2808/620

vt 0.627547 0.473079
vt 0.620771 0.469581
vt 0.688667 0.469566
f  589/2809/589 633/2810/633 632/2811/632

vt 0.558160 0.472960
vt 0.562432 0.469711
vt 0.627547 0.473079
f  597/2812/597 634/2813/634 589/2814/589

vt 0.627547 0.473079
vt 0.562432 0.469711
vt 0.620771 0.469581
f  589/2815/589 634/2816/634 633/2817/633

vt 0.137238 0.471446
vt 0.129700 0.476511
vt 0.129052 0.429263
f  635/2818/635 615/2819/615 606/2820/606

vt 0.129052 0.429263
vt 0.128634 0.387455
vt 0.134427 0.371671
f  606/2821/606 628/2822/628 636/2823/636

vt 0.134427 0.371671
vt 0.128634 0.387455
vt 0.129120 0.339331
f  636/2824/636 628/2825/628 631/2826/631

vt 0.129289 0.232483
vt 0.129218 0.176159
vt 0.136797 0.180176
f  633/2827/633 634/2828/634 637/2829/637

vt 0.014546 0.430733
vt 0.015205 0.439481
vt 0.011270 0.433080
f  634/2830/634 638/2831/638 639/2832/639

vt 0.562432 0.469711
vt 0.558160 0.472960
vt 0.561039 0.455590
f  634/2833/634 597/2834/597 638/2835/638

vt 0.598896 0.708885
vt 0.606412 0.711547
vt 0.603891 0.725061
f  629/2836/629 640/2837/640 623/2838/623

vt 0.481634 0.487320
vt 0.481406 0.445702
vt 0.486667 0.488048
f  618/2839/618 641/2840/641 616/2841/616

vt 0.481406 0.445702
vt 0.486998 0.446942
vt 0.486667 0.488048
f  641/2842/641 622/2843/622 616/2844/616

vt 0.598896 0.708885
vt 0.617017 0.698098
vt 0.606412 0.711547
f  629/2845/629 642/2846/642 640/2847/640

vt 0.604039 0.675034
vt 0.599613 0.665532
vt 0.614595 0.681422
f  643/2848/643 630/2849/630 644/2850/644

vt 0.606412 0.711547
vt 0.617017 0.698098
vt 0.603891 0.725061
f  640/2851/640 642/2852/642 623/2853/623

vt 0.614595 0.681422
vt 0.599613 0.665532
vt 0.596164 0.618944
f  644/2854/644 630/2855/630 615/2856/615

vt 0.147704 0.570297
vt 0.150074 0.570297
vt 0.150386 0.585257
f  626/2857/626 625/2858/625 645/2859/645

vt 0.150386 0.585257
vt 0.150074 0.570297
vt 0.153346 0.584546
f  645/2860/645 625/2861/625 646/2862/646

vt 0.615516 0.730300
vt 0.603891 0.725061
vt 0.639481 0.725198
f  625/2863/625 623/2864/623 646/2865/646

vt 0.149366 0.345673
vt 0.152521 0.352613
vt 0.150824 0.389899
f  647/2866/647 343/2867/343 399/2868/399

vt 0.149366 0.345673
vt 0.152373 0.307610
vt 0.152521 0.352613
f  647/2869/647 345/2870/345 343/2871/343

vt 0.152373 0.307610
vt 0.147119 0.280423
vt 0.152187 0.256817
f  345/2872/345 648/2873/648 347/2874/347

vt 0.147691 0.223597
vt 0.154920 0.204490
vt 0.152187 0.256817
f  649/2875/649 348/2876/348 347/2877/347

vt 0.147691 0.223597
vt 0.150885 0.197363
vt 0.154920 0.204490
f  649/2878/649 449/2879/449 348/2880/348

vt 0.462447 0.813637
vt 0.399349 0.813660
vt 0.385291 0.772170
f  163/2881/163 165/2882/165 650/2883/650

vt 0.481406 0.445702
vt 0.486294 0.412874
vt 0.486998 0.446942
f  641/2884/641 651/2885/651 622/2886/622

vt 0.558160 0.472960
vt 0.559932 0.390163
vt 0.561039 0.455590
f  597/2887/597 652/2888/652 638/2889/638

vt 0.558160 0.472960
vt 0.486998 0.446942
vt 0.559932 0.390163
f  597/2890/597 622/2891/622 652/2892/652

vt 0.617017 0.698098
vt 0.639481 0.725198
vt 0.603891 0.725061
f  642/2893/642 646/2894/646 623/2895/623

vt 0.151339 0.453720
vt 0.155417 0.450037
vt 0.184334 0.455905
f  447/2896/447 448/2897/448 653/2898/653

vt 0.191859 0.196276
vt 0.154064 0.200931
vt 0.150885 0.197363
f  451/2899/451 450/2900/450 449/2901/449

vt 0.481256 0.411080
vt 0.486294 0.412874
vt 0.481406 0.445702
f  654/2902/654 651/2903/651 641/2904/641

vt 0.596164 0.618944
vt 0.639374 0.619397
vt 0.614595 0.681422
f  615/2905/615 655/2906/655 644/2907/644

vt 0.486998 0.446942
vt 0.486294 0.412874
vt 0.489127 0.402010
f  622/2908/622 651/2909/651 656/2910/656

vt 0.617017 0.698098
vt 0.614595 0.681422
vt 0.660281 0.704182
f  642/2911/642 644/2912/644 657/2913/657

vt 0.640791 0.736381
vt 0.639481 0.725198
vt 0.652123 0.734562
f  658/2914/658 646/2915/646 659/2916/659

vt 0.652123 0.734562
vt 0.639481 0.725198
vt 0.651254 0.721782
f  659/2917/659 646/2918/646 660/2919/660

vt 0.639481 0.725198
vt 0.660281 0.704182
vt 0.651254 0.721782
f  646/2920/646 657/2921/657 660/2922/660

vt 0.614595 0.681422
vt 0.660536 0.680615
vt 0.660281 0.704182
f  644/2923/644 661/2924/661 657/2925/657

vt 0.614595 0.681422
vt 0.639374 0.619397
vt 0.660536 0.680615
f  644/2926/644 655/2927/655 661/2928/661

vt 0.486998 0.446942
vt 0.489127 0.402010
vt 0.559932 0.390163
f  622/2929/622 656/2930/656 652/2931/652

vt 0.150386 0.585257
vt 0.153346 0.584546
vt 0.155456 0.588062
f  645/2932/645 646/2933/646 662/2934/662

vt 0.617017 0.698098
vt 0.660281 0.704182
vt 0.639481 0.725198
f  642/2935/642 657/2936/657 646/2937/646

vt 0.157294 0.586061
vt 0.155456 0.588062
vt 0.153346 0.584546
f  658/2938/658 662/2939/662 646/2940/646

vt 0.184334 0.455905
vt 0.155417 0.450037
vt 0.200652 0.451329
f  653/2941/653 448/2942/448 452/2943/452

vt 0.651254 0.721782
vt 0.660281 0.704182
vt 0.661570 0.716421
f  660/2944/660 657/2945/657 663/2946/663

vt 0.660281 0.704182
vt 0.660536 0.680615
vt 0.674364 0.711473
f  657/2947/657 661/2948/661 664/2949/664

vt 0.674364 0.711473
vt 0.660536 0.680615
vt 0.678170 0.696633
f  664/2950/664 661/2951/661 665/2952/665

vt 0.661570 0.716421
vt 0.660281 0.704182
vt 0.674364 0.711473
f  663/2953/663 657/2954/657 664/2955/664

vt 0.011270 0.433080
vt 0.015205 0.439481
vt 0.015205 0.479944
f  639/2956/639 638/2957/638 652/2958/652

vt 0.678170 0.696633
vt 0.660536 0.680615
vt 0.684521 0.692272
f  665/2959/665 661/2960/661 666/2961/666

vt 0.466901 0.220083
vt 0.463306 0.254971
vt 0.463306 0.199021
f  667/2962/667 668/2963/668 655/2964/655

vt 0.011270 0.433080
vt 0.015205 0.479944
vt 0.011342 0.489473
f  639/2965/639 652/2966/652 669/2967/669

vt 0.559932 0.390163
vt 0.489127 0.402010
vt 0.560271 0.322194
f  652/2968/652 656/2969/656 670/2970/670

vt 0.489127 0.402010
vt 0.486294 0.412874
vt 0.486371 0.380245
f  656/2971/656 651/2972/651 671/2973/671

vt 0.660536 0.680615
vt 0.696723 0.694300
vt 0.684521 0.692272
f  661/2974/661 672/2975/672 666/2976/666

vt 0.696723 0.694300
vt 0.696346 0.714064
vt 0.689233 0.714592
f  672/2977/672 673/2978/673 674/2979/674

vt 0.684982 0.700685
vt 0.684521 0.692272
vt 0.696723 0.694300
f  675/2980/675 666/2981/666 672/2982/672

vt 0.639374 0.619397
vt 0.696723 0.694300
vt 0.660536 0.680615
f  655/2983/655 672/2984/672 661/2985/661

vt 0.706046 0.717839
vt 0.696346 0.714064
vt 0.707352 0.713650
f  676/2986/676 673/2987/673 677/2988/677

vt 0.639374 0.619397
vt 0.733442 0.614567
vt 0.765830 0.617969
f  655/2989/655 668/2990/668 678/2991/678

vt 0.481256 0.411080
vt 0.486371 0.380245
vt 0.486294 0.412874
f  654/2992/654 671/2993/671 651/2994/651

vt 0.696346 0.714064
vt 0.696723 0.694300
vt 0.707352 0.713650
f  673/2995/673 672/2996/672 677/2997/677

vt 0.639374 0.619397
vt 0.765830 0.617969
vt 0.696723 0.694300
f  655/2998/655 678/2999/678 672/3000/672

vt 0.706046 0.717839
vt 0.707352 0.713650
vt 0.715665 0.726330
f  676/3001/676 677/3002/677 679/3003/679

vt 0.715665 0.726330
vt 0.707352 0.713650
vt 0.718332 0.721685
f  679/3004/679 677/3005/677 680/3006/680

vt 0.184334 0.455905
vt 0.200652 0.451329
vt 0.234227 0.455529
f  653/3007/653 452/3008/452 453/3009/453

vt 0.715665 0.726330
vt 0.718332 0.721685
vt 0.734837 0.722209
f  679/3010/679 680/3011/680 681/3012/681

vt 0.707352 0.713650
vt 0.752424 0.706613
vt 0.718332 0.721685
f  677/3013/677 682/3014/682 680/3015/680

vt 0.734837 0.722209
vt 0.718332 0.721685
vt 0.743349 0.713331
f  681/3016/681 680/3017/680 683/3018/683

vt 0.718332 0.721685
vt 0.752424 0.706613
vt 0.743349 0.713331
f  680/3019/680 682/3020/682 683/3021/683

vt 0.481256 0.411080
vt 0.480828 0.343798
vt 0.486371 0.380245
f  654/3022/654 684/3023/684 671/3024/671

vt 0.707352 0.713650
vt 0.696723 0.694300
vt 0.752424 0.706613
f  677/3025/677 672/3026/672 682/3027/682

vt 0.489127 0.402010
vt 0.559137 0.291521
vt 0.560271 0.322194
f  656/3028/656 685/3029/685 670/3030/670

vt 0.011342 0.489473
vt 0.015205 0.479944
vt 0.014256 0.522155
f  669/3031/669 652/3032/652 670/3033/670

vt 0.489127 0.402010
vt 0.488812 0.323338
vt 0.559137 0.291521
f  656/3034/656 686/3035/686 685/3036/685

vt 0.489127 0.402010
vt 0.486371 0.380245
vt 0.488812 0.323338
f  656/3037/656 671/3038/671 686/3039/686

vt 0.696723 0.694300
vt 0.765830 0.617969
vt 0.752424 0.706613
f  672/3040/672 678/3041/678 682/3042/682

vt 0.961042 0.510392
vt 0.967980 0.517644
vt 0.963520 0.520108
f  681/3043/681 683/3044/683 687/3045/687

vt 0.486371 0.380245
vt 0.485899 0.349860
vt 0.488812 0.323338
f  671/3046/671 688/3047/688 686/3048/686

vt 0.480828 0.343798
vt 0.485899 0.349860
vt 0.486371 0.380245
f  684/3049/684 688/3050/688 671/3051/671

vt 0.485899 0.349860
vt 0.485715 0.329698
vt 0.488812 0.323338
f  688/3052/688 689/3053/689 686/3054/686

vt 0.480828 0.343798
vt 0.485715 0.329698
vt 0.485899 0.349860
f  684/3055/684 689/3056/689 688/3057/688

vt 0.967980 0.517644
vt 0.970756 0.532032
vt 0.963520 0.520108
f  683/3058/683 690/3059/690 687/3060/687

vt 0.967980 0.517644
vt 0.972571 0.525598
vt 0.970756 0.532032
f  683/3061/683 682/3062/682 690/3063/690

vt 0.480828 0.343798
vt 0.480723 0.320662
vt 0.485715 0.329698
f  684/3064/684 691/3065/691 689/3066/689

vt 0.963520 0.520108
vt 0.970756 0.532032
vt 0.965996 0.532172
f  687/3067/687 690/3068/690 692/3069/692

vt 0.733442 0.614567
vt 0.791703 0.611900
vt 0.765830 0.617969
f  668/3070/668 693/3071/693 678/3072/678

vt 0.965996 0.532172
vt 0.970756 0.532032
vt 0.977072 0.569570
f  692/3073/692 690/3074/690 694/3075/694

vt 0.970756 0.532032
vt 0.972571 0.525598
vt 0.977072 0.569570
f  690/3076/690 682/3077/682 694/3078/694

vt 0.752424 0.706613
vt 0.765830 0.617969
vt 0.788319 0.652196
f  682/3079/682 678/3080/678 695/3081/695

vt 0.485715 0.329698
vt 0.485363 0.272172
vt 0.488812 0.323338
f  689/3082/689 696/3083/696 686/3084/686

vt 0.480723 0.320662
vt 0.485363 0.272172
vt 0.485715 0.329698
f  691/3085/691 696/3086/696 689/3087/689

vt 0.752424 0.706613
vt 0.788319 0.652196
vt 0.787507 0.681866
f  682/3088/682 695/3089/695 697/3090/697

vt 0.138345 0.559196
vt 0.141736 0.553849
vt 0.141736 0.563837
f  698/3091/698 697/3092/697 695/3093/695

vt 0.965996 0.532172
vt 0.977072 0.569570
vt 0.970908 0.562468
f  692/3094/692 694/3095/694 699/3096/699

vt 0.480723 0.320662
vt 0.480457 0.284306
vt 0.485363 0.272172
f  691/3097/691 700/3098/700 696/3099/696

vt 0.972571 0.525598
vt 0.993412 0.551558
vt 0.987302 0.566766
f  682/3100/682 697/3101/697 701/3102/701

vt 0.014256 0.522155
vt 0.014609 0.541216
vt 0.010336 0.553261
f  670/3103/670 685/3104/685 702/3105/702

vt 0.571692 0.610056
vt 0.571398 0.615470
vt 0.561696 0.612430
f  703/3106/703 701/3107/701 697/3108/697

vt 0.565658 0.609651
vt 0.571692 0.610056
vt 0.561696 0.612430
f  704/3109/704 703/3110/703 697/3111/697

vt 0.765830 0.617969
vt 0.810389 0.648129
vt 0.788319 0.652196
f  678/3112/678 705/3113/705 695/3114/695

vt 0.488812 0.323338
vt 0.485363 0.272172
vt 0.485412 0.242496
f  686/3115/686 696/3116/696 706/3117/706

vt 0.972571 0.525598
vt 0.980248 0.586427
vt 0.977072 0.569570
f  682/3118/682 707/3119/707 694/3120/694

vt 0.972571 0.525598
vt 0.987302 0.566766
vt 0.980248 0.586427
f  682/3121/682 701/3122/701 707/3123/707

vt 0.970908 0.562468
vt 0.977072 0.569570
vt 0.973519 0.577801
f  699/3124/699 694/3125/694 708/3126/708

vt 0.106605 0.597709
vt 0.106605 0.606719
vt 0.103068 0.603926
f  695/3127/695 705/3128/705 709/3129/709

vt 0.810389 0.648129
vt 0.765830 0.617969
vt 0.815719 0.648998
f  705/3130/705 678/3131/678 710/3132/710

vt 0.559137 0.291521
vt 0.488812 0.323338
vt 0.485412 0.242496
f  685/3133/685 686/3134/686 706/3135/706

vt 0.802803 0.652362
vt 0.810389 0.648129
vt 0.816989 0.662960
f  709/3136/709 705/3137/705 711/3138/711

vt 0.571692 0.610056
vt 0.576629 0.609651
vt 0.571398 0.615470
f  703/3139/703 712/3140/712 701/3141/701

vt 0.977072 0.569570
vt 0.980248 0.586427
vt 0.973519 0.577801
f  694/3142/694 707/3143/707 708/3144/708

vt 0.849803 0.661899
vt 0.833535 0.668641
vt 0.843265 0.656727
f  712/3145/712 707/3146/707 701/3147/701

vt 0.900271 0.000163
vt 0.888772 0.004471
vt 0.891437 0.001090
f  703/3148/703 713/3149/713 712/3150/712

vt 0.901248 0.004399
vt 0.903542 0.000163
vt 0.903467 0.007808
f  711/3151/711 710/3152/710 713/3153/713

vt 0.810389 0.648129
vt 0.815719 0.648998
vt 0.816989 0.662960
f  705/3154/705 710/3155/710 711/3156/711

vt 0.815719 0.648998
vt 0.765830 0.617969
vt 0.863976 0.609651
f  710/3157/710 678/3158/678 714/3159/714

vt 0.480457 0.284306
vt 0.479979 0.231795
vt 0.485363 0.272172
f  700/3160/700 715/3161/715 696/3162/696

vt 0.765830 0.617969
vt 0.791703 0.611900
vt 0.863976 0.609651
f  678/3163/678 693/3164/693 714/3165/714

vt 0.956912 0.488294
vt 0.959702 0.480566
vt 0.959702 0.491743
f  713/3166/713 710/3167/710 712/3168/712

vt 0.973519 0.577801
vt 0.980248 0.586427
vt 0.981830 0.599424
f  708/3169/708 707/3170/707 716/3171/716

vt 0.973519 0.577801
vt 0.981830 0.599424
vt 0.977085 0.600242
f  708/3172/708 716/3173/716 717/3174/717

vt 0.010336 0.553261
vt 0.014609 0.541216
vt 0.013596 0.611684
f  702/3175/702 685/3176/685 718/3177/718

vt 0.010336 0.553261
vt 0.013596 0.611684
vt 0.009750 0.608518
f  702/3178/702 718/3179/718 719/3180/719

vt 0.849803 0.661899
vt 0.874233 0.661483
vt 0.833535 0.668641
f  712/3181/712 710/3182/710 707/3183/707

vt 0.467231 0.315993
vt 0.463306 0.337935
vt 0.463306 0.290995
f  720/3184/720 714/3185/714 693/3186/693

vt 0.485412 0.242496
vt 0.484869 0.178669
vt 0.559137 0.291521
f  706/3187/706 721/3188/721 685/3189/685

vt 0.479979 0.231795
vt 0.485412 0.242496
vt 0.485363 0.272172
f  715/3190/715 706/3191/706 696/3192/696

vt 0.977085 0.600242
vt 0.981830 0.599424
vt 0.984030 0.612169
f  717/3193/717 716/3194/716 722/3195/722

vt 0.833135 0.676761
vt 0.833535 0.668641
vt 0.833203 0.684764
f  716/3196/716 707/3197/707 722/3198/722

vt 0.977085 0.600242
vt 0.984030 0.612169
vt 0.979068 0.612114
f  717/3199/717 722/3200/722 723/3201/723

vt 0.833535 0.668641
vt 0.835951 0.709106
vt 0.833203 0.684764
f  707/3202/707 724/3203/724 722/3204/722

vt 0.467067 0.361501
vt 0.463306 0.337935
vt 0.467231 0.315993
f  725/3205/725 714/3206/714 720/3207/720

vt 0.874233 0.661483
vt 0.900578 0.684273
vt 0.833535 0.668641
f  710/3208/710 714/3209/714 707/3210/707

vt 0.833535 0.668641
vt 0.900578 0.684273
vt 0.835951 0.709106
f  707/3211/707 714/3212/714 724/3213/724

vt 0.559137 0.291521
vt 0.484442 0.113295
vt 0.558519 0.179705
f  685/3214/685 726/3215/726 718/3216/718

vt 0.479979 0.231795
vt 0.484869 0.178669
vt 0.485412 0.242496
f  715/3217/715 721/3218/721 706/3219/706

vt 0.484869 0.178669
vt 0.484442 0.113295
vt 0.559137 0.291521
f  721/3220/721 726/3221/726 685/3222/685

vt 0.900578 0.684273
vt 0.900538 0.708126
vt 0.835951 0.709106
f  714/3223/714 727/3224/727 724/3225/724

vt 0.479979 0.231795
vt 0.479488 0.177445
vt 0.484869 0.178669
f  715/3226/715 728/3227/728 721/3228/721

vt 0.467067 0.361501
vt 0.463306 0.371391
vt 0.463306 0.337935
f  725/3229/725 727/3230/727 714/3231/714

vt 0.374984 0.414822
vt 0.380435 0.415538
vt 0.374892 0.495385
f  723/3232/723 722/3233/722 729/3234/729

vt 0.374892 0.495385
vt 0.380435 0.415538
vt 0.380398 0.495468
f  729/3235/729 722/3236/722 730/3237/730

vt 0.380435 0.415538
vt 0.383662 0.468924
vt 0.380398 0.495468
f  722/3238/722 724/3239/724 730/3240/730

vt 0.463306 0.413845
vt 0.463306 0.371391
vt 0.467067 0.361501
f  731/3241/731 727/3242/727 725/3243/725

vt 0.358644 0.455482
vt 0.308059 0.455520
vt 0.357332 0.450001
f  732/3244/732 455/3245/455 376/3246/376

vt 0.009750 0.608518
vt 0.013596 0.611684
vt 0.013089 0.660534
f  719/3247/719 718/3248/718 733/3249/733

vt 0.479488 0.177445
vt 0.484442 0.113295
vt 0.484869 0.178669
f  728/3250/728 726/3251/726 721/3252/721

vt 0.009750 0.608518
vt 0.013089 0.660534
vt 0.009554 0.658941
f  719/3253/719 733/3254/733 734/3255/734

vt 0.380398 0.495468
vt 0.380374 0.523826
vt 0.374892 0.495385
f  730/3256/730 735/3257/735 729/3258/729

vt 0.380398 0.495468
vt 0.383662 0.468924
vt 0.380374 0.523826
f  730/3259/730 724/3260/724 735/3261/735

vt 0.484442 0.113295
vt 0.558158 0.099942
vt 0.558519 0.179705
f  726/3262/726 733/3263/733 718/3264/718

vt 0.374892 0.495385
vt 0.380374 0.523826
vt 0.375045 0.522030
f  729/3265/729 735/3266/735 736/3267/736

vt 0.921461 0.609316
vt 0.928380 0.572586
vt 0.927966 0.611312
f  737/3268/737 376/3269/376 377/3270/377

vt 0.921461 0.609316
vt 0.927966 0.611312
vt 0.927956 0.642590
f  737/3271/737 377/3272/377 378/3273/378

vt 0.921461 0.609316
vt 0.927956 0.642590
vt 0.922018 0.655921
f  737/3274/737 378/3275/378 460/3276/460

vt 0.921956 0.684774
vt 0.922018 0.655921
vt 0.927910 0.679091
f  738/3277/738 460/3278/460 379/3279/379

vt 0.921956 0.684774
vt 0.927910 0.679091
vt 0.923168 0.715067
f  738/3280/738 379/3281/379 380/3282/380

vt 0.921956 0.684774
vt 0.923168 0.715067
vt 0.918538 0.713180
f  738/3283/738 380/3284/380 739/3285/739

vt 0.917052 0.738903
vt 0.923168 0.715067
vt 0.921026 0.737424
f  740/3286/740 380/3287/380 381/3288/381

vt 0.918538 0.713180
vt 0.923168 0.715067
vt 0.917052 0.738903
f  739/3289/739 380/3290/380 740/3291/740

vt 0.479488 0.177445
vt 0.479243 0.111689
vt 0.484442 0.113295
f  728/3292/728 741/3293/741 726/3294/726

vt 0.383662 0.468924
vt 0.383780 0.586127
vt 0.380374 0.523826
f  724/3295/724 742/3296/742 735/3297/735

vt 0.900538 0.708126
vt 0.901073 0.738388
vt 0.835951 0.709106
f  727/3298/727 731/3299/731 724/3300/724

vt 0.866088 0.076218
vt 0.793643 0.080148
vt 0.867623 0.072612
f  743/3301/743 744/3302/744 731/3303/731

vt 0.793643 0.080148
vt 0.716889 0.089593
vt 0.708045 0.087217
f  744/3304/744 745/3305/745 746/3306/746

vt 0.716889 0.089593
vt 0.618719 0.098250
vt 0.708045 0.087217
f  745/3307/745 747/3308/747 746/3309/746

vt 0.618719 0.098250
vt 0.604767 0.095867
vt 0.708045 0.087217
f  747/3310/747 748/3311/748 746/3312/746

vt 0.618719 0.098250
vt 0.560948 0.103718
vt 0.604767 0.095867
f  747/3313/747 734/3314/734 748/3315/748

vt 0.560948 0.103718
vt 0.558158 0.099942
vt 0.604767 0.095867
f  734/3316/734 733/3317/733 748/3318/748

vt 0.793643 0.080148
vt 0.785341 0.077053
vt 0.867623 0.072612
f  744/3319/744 749/3320/749 731/3321/731

vt 0.708045 0.087217
vt 0.785341 0.077053
vt 0.793643 0.080148
f  746/3322/746 749/3323/749 744/3324/744

vt 0.708045 0.087217
vt 0.698421 0.084839
vt 0.785341 0.077053
f  746/3325/746 750/3326/750 749/3327/749

vt 0.708045 0.087217
vt 0.604767 0.095867
vt 0.698421 0.084839
f  746/3328/746 748/3329/748 750/3330/750

vt 0.383662 0.468924
vt 0.405216 0.550261
vt 0.383780 0.586127
f  724/3331/724 751/3332/751 742/3333/742

vt 0.785341 0.077053
vt 0.799852 0.063158
vt 0.867623 0.072612
f  749/3334/749 752/3335/752 731/3336/731

vt 0.558158 0.099942
vt 0.520634 0.046654
vt 0.604767 0.095867
f  733/3337/733 753/3338/753 748/3339/748

vt 0.785341 0.077053
vt 0.792723 0.061422
vt 0.799852 0.063158
f  749/3340/749 754/3341/754 752/3342/752

vt 0.698421 0.084839
vt 0.721492 0.029033
vt 0.785341 0.077053
f  750/3343/750 755/3344/755 749/3345/749

vt 0.604767 0.095867
vt 0.593138 0.040434
vt 0.698421 0.084839
f  748/3346/748 756/3347/756 750/3348/750

vt 0.558158 0.099942
vt 0.484442 0.113295
vt 0.520634 0.046654
f  733/3349/733 726/3350/726 753/3351/753

vt 0.375045 0.522030
vt 0.380374 0.523826
vt 0.380598 0.563553
f  736/3352/736 735/3353/735 757/3354/757

vt 0.375045 0.522030
vt 0.380598 0.563553
vt 0.375059 0.564350
f  736/3355/736 757/3356/757 758/3357/758

vt 0.380374 0.523826
vt 0.383780 0.586127
vt 0.380598 0.563553
f  735/3358/735 742/3359/742 757/3360/757

vt 0.799852 0.063158
vt 0.863915 0.057171
vt 0.867623 0.072612
f  752/3361/752 759/3362/759 731/3363/731

vt 0.383662 0.468924
vt 0.428424 0.548371
vt 0.405216 0.550261
f  724/3364/724 760/3365/760 751/3366/751

vt 0.901073 0.738388
vt 0.875245 0.746968
vt 0.835951 0.709106
f  731/3367/731 760/3368/760 724/3369/724

vt 0.903280 0.745875
vt 0.875245 0.746968
vt 0.901073 0.738388
f  759/3370/759 760/3371/760 731/3372/731

vt 0.442656 0.545846
vt 0.441306 0.547729
vt 0.428424 0.548371
f  759/3373/759 761/3374/761 760/3375/760

vt 0.452219 0.545240
vt 0.441306 0.547729
vt 0.442656 0.545846
f  762/3376/762 761/3377/761 759/3378/759

vt 0.452219 0.545240
vt 0.442656 0.545846
vt 0.466943 0.540995
f  762/3379/762 759/3380/759 752/3381/752

vt 0.452219 0.545240
vt 0.466943 0.540995
vt 0.469731 0.541223
f  762/3382/762 752/3383/752 754/3384/754

vt 0.428424 0.548371
vt 0.420091 0.551359
vt 0.405216 0.550261
f  760/3385/760 763/3386/763 751/3387/751

vt 0.420091 0.551359
vt 0.428424 0.548371
vt 0.441306 0.547729
f  763/3388/763 760/3389/760 761/3390/761

vt 0.469731 0.541223
vt 0.471645 0.543092
vt 0.467628 0.547739
f  754/3391/754 764/3392/764 765/3393/765

vt 0.383780 0.586127
vt 0.405216 0.550261
vt 0.404008 0.566875
f  742/3394/742 751/3395/751 766/3396/766

vt 0.785341 0.077053
vt 0.785753 0.038115
vt 0.792723 0.061422
f  749/3397/749 767/3398/767 754/3399/754

vt 0.469731 0.541223
vt 0.478266 0.544316
vt 0.471645 0.543092
f  754/3400/754 767/3401/767 764/3402/764

vt 0.698421 0.084839
vt 0.658505 0.032237
vt 0.721492 0.029033
f  750/3403/750 768/3404/768 755/3405/755

vt 0.604767 0.095867
vt 0.520634 0.046654
vt 0.593138 0.040434
f  748/3406/748 753/3407/753 756/3408/756

vt 0.721492 0.029033
vt 0.824975 0.019795
vt 0.785753 0.038115
f  755/3409/755 769/3410/769 767/3411/767

vt 0.785753 0.038115
vt 0.785341 0.077053
vt 0.721492 0.029033
f  767/3412/767 749/3413/749 755/3414/755

vt 0.375059 0.564350
vt 0.380598 0.563553
vt 0.381633 0.588376
f  758/3415/758 757/3416/757 770/3417/770

vt 0.380598 0.563553
vt 0.383780 0.586127
vt 0.381633 0.588376
f  757/3418/757 742/3419/742 770/3420/770

vt 0.479243 0.111689
vt 0.481717 0.056414
vt 0.484442 0.113295
f  741/3421/741 771/3422/771 726/3423/726

vt 0.481717 0.056414
vt 0.487464 0.046961
vt 0.484442 0.113295
f  771/3424/771 772/3425/772 726/3426/726

vt 0.441617 0.572993
vt 0.429283 0.575313
vt 0.418017 0.568717
f  773/3427/773 774/3428/774 775/3429/775

vt 0.484442 0.113295
vt 0.487464 0.046961
vt 0.520634 0.046654
f  726/3430/726 772/3431/772 753/3432/753

vt 0.404008 0.566875
vt 0.418017 0.568717
vt 0.383780 0.586127
f  766/3433/766 775/3434/775 742/3435/742

vt 0.810977 0.032770
vt 0.824975 0.019795
vt 0.855211 0.026253
f  776/3436/776 769/3437/769 777/3438/777

vt 0.785753 0.038115
vt 0.824975 0.019795
vt 0.810977 0.032770
f  767/3439/767 769/3440/769 776/3441/776

vt 0.375059 0.564350
vt 0.381633 0.588376
vt 0.378903 0.591144
f  758/3442/758 770/3443/770 778/3444/778

vt 0.483525 0.043530
vt 0.487464 0.046961
vt 0.481717 0.056414
f  779/3445/779 772/3446/772 771/3447/771

vt 0.418017 0.568717
vt 0.429283 0.575313
vt 0.383780 0.586127
f  775/3448/775 774/3449/774 742/3450/742

vt 0.593138 0.040434
vt 0.658505 0.032237
vt 0.698421 0.084839
f  756/3451/756 768/3452/768 750/3453/750

vt 0.429283 0.575313
vt 0.420902 0.586369
vt 0.383780 0.586127
f  774/3454/774 780/3455/780 742/3456/742

vt 0.867067 0.025972
vt 0.861471 0.013482
vt 0.868379 0.007072
f  781/3457/781 782/3458/782 783/3459/783

vt 0.867067 0.025972
vt 0.824975 0.019795
vt 0.861471 0.013482
f  781/3460/781 769/3461/769 782/3462/782

vt 0.855211 0.026253
vt 0.824975 0.019795
vt 0.867067 0.025972
f  777/3463/777 769/3464/769 781/3465/781

vt 0.420902 0.586369
vt 0.381633 0.588376
vt 0.383780 0.586127
f  780/3466/780 770/3467/770 742/3468/742

vt 0.429030 0.589001
vt 0.423417 0.588474
vt 0.429283 0.575313
f  784/3469/784 785/3470/785 774/3471/774

vt 0.429283 0.575313
vt 0.423417 0.588474
vt 0.420902 0.586369
f  774/3472/774 785/3473/785 780/3474/780

vt 0.824975 0.019795
vt 0.784591 0.020240
vt 0.861471 0.013482
f  769/3475/769 786/3476/786 782/3477/782

vt 0.721492 0.029033
vt 0.784591 0.020240
vt 0.824975 0.019795
f  755/3478/755 786/3479/786 769/3480/769

vt 0.721492 0.029033
vt 0.719896 0.026192
vt 0.784591 0.020240
f  755/3481/755 787/3482/787 786/3483/786

vt 0.721492 0.029033
vt 0.658505 0.032237
vt 0.719896 0.026192
f  755/3484/755 768/3485/768 787/3486/787

vt 0.593138 0.040434
vt 0.590072 0.037591
vt 0.658505 0.032237
f  756/3487/756 788/3488/788 768/3489/768

vt 0.593138 0.040434
vt 0.518841 0.043790
vt 0.590072 0.037591
f  756/3490/756 789/3491/789 788/3492/788

vt 0.520634 0.046654
vt 0.518841 0.043790
vt 0.593138 0.040434
f  753/3493/753 789/3494/789 756/3495/756

vt 0.487464 0.046961
vt 0.518841 0.043790
vt 0.520634 0.046654
f  772/3496/772 789/3497/789 753/3498/753

vt 0.378903 0.591144
vt 0.381633 0.588376
vt 0.420902 0.586369
f  778/3499/778 770/3500/770 780/3501/780

vt 0.378903 0.591144
vt 0.420902 0.586369
vt 0.423417 0.588474
f  778/3502/778 780/3503/780 785/3504/785

vt 0.861115 0.010002
vt 0.868379 0.007072
vt 0.861471 0.013482
f  790/3505/790 783/3506/783 782/3507/782

vt 0.861115 0.010002
vt 0.861471 0.013482
vt 0.784591 0.020240
f  790/3508/790 782/3509/782 786/3510/786

vt 0.861115 0.010002
vt 0.784591 0.020240
vt 0.800532 0.015027
f  790/3511/790 786/3512/786 791/3513/791

vt 0.800532 0.015027
vt 0.784591 0.020240
vt 0.744120 0.019991
f  791/3514/791 786/3515/786 792/3516/792

vt 0.744120 0.019991
vt 0.784591 0.020240
vt 0.719896 0.026192
f  792/3517/792 786/3518/786 787/3519/787

vt 0.744120 0.019991
vt 0.719896 0.026192
vt 0.624728 0.030623
f  792/3520/792 787/3521/787 793/3522/793

vt 0.624728 0.030623
vt 0.719896 0.026192
vt 0.658505 0.032237
f  793/3523/793 787/3524/787 768/3525/768

vt 0.624728 0.030623
vt 0.658505 0.032237
vt 0.590072 0.037591
f  793/3526/793 768/3527/768 788/3528/788

vt 0.624728 0.030623
vt 0.590072 0.037591
vt 0.568010 0.035646
f  793/3529/793 788/3530/788 794/3531/794

vt 0.568010 0.035646
vt 0.590072 0.037591
vt 0.518841 0.043790
f  794/3532/794 788/3533/788 789/3534/789

vt 0.568010 0.035646
vt 0.518841 0.043790
vt 0.513349 0.040476
f  794/3535/794 789/3536/789 795/3537/795

vt 0.513349 0.040476
vt 0.518841 0.043790
vt 0.483525 0.043530
f  795/3538/795 789/3539/789 779/3540/779

vt 0.483525 0.043530
vt 0.518841 0.043790
vt 0.487464 0.046961
f  779/3541/779 789/3542/789 772/3543/772

vt 0.270529 0.849036
vt 0.288732 0.891096
vt 0.239411 0.890994
f  796/3544/796 224/3545/224 227/3546/227

vt 0.015013 0.005939
vt 0.012540 0.000414
vt 0.025480 0.000163
f  462/3547/462 292/3548/292 274/3549/274

vt 0.817271 0.704019
vt 0.792969 0.704765
vt 0.792478 0.703084
f  266/3550/266 243/3551/243 240/3552/240

vt 0.015013 0.005939
vt 0.024375 0.010028
vt 0.021131 0.082308
f  462/3553/462 404/3554/404 797/3555/797

vt 0.332990 0.035284
vt 0.321801 0.091292
vt 0.277270 0.033786
f  414/3556/414 478/3557/478 415/3558/415

vt 0.392244 0.036956
vt 0.368238 0.091563
vt 0.332990 0.035284
f  417/3559/417 480/3560/480 414/3561/414

vt 0.439659 0.043318
vt 0.441150 0.054564
vt 0.392244 0.036956
f  420/3562/420 419/3563/419 417/3564/417

vt 0.085316 0.026919
vt 0.075279 0.087684
vt 0.024375 0.010028
f  406/3565/406 470/3566/470 404/3567/404

vt 0.157182 0.064016
vt 0.113246 0.028509
vt 0.155850 0.030331
f  798/3568/798 463/3569/463 465/3570/465

vt 0.447342 0.492367
vt 0.451994 0.501240
vt 0.441870 0.500198
f  461/3571/461 467/3572/467 384/3573/384

vt 0.392244 0.036956
vt 0.441150 0.054564
vt 0.368238 0.091563
f  417/3574/417 419/3575/419 480/3576/480

vt 0.024375 0.010028
vt 0.075279 0.087684
vt 0.025686 0.087633
f  404/3577/404 470/3578/470 469/3579/469

vt 0.190996 0.031470
vt 0.157182 0.064016
vt 0.155850 0.030331
f  464/3580/464 798/3581/798 465/3582/465

vt 0.190996 0.031470
vt 0.220869 0.032634
vt 0.157182 0.064016
f  464/3583/464 411/3584/411 798/3585/798

vt 0.021131 0.082308
vt 0.024375 0.010028
vt 0.025686 0.087633
f  797/3586/797 404/3587/404 469/3588/469

vt 0.113246 0.028509
vt 0.157182 0.064016
vt 0.085316 0.026919
f  463/3589/463 798/3590/798 406/3591/406

vt 0.220869 0.032634
vt 0.202828 0.089583
vt 0.157182 0.064016
f  411/3592/411 475/3593/475 798/3594/798

vt 0.321801 0.091292
vt 0.252035 0.063858
vt 0.277270 0.033786
f  478/3595/478 799/3596/799 415/3597/415

vt 0.332990 0.035284
vt 0.368238 0.091563
vt 0.321801 0.091292
f  414/3598/414 480/3599/480 478/3600/478

vt 0.463855 0.502759
vt 0.456221 0.505669
vt 0.451994 0.501240
f  800/3601/800 301/3602/301 467/3603/467

vt 0.277270 0.033786
vt 0.252035 0.063858
vt 0.220869 0.032634
f  415/3604/415 799/3605/799 411/3606/411

vt 0.220869 0.032634
vt 0.252035 0.063858
vt 0.202828 0.089583
f  411/3607/411 799/3608/799 475/3609/475

vt 0.450620 0.078657
vt 0.449674 0.081755
vt 0.441150 0.054564
f  421/3610/421 801/3611/801 419/3612/419

vt 0.463855 0.502759
vt 0.463682 0.505506
vt 0.456221 0.505669
f  800/3613/800 304/3614/304 301/3615/301

vt 0.252035 0.063858
vt 0.321801 0.091292
vt 0.283834 0.090807
f  799/3616/799 478/3617/478 476/3618/476

vt 0.467569 0.506443
vt 0.463682 0.505506
vt 0.463855 0.502759
f  303/3619/303 304/3620/304 800/3621/800

vt 0.085316 0.026919
vt 0.157182 0.064016
vt 0.075279 0.087684
f  406/3622/406 798/3623/798 470/3624/470

vt 0.449674 0.081755
vt 0.368238 0.091563
vt 0.441150 0.054564
f  801/3625/801 480/3626/480 419/3627/419

vt 0.472512 0.504504
vt 0.467569 0.506443
vt 0.463855 0.502759
f  424/3628/424 303/3629/303 800/3630/800

vt 0.450620 0.078657
vt 0.468975 0.090777
vt 0.449674 0.081755
f  421/3631/421 422/3632/422 801/3633/801

vt 0.157182 0.064016
vt 0.133262 0.088679
vt 0.075279 0.087684
f  798/3634/798 473/3635/473 470/3636/470

vt 0.449674 0.081755
vt 0.413205 0.091489
vt 0.368238 0.091563
f  801/3637/801 482/3638/482 480/3639/480

vt 0.021131 0.082308
vt 0.025686 0.087633
vt 0.021369 0.093102
f  797/3640/797 469/3641/469 491/3642/491

vt 0.157182 0.064016
vt 0.202828 0.089583
vt 0.133262 0.088679
f  798/3643/798 475/3644/475 473/3645/473

vt 0.252035 0.063858
vt 0.283834 0.090807
vt 0.202828 0.089583
f  799/3646/799 476/3647/476 475/3648/475

vt 0.449674 0.081755
vt 0.468975 0.090777
vt 0.413205 0.091489
f  801/3649/801 422/3650/422 482/3651/482

vt 0.470875 0.098911
vt 0.468975 0.090777
vt 0.475096 0.095440
f  488/3652/488 422/3653/422 424/3654/424

vt 0.799586 0.746968
vt 0.799398 0.734210
vt 0.816635 0.724360
f  267/3655/267 283/3656/283 802/3657/802

vt 0.029761 0.091554
vt 0.021369 0.093102
vt 0.025686 0.087633
f  471/3658/471 491/3659/491 469/3660/469

vt 0.979670 0.106159
vt 0.986723 0.100008
vt 0.986723 0.108530
f  803/3661/803 494/3662/494 488/3663/488

vt 0.979670 0.078089
vt 0.986723 0.100008
vt 0.979670 0.106159
f  804/3664/804 494/3665/494 803/3666/803

vt 0.979670 0.078089
vt 0.986723 0.073048
vt 0.986723 0.100008
f  804/3667/804 498/3668/498 494/3669/494

vt 0.021613 0.131100
vt 0.022345 0.161256
vt 0.015550 0.151557
f  493/3670/493 501/3671/501 805/3672/805

vt 0.580877 0.129944
vt 0.574501 0.115035
vt 0.599675 0.126441
f  806/3673/806 505/3674/505 807/3675/807

vt 0.574501 0.115035
vt 0.630900 0.113888
vt 0.599675 0.126441
f  505/3676/505 504/3677/504 807/3678/807

vt 0.630900 0.113888
vt 0.651979 0.126332
vt 0.599675 0.126441
f  504/3679/504 808/3680/808 807/3681/807

vt 0.630900 0.113888
vt 0.690516 0.116875
vt 0.651979 0.126332
f  504/3682/504 508/3683/508 808/3684/808

vt 0.840021 0.117402
vt 0.802763 0.125519
vt 0.746968 0.117028
f  510/3685/510 809/3686/809 509/3687/509

vt 0.022345 0.161256
vt 0.019178 0.178919
vt 0.015550 0.151557
f  501/3688/501 511/3689/511 805/3690/805

vt 0.895721 0.604533
vt 0.843170 0.586629
vt 0.903280 0.581556
f  806/3691/806 515/3692/515 505/3693/505

vt 0.683103 0.141017
vt 0.729510 0.147147
vt 0.663543 0.147089
f  810/3694/810 426/3695/426 516/3696/516

vt 0.736419 0.141287
vt 0.729510 0.147147
vt 0.683103 0.141017
f  811/3697/811 426/3698/426 810/3699/810

vt 0.736419 0.141287
vt 0.799860 0.147452
vt 0.729510 0.147147
f  811/3700/811 427/3701/427 426/3702/426

vt 0.817919 0.141520
vt 0.877366 0.143410
vt 0.799860 0.147452
f  812/3703/812 813/3704/813 427/3705/427

vt 0.799860 0.147452
vt 0.877366 0.143410
vt 0.864686 0.154051
f  427/3706/427 813/3707/813 315/3708/315

vt 0.864686 0.154051
vt 0.877366 0.143410
vt 0.873682 0.151632
f  315/3709/315 813/3710/813 428/3711/428

vt 0.979670 0.078089
vt 0.986723 0.026745
vt 0.986723 0.073048
f  804/3712/804 518/3713/518 498/3714/498

vt 0.979670 0.078089
vt 0.979670 0.051319
vt 0.986723 0.026745
f  804/3715/804 814/3716/814 518/3717/518

vt 0.598625 0.149351
vt 0.596488 0.223404
vt 0.591743 0.212117
f  425/3718/425 521/3719/521 815/3720/815

vt 0.019485 0.192841
vt 0.020834 0.202852
vt 0.013582 0.204102
f  513/3721/513 519/3722/519 816/3723/816

vt 0.879361 0.148156
vt 0.875098 0.244477
vt 0.873682 0.151632
f  817/3724/817 524/3725/524 428/3726/428

vt 0.979670 0.023917
vt 0.986723 0.026745
vt 0.979670 0.051319
f  818/3727/818 518/3728/518 814/3729/814

vt 0.020834 0.202852
vt 0.024910 0.259522
vt 0.013582 0.204102
f  519/3730/519 525/3731/525 816/3732/816

vt 0.013582 0.204102
vt 0.024910 0.259522
vt 0.017597 0.250581
f  816/3733/816 525/3734/525 819/3735/819

vt 0.979670 0.023917
vt 0.986723 0.022680
vt 0.986723 0.026745
f  818/3736/818 526/3737/526 518/3738/518

vt 0.979670 0.023917
vt 0.986723 0.009501
vt 0.986723 0.022680
f  818/3739/818 529/3740/529 526/3741/526

vt 0.880631 0.257753
vt 0.875098 0.244477
vt 0.879361 0.148156
f  820/3742/820 524/3743/524 817/3744/817

vt 0.979670 0.001852
vt 0.986723 0.009501
vt 0.979670 0.023917
f  821/3745/821 529/3746/529 818/3747/818

vt 0.979670 0.001852
vt 0.986723 0.000163
vt 0.986723 0.009501
f  821/3748/821 534/3749/534 529/3750/529

vt 0.591743 0.212117
vt 0.596488 0.223404
vt 0.591669 0.255298
f  815/3751/815 521/3752/521 822/3753/822

vt 0.843170 0.586629
vt 0.770217 0.603167
vt 0.763764 0.579279
f  515/3754/515 823/3755/823 535/3756/535

vt 0.026399 0.279154
vt 0.028696 0.292916
vt 0.024656 0.301536
f  531/3757/531 533/3758/533 824/3759/824

vt 0.884612 0.048203
vt 0.884612 0.112257
vt 0.878815 0.049881
f  821/3760/821 825/3761/825 534/3762/534

vt 0.028696 0.292916
vt 0.029406 0.304148
vt 0.024656 0.301536
f  533/3763/533 538/3764/538 824/3765/824

vt 0.884612 0.112257
vt 0.878815 0.105264
vt 0.878815 0.049881
f  825/3766/825 540/3767/540 534/3768/534

vt 0.029406 0.304148
vt 0.029104 0.320316
vt 0.024656 0.301536
f  538/3769/538 541/3770/541 824/3771/824

vt 0.770217 0.603167
vt 0.729153 0.578633
vt 0.763764 0.579279
f  823/3772/823 544/3773/544 535/3774/535

vt 0.029104 0.320316
vt 0.030689 0.339091
vt 0.024513 0.341450
f  541/3775/541 543/3776/543 826/3777/826

vt 0.591669 0.255298
vt 0.596488 0.223404
vt 0.591559 0.333831
f  822/3778/822 521/3779/521 827/3780/827

vt 0.591559 0.333831
vt 0.596488 0.223404
vt 0.596532 0.353961
f  827/3781/827 521/3782/521 546/3783/546

vt 0.714264 0.603276
vt 0.690919 0.585660
vt 0.729153 0.578633
f  828/3784/828 549/3785/549 544/3786/544

vt 0.880243 0.344811
vt 0.875098 0.244477
vt 0.880631 0.257753
f  829/3787/829 524/3788/524 820/3789/820

vt 0.875098 0.244477
vt 0.880243 0.344811
vt 0.870190 0.262892
f  524/3790/524 829/3791/829 430/3792/430

vt 0.024513 0.341450
vt 0.030689 0.339091
vt 0.034125 0.387527
f  826/3793/826 543/3794/543 551/3795/551

vt 0.880243 0.344811
vt 0.874888 0.368435
vt 0.870190 0.262892
f  829/3796/829 552/3797/552 430/3798/430

vt 0.031546 0.415748
vt 0.034125 0.387527
vt 0.036106 0.412334
f  830/3799/830 551/3800/551 556/3801/556

vt 0.591559 0.333831
vt 0.596532 0.353961
vt 0.591787 0.392071
f  827/3802/827 546/3803/546 831/3804/831

vt 0.878524 0.445914
vt 0.874888 0.368435
vt 0.880243 0.344811
f  832/3805/832 552/3806/552 829/3807/829

vt 0.036106 0.412334
vt 0.039366 0.469883
vt 0.031546 0.415748
f  556/3808/556 559/3809/559 830/3810/830

vt 0.356829 0.602123
vt 0.361073 0.570297
vt 0.361073 0.607697
f  825/3811/825 563/3812/563 540/3813/540

vt 0.031546 0.415748
vt 0.039366 0.469883
vt 0.034225 0.471370
f  830/3814/830 559/3815/559 833/3816/833

vt 0.356829 0.602123
vt 0.356829 0.571706
vt 0.361073 0.570297
f  825/3817/825 834/3818/834 563/3819/563

vt 0.878524 0.445914
vt 0.872440 0.439911
vt 0.874888 0.368435
f  832/3820/832 439/3821/439 552/3822/552

vt 0.591787 0.392071
vt 0.596532 0.353961
vt 0.599199 0.436861
f  831/3823/831 546/3824/546 435/3825/435

vt 0.874888 0.368435
vt 0.872440 0.439911
vt 0.869528 0.391180
f  552/3826/552 439/3827/439 434/3828/434

vt 0.629320 0.446702
vt 0.593870 0.443144
vt 0.599199 0.436861
f  437/3829/437 835/3830/835 435/3831/435

vt 0.790388 0.446492
vt 0.758608 0.442870
vt 0.806591 0.442260
f  836/3832/836 565/3833/565 566/3834/566

vt 0.801699 0.697009
vt 0.830682 0.692388
vt 0.832157 0.697009
f  837/3835/837 563/3836/563 834/3837/834

vt 0.806591 0.442260
vt 0.834370 0.438500
vt 0.878524 0.445914
f  566/3838/566 398/3839/398 832/3840/832

vt 0.878524 0.445914
vt 0.834370 0.438500
vt 0.872440 0.439911
f  832/3841/832 398/3842/398 439/3843/439

vt 0.034225 0.471370
vt 0.039366 0.469883
vt 0.037034 0.514753
f  833/3844/833 559/3845/559 838/3846/838

vt 0.039366 0.469883
vt 0.041673 0.514359
vt 0.037034 0.514753
f  559/3847/559 571/3848/571 838/3849/838

vt 0.801699 0.697009
vt 0.801316 0.692388
vt 0.830682 0.692388
f  837/3850/837 573/3851/573 563/3852/563

vt 0.803786 0.562568
vt 0.773091 0.573414
vt 0.778424 0.562859
f  576/3853/576 839/3854/839 584/3855/584

vt 0.133580 0.485518
vt 0.169389 0.496217
vt 0.123781 0.499087
f  840/3856/840 575/3857/575 567/3858/567

vt 0.778424 0.562859
vt 0.773091 0.573414
vt 0.760149 0.561734
f  584/3859/584 839/3860/839 577/3861/577

vt 0.743836 0.565834
vt 0.760149 0.561734
vt 0.773091 0.573414
f  578/3862/578 577/3863/577 839/3864/839

vt 0.037034 0.514753
vt 0.041673 0.514359
vt 0.043493 0.548876
f  838/3865/838 571/3866/571 598/3867/598

vt 0.476268 0.436316
vt 0.471282 0.417272
vt 0.475981 0.415335
f  588/3868/588 607/3869/607 587/3870/587

vt 0.476268 0.436316
vt 0.471344 0.445407
vt 0.471282 0.417272
f  588/3871/588 841/3872/841 607/3873/607

vt 0.476268 0.436316
vt 0.476311 0.453535
vt 0.471344 0.445407
f  588/3874/588 592/3875/592 841/3876/841

vt 0.476311 0.453535
vt 0.471116 0.475466
vt 0.471344 0.445407
f  592/3877/592 603/3878/603 841/3879/841

vt 0.476311 0.453535
vt 0.476239 0.476985
vt 0.471116 0.475466
f  592/3880/592 591/3881/591 603/3882/603

vt 0.121641 0.591165
vt 0.125607 0.598340
vt 0.121641 0.603523
f  601/3883/601 594/3884/594 595/3885/595

vt 0.471344 0.445407
vt 0.463305 0.422109
vt 0.471282 0.417272
f  841/3886/841 608/3887/608 607/3888/607

vt 0.471344 0.445407
vt 0.463309 0.449405
vt 0.463305 0.422109
f  841/3889/841 609/3890/609 608/3891/608

vt 0.471116 0.475466
vt 0.463309 0.449405
vt 0.471344 0.445407
f  603/3892/603 609/3893/609 841/3894/841

vt 0.471116 0.475466
vt 0.462702 0.472187
vt 0.463309 0.449405
f  603/3895/603 445/3896/445 609/3897/609

vt 0.471116 0.475466
vt 0.445715 0.475909
vt 0.462702 0.472187
f  603/3898/603 610/3899/610 445/3900/445

vt 0.387969 0.469231
vt 0.388562 0.463111
vt 0.392349 0.460925
f  607/3901/607 608/3902/608 443/3903/443

vt 0.471282 0.417272
vt 0.452974 0.422661
vt 0.446640 0.417303
f  607/3904/607 614/3905/614 612/3906/612

vt 0.118065 0.587934
vt 0.112738 0.594958
vt 0.110671 0.592059
f  611/3907/611 605/3908/605 604/3909/604

vt 0.121641 0.591165
vt 0.112738 0.594958
vt 0.118065 0.587934
f  601/3910/601 605/3911/605 611/3912/611

vt 0.392349 0.460925
vt 0.395709 0.460899
vt 0.387969 0.469231
f  443/3913/443 614/3914/614 607/3915/607

vt 0.462702 0.472187
vt 0.445715 0.475909
vt 0.452830 0.470342
f  445/3916/445 610/3917/610 446/3918/446

vt 0.043493 0.548876
vt 0.041514 0.603286
vt 0.037034 0.514753
f  598/3919/598 842/3920/842 838/3921/838

vt 0.452974 0.422661
vt 0.445715 0.475909
vt 0.446640 0.417303
f  614/3922/614 610/3923/610 612/3924/612

vt 0.452830 0.470342
vt 0.445715 0.475909
vt 0.452974 0.422661
f  446/3925/446 610/3926/610 614/3927/614

vt 0.929468 0.495602
vt 0.934935 0.472105
vt 0.934935 0.495186
f  837/3928/837 618/3929/618 573/3930/573

vt 0.929468 0.495602
vt 0.929468 0.471773
vt 0.934935 0.472105
f  837/3931/837 843/3932/843 618/3933/618

vt 0.571506 0.705711
vt 0.583968 0.687256
vt 0.580346 0.709384
f  613/3934/613 624/3935/624 627/3936/627

vt 0.070094 0.575179
vt 0.070851 0.585951
vt 0.061640 0.582526
f  613/3937/613 627/3938/627 621/3939/621

vt 0.046453 0.603982
vt 0.041514 0.603286
vt 0.043493 0.548876
f  626/3940/626 842/3941/842 598/3942/598

vt 0.929468 0.471773
vt 0.929468 0.436294
vt 0.934935 0.472105
f  843/3943/843 844/3944/844 618/3945/618

vt 0.583968 0.687256
vt 0.599613 0.665532
vt 0.604039 0.675034
f  624/3946/624 630/3947/630 643/3948/643

vt 0.129120 0.339331
vt 0.129135 0.295053
vt 0.134427 0.371671
f  631/3949/631 632/3950/632 636/3951/636

vt 0.014546 0.430733
vt 0.011270 0.433080
vt 0.005662 0.433640
f  634/3952/634 639/3953/639 637/3954/637

vt 0.929468 0.436294
vt 0.934935 0.450919
vt 0.934935 0.472105
f  844/3955/844 641/3956/641 618/3957/618

vt 0.617017 0.698098
vt 0.604039 0.675034
vt 0.614595 0.681422
f  642/3958/642 643/3959/643 644/3960/644

vt 0.145749 0.358491
vt 0.145523 0.309424
vt 0.149366 0.345673
f  845/3961/845 846/3962/846 647/3963/647

vt 0.150386 0.585257
vt 0.145439 0.570630
vt 0.147704 0.570297
f  645/3964/645 842/3965/842 626/3966/626

vt 0.148306 0.458527
vt 0.151630 0.435383
vt 0.151339 0.453720
f  847/3967/847 340/3968/340 447/3969/447

vt 0.145749 0.358491
vt 0.149366 0.345673
vt 0.150824 0.389899
f  845/3970/845 647/3971/647 399/3972/399

vt 0.145523 0.309424
vt 0.152373 0.307610
vt 0.149366 0.345673
f  846/3973/846 345/3974/345 647/3975/647

vt 0.145600 0.425819
vt 0.150824 0.389899
vt 0.151630 0.435383
f  848/3976/848 399/3977/399 340/3978/340

vt 0.147119 0.280423
vt 0.152373 0.307610
vt 0.145523 0.309424
f  648/3979/648 345/3980/345 846/3981/846

vt 0.146238 0.258880
vt 0.152187 0.256817
vt 0.147119 0.280423
f  849/3982/849 347/3983/347 648/3984/648

vt 0.146238 0.258880
vt 0.147691 0.223597
vt 0.152187 0.256817
f  849/3985/849 649/3986/649 347/3987/347

vt 0.934935 0.450919
vt 0.929468 0.436294
vt 0.934935 0.433295
f  641/3988/641 844/3989/844 654/3990/654

vt 0.148306 0.458527
vt 0.151339 0.453720
vt 0.184334 0.455905
f  847/3991/847 447/3992/447 653/3993/653

vt 0.150386 0.585257
vt 0.155456 0.588062
vt 0.153369 0.589662
f  645/3994/645 662/3995/662 658/3996/658

vt 0.150386 0.585257
vt 0.153369 0.589662
vt 0.149193 0.590772
f  645/3997/645 658/3998/658 850/3999/850

vt 0.651254 0.721782
vt 0.661570 0.716421
vt 0.668982 0.723891
f  660/4000/660 663/4001/663 851/4002/851

vt 0.696346 0.714064
vt 0.706046 0.717839
vt 0.690817 0.724010
f  673/4003/673 676/4004/676 852/4005/852

vt 0.715665 0.726330
vt 0.734837 0.722209
vt 0.713409 0.735223
f  679/4006/679 681/4007/681 853/4008/853

vt 0.900473 0.561611
vt 0.903280 0.566922
vt 0.868392 0.561611
f  654/4009/654 844/4010/844 684/4011/684

vt 0.466901 0.220083
vt 0.474400 0.219338
vt 0.463306 0.254971
f  667/4012/667 854/4013/854 668/4014/668

vt 0.903280 0.566922
vt 0.872962 0.566922
vt 0.868392 0.561611
f  844/4015/844 855/4016/855 684/4017/684

vt 0.474400 0.219338
vt 0.474249 0.276894
vt 0.463306 0.254971
f  854/4018/854 856/4019/856 668/4020/668

vt 0.189735 0.460836
vt 0.184334 0.455905
vt 0.227028 0.460804
f  857/4021/857 653/4022/653 858/4023/858

vt 0.191859 0.196276
vt 0.200808 0.190848
vt 0.250357 0.196136
f  451/4024/451 859/4025/859 454/4026/454

vt 0.868392 0.561611
vt 0.872962 0.566922
vt 0.858418 0.566922
f  684/4027/684 855/4028/855 860/4029/860

vt 0.963520 0.520108
vt 0.965996 0.532172
vt 0.961425 0.533637
f  687/4030/687 692/4031/692 861/4032/861

vt 0.250357 0.196136
vt 0.200808 0.190848
vt 0.264451 0.191149
f  454/4033/454 859/4034/859 862/4035/862

vt 0.184334 0.455905
vt 0.234227 0.455529
vt 0.227028 0.460804
f  653/4036/653 453/4037/453 858/4038/858

vt 0.858418 0.566922
vt 0.857345 0.561611
vt 0.868392 0.561611
f  860/4039/860 691/4040/691 684/4041/684

vt 0.463306 0.254971
vt 0.474249 0.276894
vt 0.463306 0.290995
f  668/4042/668 856/4043/856 693/4044/693

vt 0.227028 0.460804
vt 0.234227 0.455529
vt 0.258887 0.460550
f  858/4045/858 453/4046/453 863/4047/863

vt 0.877838 0.111272
vt 0.873058 0.112257
vt 0.877838 0.095298
f  691/4048/691 860/4049/860 700/4050/700

vt 0.965996 0.532172
vt 0.970908 0.562468
vt 0.961425 0.533637
f  692/4051/692 699/4052/699 861/4053/861

vt 0.877838 0.095298
vt 0.873058 0.112257
vt 0.873058 0.093986
f  700/4054/700 860/4055/860 864/4056/864

vt 0.970908 0.562468
vt 0.970908 0.589699
vt 0.961425 0.533637
f  699/4057/699 865/4058/865 861/4059/861

vt 0.973519 0.577801
vt 0.970908 0.589699
vt 0.970908 0.562468
f  708/4060/708 865/4061/865 699/4062/699

vt 0.888772 0.004471
vt 0.900271 0.000163
vt 0.891464 0.007808
f  713/4063/713 703/4064/703 711/4065/711

vt 0.234227 0.455529
vt 0.308059 0.455520
vt 0.258887 0.460550
f  453/4066/453 455/4067/455 863/4068/863

vt 0.873058 0.093986
vt 0.877838 0.072238
vt 0.877838 0.095298
f  864/4069/864 715/4070/715 700/4071/700

vt 0.258887 0.460550
vt 0.308059 0.455520
vt 0.299350 0.460459
f  863/4072/863 455/4073/455 866/4074/866

vt 0.970908 0.589699
vt 0.973519 0.577801
vt 0.977085 0.600242
f  865/4075/865 708/4076/708 717/4077/717

vt 0.873058 0.093986
vt 0.873058 0.064956
vt 0.877838 0.072238
f  864/4078/864 867/4079/867 715/4080/715

vt 0.250357 0.196136
vt 0.297167 0.191464
vt 0.283645 0.200682
f  454/4081/454 868/4082/868 456/4083/456

vt 0.250357 0.196136
vt 0.264451 0.191149
vt 0.297167 0.191464
f  454/4084/454 862/4085/862 868/4086/868

vt 0.297167 0.191464
vt 0.331240 0.196314
vt 0.283645 0.200682
f  868/4087/868 458/4088/458 456/4089/456

vt 0.299350 0.460459
vt 0.308059 0.455520
vt 0.330580 0.460405
f  866/4090/866 455/4091/455 869/4092/869

vt 0.873058 0.064956
vt 0.873058 0.048424
vt 0.877838 0.072238
f  867/4093/867 870/4094/870 715/4095/715

vt 0.873058 0.048424
vt 0.877838 0.048203
vt 0.877838 0.072238
f  870/4096/870 728/4097/728 715/4098/715

vt 0.979068 0.612114
vt 0.988628 0.670317
vt 0.970908 0.589699
f  723/4099/723 729/4100/729 865/4101/865

vt 0.330580 0.460405
vt 0.308059 0.455520
vt 0.358644 0.455482
f  869/4102/869 455/4103/455 732/4104/732

vt 0.970908 0.589699
vt 0.988628 0.670317
vt 0.984125 0.670125
f  865/4105/865 729/4106/729 871/4107/871

vt 0.525406 0.029665
vt 0.496778 0.029665
vt 0.525186 0.025561
f  870/4108/870 872/4109/872 728/4110/728

vt 0.988628 0.670317
vt 0.991104 0.689730
vt 0.984125 0.670125
f  729/4111/729 736/4112/736 871/4113/871

vt 0.454116 0.040184
vt 0.450660 0.040846
vt 0.449042 0.040184
f  873/4114/873 743/4115/743 731/4116/731

vt 0.331240 0.196314
vt 0.359555 0.197066
vt 0.357211 0.201689
f  458/4117/458 740/4118/740 381/4119/381

vt 0.928380 0.572586
vt 0.921461 0.609316
vt 0.923920 0.570045
f  376/4120/376 737/4121/737 732/4122/732

vt 0.496778 0.029665
vt 0.495934 0.025561
vt 0.525186 0.025561
f  872/4123/872 741/4124/741 728/4125/728

vt 0.801316 0.686950
vt 0.816425 0.686950
vt 0.802097 0.691411
f  872/4126/872 874/4127/874 741/4128/741

vt 0.866088 0.076218
vt 0.784172 0.092782
vt 0.793643 0.080148
f  743/4129/743 875/4130/875 744/4131/744

vt 0.793643 0.080148
vt 0.740141 0.095381
vt 0.716889 0.089593
f  744/4132/744 876/4133/876 745/4134/745

vt 0.716889 0.089593
vt 0.646122 0.105153
vt 0.618719 0.098250
f  745/4135/745 877/4136/877 747/4137/747

vt 0.405216 0.550261
vt 0.420091 0.551359
vt 0.430141 0.557893
f  751/4138/751 763/4139/763 878/4140/878

vt 0.405216 0.550261
vt 0.430141 0.557893
vt 0.404008 0.566875
f  751/4141/751 878/4142/878 766/4143/766

vt 0.467628 0.547739
vt 0.471645 0.543092
vt 0.478266 0.544316
f  765/4144/765 764/4145/764 767/4146/767

vt 0.816425 0.686950
vt 0.826674 0.691411
vt 0.802097 0.691411
f  874/4147/874 771/4148/771 741/4149/741

vt 0.429283 0.575313
vt 0.441617 0.572993
vt 0.441866 0.574912
f  774/4150/774 773/4151/773 879/4152/879

vt 0.875584 0.025978
vt 0.867067 0.025972
vt 0.868379 0.007072
f  879/4153/879 781/4154/781 783/4155/783

vt 0.448818 0.596755
vt 0.476634 0.593488
vt 0.448818 0.607697
f  776/4156/776 880/4157/880 767/4158/767

vt 0.816425 0.686950
vt 0.830860 0.686950
vt 0.826674 0.691411
f  874/4159/874 881/4160/881 771/4161/771

vt 0.375059 0.564350
vt 0.378903 0.591144
vt 0.372650 0.581844
f  758/4162/758 778/4163/778 882/4164/882

vt 0.826674 0.691411
vt 0.830860 0.686950
vt 0.832157 0.691411
f  771/4165/771 881/4166/881 779/4167/779

vt 0.372650 0.581844
vt 0.378903 0.591144
vt 0.375735 0.596878
f  882/4168/882 778/4169/778 883/4170/883

vt 0.423128 0.592697
vt 0.423417 0.588474
vt 0.429030 0.589001
f  884/4171/884 785/4172/785 784/4173/784

vt 0.861115 0.010002
vt 0.800532 0.015027
vt 0.852816 0.006957
f  790/4174/790 791/4175/791 885/4176/885

vt 0.800532 0.015027
vt 0.798123 0.011454
vt 0.852816 0.006957
f  791/4177/791 886/4178/886 885/4179/885

vt 0.800532 0.015027
vt 0.744120 0.019991
vt 0.798123 0.011454
f  791/4180/791 792/4181/792 886/4182/886

vt 0.744120 0.019991
vt 0.733440 0.016366
vt 0.798123 0.011454
f  792/4183/792 887/4184/887 886/4185/886

vt 0.733440 0.016366
vt 0.744120 0.019991
vt 0.635379 0.025820
f  887/4186/887 792/4187/792 888/4188/888

vt 0.624728 0.030623
vt 0.568010 0.035646
vt 0.635379 0.025820
f  793/4189/793 794/4190/794 888/4191/888

vt 0.483525 0.043530
vt 0.486492 0.038495
vt 0.523894 0.035758
f  779/4192/779 881/4193/881 889/4194/889

vt 0.375735 0.596878
vt 0.378903 0.591144
vt 0.423128 0.592697
f  883/4195/883 778/4196/778 884/4197/884

vt 0.423128 0.592697
vt 0.378903 0.591144
vt 0.423417 0.588474
f  884/4198/884 778/4199/778 785/4200/785

vt 0.868379 0.007072
vt 0.861115 0.010002
vt 0.852816 0.006957
f  783/4201/783 790/4202/790 885/4203/885

vt 0.744120 0.019991
vt 0.624728 0.030623
vt 0.635379 0.025820
f  792/4204/792 793/4205/793 888/4206/888

vt 0.523894 0.035758
vt 0.568010 0.035646
vt 0.513349 0.040476
f  889/4207/889 794/4208/794 795/4209/795

vt 0.523894 0.035758
vt 0.513349 0.040476
vt 0.483525 0.043530
f  889/4210/889 795/4211/795 779/4212/779

vt 0.440880 0.515552
vt 0.441341 0.519768
vt 0.436730 0.511697
f  890/4213/890 891/4214/891 286/4215/286

vt 0.436730 0.511697
vt 0.441341 0.519768
vt 0.439104 0.524617
f  286/4216/286 891/4217/891 264/4218/264

vt 0.819957 0.702825
vt 0.817271 0.704019
vt 0.792478 0.703084
f  264/4219/264 266/4220/266 240/4221/240

vt 0.436730 0.511697
vt 0.473355 0.511771
vt 0.440880 0.515552
f  286/4222/286 466/4223/466 890/4224/890

vt 0.913014 0.003923
vt 0.955942 0.004169
vt 0.913080 0.035103
f  122/4225/122 892/4226/892 123/4227/123

vt 0.021131 0.082308
vt 0.021369 0.093102
vt 0.014168 0.087189
f  797/4228/797 491/4229/491 893/4230/893

vt 0.816635 0.724360
vt 0.820383 0.729640
vt 0.799586 0.746968
f  802/4231/802 894/4232/894 267/4233/267

vt 0.799586 0.746968
vt 0.820383 0.729640
vt 0.815586 0.735310
f  267/4234/267 894/4235/894 387/4236/387

vt 0.812629 0.740158
vt 0.815586 0.735310
vt 0.821742 0.733991
f  306/4237/306 387/4238/387 895/4239/895

vt 0.021369 0.093102
vt 0.021613 0.131100
vt 0.014168 0.087189
f  491/4240/491 493/4241/493 893/4242/893

vt 0.014168 0.087189
vt 0.021613 0.131100
vt 0.015550 0.151557
f  893/4243/893 493/4244/493 805/4245/805

vt 0.690516 0.116875
vt 0.746968 0.117028
vt 0.756131 0.125772
f  508/4246/508 509/4247/509 896/4248/896

vt 0.746968 0.117028
vt 0.802763 0.125519
vt 0.756131 0.125772
f  509/4249/509 809/4250/809 896/4251/896

vt 0.840021 0.117402
vt 0.853132 0.127374
vt 0.802763 0.125519
f  510/4252/510 897/4253/897 809/4254/809

vt 0.840021 0.117402
vt 0.896209 0.115063
vt 0.853132 0.127374
f  510/4255/510 507/4256/507 897/4257/897

vt 0.015550 0.151557
vt 0.019178 0.178919
vt 0.013582 0.204102
f  805/4258/805 511/4259/511 816/4260/816

vt 0.592590 0.142530
vt 0.663543 0.147089
vt 0.598625 0.149351
f  898/4261/898 516/4262/516 425/4263/425

vt 0.683103 0.141017
vt 0.663543 0.147089
vt 0.592590 0.142530
f  810/4264/810 516/4265/516 898/4266/898

vt 0.817919 0.141520
vt 0.799860 0.147452
vt 0.736419 0.141287
f  812/4267/812 427/4268/427 811/4269/811

vt 0.019178 0.178919
vt 0.019485 0.192841
vt 0.013582 0.204102
f  511/4270/511 513/4271/513 816/4272/816

vt 0.496798 0.000163
vt 0.530229 0.000163
vt 0.498896 0.010817
f  495/4273/495 522/4274/522 899/4275/899

vt 0.877366 0.143410
vt 0.879361 0.148156
vt 0.873682 0.151632
f  813/4276/813 817/4277/817 428/4278/428

vt 0.598625 0.149351
vt 0.591743 0.212117
vt 0.592590 0.142530
f  425/4279/425 815/4280/815 898/4281/898

vt 0.772317 0.813682
vt 0.690547 0.813620
vt 0.781246 0.770631
f  140/4282/140 142/4283/142 431/4284/431

vt 0.024910 0.259522
vt 0.026399 0.279154
vt 0.017597 0.250581
f  525/4285/525 531/4286/531 819/4287/819

vt 0.017597 0.250581
vt 0.026399 0.279154
vt 0.018307 0.286681
f  819/4288/819 531/4289/531 900/4290/900

vt 0.552149 0.000163
vt 0.581224 0.003370
vt 0.567952 0.009915
f  532/4291/532 542/4292/542 901/4293/901

vt 0.026399 0.279154
vt 0.024656 0.301536
vt 0.018307 0.286681
f  531/4294/531 824/4295/824 900/4296/900

vt 0.184009 0.531729
vt 0.228654 0.531737
vt 0.173734 0.578071
f  902/4297/902 268/4298/268 134/4299/134

vt 0.024656 0.301536
vt 0.029104 0.320316
vt 0.018307 0.286681
f  824/4300/824 541/4301/541 900/4302/900

vt 0.018307 0.286681
vt 0.029104 0.320316
vt 0.024513 0.341450
f  900/4303/900 541/4304/541 826/4305/826

vt 0.770217 0.603167
vt 0.714264 0.603276
vt 0.729153 0.578633
f  823/4306/823 828/4307/828 544/4308/544

vt 0.581224 0.003370
vt 0.621828 0.003698
vt 0.599276 0.009071
f  542/4309/542 548/4310/548 903/4311/903

vt 0.625133 0.009697
vt 0.621828 0.003698
vt 0.661979 0.003899
f  904/4312/904 548/4313/548 561/4314/561

vt 0.591787 0.392071
vt 0.599199 0.436861
vt 0.593870 0.443144
f  831/4315/831 435/4316/435 835/4317/835

vt 0.716178 0.447406
vt 0.666217 0.442695
vt 0.719336 0.441980
f  905/4318/905 436/4319/436 438/4320/438

vt 0.593870 0.443144
vt 0.629320 0.446702
vt 0.588324 0.450350
f  835/4321/835 437/4322/437 906/4323/906

vt 0.666217 0.442695
vt 0.672357 0.453208
vt 0.629320 0.446702
f  436/4324/436 907/4325/907 437/4326/437

vt 0.716178 0.447406
vt 0.672357 0.453208
vt 0.666217 0.442695
f  905/4327/905 907/4328/907 436/4329/436

vt 0.758608 0.442870
vt 0.716178 0.447406
vt 0.719336 0.441980
f  565/4330/565 905/4331/905 438/4332/438

vt 0.758608 0.442870
vt 0.790388 0.446492
vt 0.716178 0.447406
f  565/4333/565 836/4334/836 905/4335/905

vt 0.806591 0.442260
vt 0.828030 0.449405
vt 0.790388 0.446492
f  566/4336/566 908/4337/908 836/4338/836

vt 0.878524 0.445914
vt 0.828030 0.449405
vt 0.806591 0.442260
f  832/4339/832 908/4340/908 566/4341/566

vt 0.034225 0.471370
vt 0.037034 0.514753
vt 0.033676 0.523904
f  833/4342/833 838/4343/838 909/4344/909

vt 0.625745 0.562494
vt 0.610624 0.573902
vt 0.595599 0.561907
f  586/4345/586 910/4346/910 590/4347/590

vt 0.160630 0.000163
vt 0.116321 0.003735
vt 0.114375 0.000163
f  834/4348/834 911/4349/911 837/4350/837

vt 0.112216 0.603489
vt 0.112738 0.594958
vt 0.121641 0.603523
f  593/4351/593 605/4352/605 595/4353/595

vt 0.121641 0.603523
vt 0.112738 0.594958
vt 0.121641 0.591165
f  595/4354/595 605/4355/605 601/4356/601

vt 0.134427 0.371671
vt 0.129135 0.295053
vt 0.137272 0.319617
f  636/4357/636 632/4358/632 912/4359/912

vt 0.129135 0.295053
vt 0.129289 0.232483
vt 0.137168 0.274747
f  632/4360/632 633/4361/633 913/4362/913

vt 0.129289 0.232483
vt 0.137428 0.217734
vt 0.137168 0.274747
f  633/4363/633 914/4364/914 913/4365/913

vt 0.129289 0.232483
vt 0.136797 0.180176
vt 0.137428 0.217734
f  633/4366/633 637/4367/637 914/4368/914

vt 0.011270 0.433080
vt 0.005363 0.480050
vt 0.005662 0.433640
f  639/4369/639 915/4370/915 637/4371/637

vt 0.150824 0.389899
vt 0.145600 0.425819
vt 0.145749 0.358491
f  399/4372/399 848/4373/848 845/4374/845

vt 0.147691 0.223597
vt 0.147798 0.192087
vt 0.150885 0.197363
f  649/4375/649 916/4376/916 449/4377/449

vt 0.145439 0.570630
vt 0.150386 0.585257
vt 0.146352 0.587346
f  842/4378/842 645/4379/645 917/4380/917

vt 0.922063 0.485711
vt 0.924580 0.479589
vt 0.928490 0.486708
f  659/4381/659 850/4382/850 658/4383/658

vt 0.184334 0.455905
vt 0.189735 0.460836
vt 0.148306 0.458527
f  653/4384/653 857/4385/857 847/4386/847

vt 0.147798 0.192087
vt 0.200808 0.190848
vt 0.150885 0.197363
f  916/4387/916 859/4388/859 449/4389/449

vt 0.150885 0.197363
vt 0.200808 0.190848
vt 0.191859 0.196276
f  449/4390/449 859/4391/859 451/4392/451

vt 0.661570 0.716421
vt 0.674364 0.711473
vt 0.668982 0.723891
f  663/4393/663 664/4394/664 851/4395/851

vt 0.668982 0.723891
vt 0.674364 0.711473
vt 0.689233 0.714592
f  851/4396/851 664/4397/664 674/4398/674

vt 0.689233 0.714592
vt 0.690817 0.724010
vt 0.668982 0.723891
f  674/4399/674 852/4400/852 851/4401/851

vt 0.696346 0.714064
vt 0.690817 0.724010
vt 0.689233 0.714592
f  673/4402/673 852/4403/852 674/4404/674

vt 0.684521 0.692272
vt 0.684982 0.700685
vt 0.678170 0.696633
f  666/4405/666 675/4406/675 665/4407/665

vt 0.011342 0.489473
vt 0.005363 0.480050
vt 0.011270 0.433080
f  669/4408/669 915/4409/915 639/4410/639

vt 0.684982 0.700685
vt 0.696723 0.694300
vt 0.689233 0.714592
f  675/4411/675 672/4412/672 674/4413/674

vt 0.715665 0.726330
vt 0.713409 0.735223
vt 0.706046 0.717839
f  679/4414/679 853/4415/853 676/4416/676

vt 0.961042 0.510392
vt 0.963520 0.520108
vt 0.956446 0.522966
f  681/4417/681 687/4418/687 918/4419/918

vt 0.011342 0.489473
vt 0.004279 0.530234
vt 0.005363 0.480050
f  669/4420/669 919/4421/919 915/4422/915

vt 0.963520 0.520108
vt 0.961425 0.533637
vt 0.956446 0.522966
f  687/4423/687 861/4424/861 918/4425/918

vt 0.011342 0.489473
vt 0.014256 0.522155
vt 0.004279 0.530234
f  669/4426/669 670/4427/670 919/4428/919

vt 0.309249 0.813664
vt 0.296346 0.770983
vt 0.342617 0.772233
f  173/4429/173 299/4430/299 259/4431/259

vt 0.715548 0.858502
vt 0.723508 0.862640
vt 0.682713 0.862640
f  920/4432/920 864/4433/864 860/4434/860

vt 0.014256 0.522155
vt 0.010336 0.553261
vt 0.004279 0.530234
f  670/4435/670 702/4436/702 919/4437/919

vt 0.492297 0.746228
vt 0.504142 0.742366
vt 0.504142 0.746194
f  698/4438/698 704/4439/704 697/4440/697

vt 0.481711 0.746968
vt 0.481711 0.740436
vt 0.492297 0.746228
f  695/4441/695 709/4442/709 698/4443/698

vt 0.504142 0.742366
vt 0.492297 0.746228
vt 0.481711 0.740436
f  704/4444/704 698/4445/698 709/4446/709

vt 0.474249 0.276894
vt 0.467231 0.315993
vt 0.463306 0.290995
f  856/4447/856 720/4448/720 693/4449/693

vt 0.481711 0.740436
vt 0.488767 0.734385
vt 0.504142 0.742366
f  709/4450/709 711/4451/711 704/4452/704

vt 0.504142 0.742366
vt 0.488767 0.734385
vt 0.504142 0.736845
f  704/4453/704 711/4454/711 703/4455/703

vt 0.977085 0.600242
vt 0.979068 0.612114
vt 0.970908 0.589699
f  717/4456/717 723/4457/723 865/4458/865

vt 0.467231 0.315993
vt 0.474263 0.331376
vt 0.467067 0.361501
f  720/4459/720 921/4460/921 725/4461/725

vt 0.297167 0.191464
vt 0.360857 0.191053
vt 0.331240 0.196314
f  868/4462/868 922/4463/922 458/4464/458

vt 0.788116 0.862640
vt 0.823920 0.858334
vt 0.824948 0.862640
f  867/4465/867 923/4466/923 870/4467/870

vt 0.322703 0.672609
vt 0.400050 0.628699
vt 0.381474 0.673044
f  180/4468/180 459/4469/459 183/4470/183

vt 0.859891 0.859172
vt 0.888969 0.862640
vt 0.824948 0.862640
f  924/4471/924 872/4472/872 870/4473/870

vt 0.009750 0.608518
vt 0.009554 0.658941
vt 0.002757 0.657119
f  719/4474/719 734/4475/734 925/4476/925

vt 0.467067 0.361501
vt 0.473979 0.364160
vt 0.463306 0.413845
f  725/4477/725 926/4478/926 731/4479/731

vt 0.362500 0.459614
vt 0.330580 0.460405
vt 0.358644 0.455482
f  927/4480/927 869/4481/869 732/4482/732

vt 0.331240 0.196314
vt 0.360857 0.191053
vt 0.359555 0.197066
f  458/4483/458 922/4484/922 740/4485/740

vt 0.921461 0.609316
vt 0.917961 0.567773
vt 0.923920 0.570045
f  737/4486/737 927/4487/927 732/4488/732

vt 0.922018 0.655921
vt 0.916918 0.642423
vt 0.921461 0.609316
f  460/4489/460 928/4490/928 737/4491/737

vt 0.921956 0.684774
vt 0.917078 0.678459
vt 0.922018 0.655921
f  738/4492/738 929/4493/929 460/4494/460

vt 0.918538 0.713180
vt 0.914066 0.713956
vt 0.921956 0.684774
f  739/4495/739 930/4496/930 738/4497/738

vt 0.917052 0.738903
vt 0.914066 0.713956
vt 0.918538 0.713180
f  740/4498/740 930/4499/930 739/4500/739

vt 0.359555 0.197066
vt 0.360857 0.191053
vt 0.362715 0.193546
f  740/4501/740 922/4502/922 931/4503/931

vt 0.921461 0.609316
vt 0.916918 0.642423
vt 0.917961 0.567773
f  737/4504/737 928/4505/928 927/4506/927

vt 0.922018 0.655921
vt 0.917078 0.678459
vt 0.916918 0.642423
f  460/4507/460 929/4508/929 928/4509/928

vt 0.921956 0.684774
vt 0.914066 0.713956
vt 0.917078 0.678459
f  738/4510/738 930/4511/930 929/4512/929

vt 0.917052 0.738903
vt 0.913332 0.740599
vt 0.914066 0.713956
f  740/4513/740 931/4514/931 930/4515/930

vt 0.360857 0.191053
vt 0.363749 0.186819
vt 0.362715 0.193546
f  922/4516/922 932/4517/932 931/4518/931

vt 0.863661 0.084090
vt 0.821457 0.089383
vt 0.866088 0.076218
f  873/4519/873 933/4520/933 743/4521/743

vt 0.699119 0.099380
vt 0.646122 0.105153
vt 0.716889 0.089593
f  934/4522/934 877/4523/877 745/4524/745

vt 0.646122 0.105153
vt 0.600301 0.108906
vt 0.618719 0.098250
f  877/4525/877 935/4526/935 747/4527/747

vt 0.618719 0.098250
vt 0.600301 0.108906
vt 0.560948 0.103718
f  747/4528/747 935/4529/935 734/4530/734

vt 0.991104 0.689730
vt 0.995979 0.720203
vt 0.982685 0.684588
f  736/4531/736 758/4532/758 936/4533/936

vt 0.995979 0.720203
vt 0.993263 0.732104
vt 0.987195 0.712928
f  758/4534/758 882/4535/882 937/4536/937

vt 0.418017 0.568717
vt 0.404008 0.566875
vt 0.439718 0.562770
f  775/4537/775 766/4538/766 938/4539/938

vt 0.429283 0.575313
vt 0.441866 0.574912
vt 0.429030 0.589001
f  774/4540/774 879/4541/879 784/4542/784

vt 0.448818 0.568731
vt 0.450625 0.567761
vt 0.448818 0.572425
f  879/4543/879 773/4544/773 781/4545/781

vt 0.448818 0.577568
vt 0.448818 0.572425
vt 0.476634 0.577926
f  777/4546/777 781/4547/781 939/4548/939

vt 0.423128 0.592697
vt 0.429030 0.589001
vt 0.429732 0.596450
f  884/4549/884 784/4550/784 940/4551/940

vt 0.635379 0.025820
vt 0.549275 0.029910
vt 0.616220 0.023427
f  888/4552/888 941/4553/941 942/4554/942

vt 0.568010 0.035646
vt 0.549275 0.029910
vt 0.635379 0.025820
f  794/4555/794 941/4556/941 888/4557/888

vt 0.523894 0.035758
vt 0.549275 0.029910
vt 0.568010 0.035646
f  889/4558/889 941/4559/941 794/4560/794

vt 0.801411 0.700941
vt 0.801316 0.697987
vt 0.819813 0.701655
f  881/4561/881 943/4562/943 889/4563/889

vt 0.021131 0.082308
vt 0.014168 0.087189
vt 0.015013 0.005939
f  797/4564/797 893/4565/893 462/4566/462

vt 0.473355 0.511771
vt 0.474161 0.514402
vt 0.440880 0.515552
f  466/4567/466 468/4568/468 890/4569/890

vt 0.463855 0.502759
vt 0.477288 0.502256
vt 0.472512 0.504504
f  800/4570/800 803/4571/803 424/4572/424

vt 0.983877 0.112257
vt 0.979670 0.106159
vt 0.986723 0.108530
f  424/4573/424 803/4574/803 488/4575/488

vt 0.815586 0.735310
vt 0.820383 0.729640
vt 0.821742 0.733991
f  387/4576/387 894/4577/894 895/4578/895

vt 0.826251 0.734487
vt 0.812629 0.740158
vt 0.821742 0.733991
f  468/4579/468 306/4580/306 895/4581/895

vt 0.690516 0.116875
vt 0.706058 0.125582
vt 0.651979 0.126332
f  508/4582/508 944/4583/944 808/4584/808

vt 0.496798 0.000163
vt 0.498896 0.010817
vt 0.495934 0.001255
f  495/4585/495 899/4586/899 507/4587/507

vt 0.592590 0.142530
vt 0.586756 0.136572
vt 0.683103 0.141017
f  898/4588/898 945/4589/945 810/4590/810

vt 0.683103 0.141017
vt 0.586756 0.136572
vt 0.680197 0.135008
f  810/4591/810 945/4592/945 946/4593/946

vt 0.683103 0.141017
vt 0.680197 0.135008
vt 0.747060 0.136723
f  810/4594/810 946/4595/946 947/4596/947

vt 0.683103 0.141017
vt 0.747060 0.136723
vt 0.736419 0.141287
f  810/4597/810 947/4598/947 811/4599/811

vt 0.736419 0.141287
vt 0.747060 0.136723
vt 0.817919 0.141520
f  811/4600/811 947/4601/947 812/4602/812

vt 0.817919 0.141520
vt 0.747060 0.136723
vt 0.817945 0.136180
f  812/4603/812 947/4604/947 948/4605/948

vt 0.817919 0.141520
vt 0.817945 0.136180
vt 0.877366 0.143410
f  812/4606/812 948/4607/948 813/4608/813

vt 0.877366 0.143410
vt 0.883618 0.138541
vt 0.879361 0.148156
f  813/4609/813 949/4610/949 817/4611/817

vt 0.883618 0.138541
vt 0.887442 0.200949
vt 0.879361 0.148156
f  949/4612/949 950/4613/950 817/4614/817

vt 0.895721 0.604533
vt 0.826730 0.603057
vt 0.843170 0.586629
f  806/4615/806 951/4616/951 515/4617/515

vt 0.530229 0.000163
vt 0.532447 0.009990
vt 0.498896 0.010817
f  522/4618/522 952/4619/952 899/4620/899

vt 0.879361 0.148156
vt 0.887442 0.200949
vt 0.880631 0.257753
f  817/4621/817 950/4622/950 820/4623/820

vt 0.592590 0.142530
vt 0.591743 0.212117
vt 0.586756 0.136572
f  898/4624/898 815/4625/815 945/4626/945

vt 0.591743 0.212117
vt 0.585222 0.224926
vt 0.586756 0.136572
f  815/4627/815 953/4628/953 945/4629/945

vt 0.887442 0.200949
vt 0.886481 0.254486
vt 0.880631 0.257753
f  950/4630/950 954/4631/954 820/4632/820

vt 0.530229 0.000163
vt 0.552149 0.000163
vt 0.532447 0.009990
f  522/4633/522 532/4634/532 952/4635/952

vt 0.826730 0.603057
vt 0.770217 0.603167
vt 0.843170 0.586629
f  951/4636/951 823/4637/823 515/4638/515

vt 0.552149 0.000163
vt 0.567952 0.009915
vt 0.532447 0.009990
f  532/4639/532 901/4640/901 952/4641/952

vt 0.591743 0.212117
vt 0.586423 0.298266
vt 0.585222 0.224926
f  815/4642/815 955/4643/955 953/4644/953

vt 0.591743 0.212117
vt 0.591669 0.255298
vt 0.586423 0.298266
f  815/4645/815 822/4646/822 955/4647/955

vt 0.290740 0.000163
vt 0.248431 0.003876
vt 0.208881 0.000163
f  821/4648/821 956/4649/956 825/4650/825

vt 0.591669 0.255298
vt 0.591559 0.333831
vt 0.586423 0.298266
f  822/4651/822 827/4652/827 955/4653/955

vt 0.880631 0.257753
vt 0.885710 0.329064
vt 0.880243 0.344811
f  820/4654/820 957/4655/957 829/4656/829

vt 0.034125 0.387527
vt 0.026759 0.397017
vt 0.024513 0.341450
f  551/4657/551 958/4658/958 826/4659/826

vt 0.034125 0.387527
vt 0.031546 0.415748
vt 0.026759 0.397017
f  551/4660/551 830/4661/830 958/4662/958

vt 0.885710 0.329064
vt 0.885743 0.386056
vt 0.880243 0.344811
f  957/4663/957 959/4664/959 829/4665/829

vt 0.591559 0.333831
vt 0.591787 0.392071
vt 0.586423 0.298266
f  827/4666/827 831/4667/831 955/4668/955

vt 0.591787 0.392071
vt 0.587697 0.405846
vt 0.586423 0.298266
f  831/4669/831 960/4670/960 955/4671/955

vt 0.880243 0.344811
vt 0.885743 0.386056
vt 0.878524 0.445914
f  829/4672/829 959/4673/959 832/4674/832

vt 0.690919 0.585660
vt 0.636896 0.603427
vt 0.621252 0.584922
f  549/4675/549 961/4676/961 558/4677/558

vt 0.031546 0.415748
vt 0.029943 0.464073
vt 0.026759 0.397017
f  830/4678/830 962/4679/962 958/4680/958

vt 0.636896 0.603427
vt 0.579167 0.598680
vt 0.621252 0.584922
f  961/4681/961 963/4682/963 558/4683/558

vt 0.208881 0.000163
vt 0.192313 0.004046
vt 0.160630 0.000163
f  825/4684/825 964/4685/964 834/4686/834

vt 0.031546 0.415748
vt 0.034225 0.471370
vt 0.029943 0.464073
f  830/4687/830 833/4688/833 962/4689/962

vt 0.192313 0.004046
vt 0.159627 0.003924
vt 0.160630 0.000163
f  964/4690/964 965/4691/965 834/4692/834

vt 0.885743 0.386056
vt 0.886026 0.454373
vt 0.878524 0.445914
f  959/4693/959 966/4694/966 832/4695/832

vt 0.591787 0.392071
vt 0.593870 0.443144
vt 0.587697 0.405846
f  831/4696/831 835/4697/835 960/4698/960

vt 0.593870 0.443144
vt 0.588324 0.450350
vt 0.587697 0.405846
f  835/4699/835 906/4700/906 960/4701/960

vt 0.159627 0.003924
vt 0.116321 0.003735
vt 0.160630 0.000163
f  965/4702/965 911/4703/911 834/4704/834

vt 0.790388 0.446492
vt 0.730706 0.453335
vt 0.716178 0.447406
f  836/4705/836 967/4706/967 905/4707/905

vt 0.790388 0.446492
vt 0.789724 0.453524
vt 0.730706 0.453335
f  836/4708/836 968/4709/968 967/4710/967

vt 0.790388 0.446492
vt 0.828030 0.449405
vt 0.789724 0.453524
f  836/4711/836 908/4712/908 968/4713/968

vt 0.878524 0.445914
vt 0.886026 0.454373
vt 0.828030 0.449405
f  832/4714/832 966/4715/966 908/4716/908

vt 0.034225 0.471370
vt 0.033676 0.523904
vt 0.029943 0.464073
f  833/4717/833 909/4718/909 962/4719/962

vt 0.661979 0.003899
vt 0.682541 0.000163
vt 0.650975 0.011127
f  561/4720/561 570/4721/570 969/4722/969

vt 0.621252 0.584922
vt 0.579167 0.598680
vt 0.574501 0.579606
f  558/4723/558 963/4724/963 567/4725/567

vt 0.169389 0.496217
vt 0.175309 0.484704
vt 0.207662 0.494886
f  575/4726/575 970/4727/970 576/4728/576

vt 0.127960 0.487797
vt 0.133580 0.485518
vt 0.123781 0.499087
f  963/4729/963 840/4730/840 567/4731/567

vt 0.169389 0.496217
vt 0.133580 0.485518
vt 0.175309 0.484704
f  575/4732/575 840/4733/840 970/4734/970

vt 0.743836 0.565834
vt 0.733391 0.575512
vt 0.710112 0.566493
f  578/4735/578 971/4736/971 580/4737/580

vt 0.657588 0.562164
vt 0.671435 0.572716
vt 0.625745 0.562494
f  582/4738/582 581/4739/581 586/4740/586

vt 0.625745 0.562494
vt 0.671435 0.572716
vt 0.610624 0.573902
f  586/4741/586 581/4742/581 910/4743/910

vt 0.610624 0.573902
vt 0.568797 0.574721
vt 0.595599 0.561907
f  910/4744/910 972/4745/972 590/4746/590

vt 0.595599 0.561907
vt 0.568797 0.574721
vt 0.561624 0.562397
f  590/4747/590 972/4748/972 570/4749/570

vt 0.037034 0.514753
vt 0.035077 0.555538
vt 0.033676 0.523904
f  838/4750/838 973/4751/973 909/4752/909

vt 0.037034 0.514753
vt 0.041514 0.603286
vt 0.035077 0.555538
f  838/4753/838 842/4754/842 973/4755/973

vt 0.041514 0.603286
vt 0.036482 0.601159
vt 0.035077 0.555538
f  842/4756/842 974/4757/974 973/4758/973

vt 0.520633 0.862640
vt 0.550328 0.857971
vt 0.589846 0.862640
f  843/4759/843 975/4760/975 844/4761/844

vt 0.583968 0.687256
vt 0.604039 0.675034
vt 0.592327 0.692293
f  624/4762/624 643/4763/643 976/4764/976

vt 0.129052 0.429263
vt 0.137619 0.419139
vt 0.137238 0.471446
f  606/4765/606 977/4766/977 635/4767/635

vt 0.129052 0.429263
vt 0.134427 0.371671
vt 0.137619 0.419139
f  606/4768/606 636/4769/636 977/4770/977

vt 0.129135 0.295053
vt 0.137168 0.274747
vt 0.137272 0.319617
f  632/4771/632 913/4772/913 912/4773/912

vt 0.145439 0.570630
vt 0.146352 0.587346
vt 0.143039 0.570297
f  842/4774/842 917/4775/917 974/4776/974

vt 0.617017 0.698098
vt 0.600839 0.695870
vt 0.604039 0.675034
f  642/4777/642 978/4778/978 643/4779/643

vt 0.473739 0.179306
vt 0.474400 0.219338
vt 0.463306 0.176159
f  635/4780/635 854/4781/854 615/4782/615

vt 0.148306 0.458527
vt 0.145600 0.425819
vt 0.151630 0.435383
f  847/4783/847 848/4784/848 340/4785/340

vt 0.145600 0.425819
vt 0.141494 0.366050
vt 0.145749 0.358491
f  848/4786/848 979/4787/979 845/4788/845

vt 0.145749 0.358491
vt 0.141494 0.366050
vt 0.145523 0.309424
f  845/4789/845 979/4790/979 846/4791/846

vt 0.147119 0.280423
vt 0.141843 0.265537
vt 0.146238 0.258880
f  648/4792/648 980/4793/980 849/4794/849

vt 0.147691 0.223597
vt 0.146238 0.258880
vt 0.141843 0.265537
f  649/4795/649 849/4796/849 980/4797/980

vt 0.147691 0.223597
vt 0.141456 0.196155
vt 0.147798 0.192087
f  649/4798/649 981/4799/981 916/4800/916

vt 0.147798 0.192087
vt 0.141456 0.196155
vt 0.145348 0.186477
f  916/4801/916 981/4802/981 982/4803/982

vt 0.463306 0.176159
vt 0.474400 0.219338
vt 0.463306 0.199021
f  615/4804/615 854/4805/854 655/4806/655

vt 0.463306 0.199021
vt 0.474400 0.219338
vt 0.466901 0.220083
f  655/4807/655 854/4808/854 667/4809/667

vt 0.148306 0.458527
vt 0.189735 0.460836
vt 0.145730 0.463131
f  847/4810/847 857/4811/857 983/4812/983

vt 0.150386 0.585257
vt 0.149193 0.590772
vt 0.146352 0.587346
f  645/4813/645 850/4814/850 917/4815/917

vt 0.668982 0.723891
vt 0.652123 0.734562
vt 0.651254 0.721782
f  851/4816/851 659/4817/659 660/4818/660

vt 0.147798 0.192087
vt 0.197290 0.186398
vt 0.200808 0.190848
f  916/4819/916 984/4820/984 859/4821/859

vt 0.189735 0.460836
vt 0.187194 0.465516
vt 0.145730 0.463131
f  857/4822/857 985/4823/985 983/4824/983

vt 0.589846 0.862640
vt 0.611895 0.858173
vt 0.652609 0.862640
f  844/4825/844 986/4826/986 855/4827/855

vt 0.385291 0.772170
vt 0.399349 0.813660
vt 0.342617 0.772233
f  650/4828/650 165/4829/165 259/4830/259

vt 0.949574 0.492137
vt 0.961042 0.510392
vt 0.949477 0.500767
f  853/4831/853 681/4832/681 987/4833/987

vt 0.189735 0.460836
vt 0.227028 0.460804
vt 0.187194 0.465516
f  857/4834/857 858/4835/858 985/4836/985

vt 0.227028 0.460804
vt 0.233416 0.465686
vt 0.187194 0.465516
f  858/4837/858 988/4838/988 985/4839/985

vt 0.197290 0.186398
vt 0.248501 0.187281
vt 0.200808 0.190848
f  984/4840/984 989/4841/989 859/4842/859

vt 0.652609 0.862640
vt 0.669214 0.859783
vt 0.682713 0.862640
f  855/4843/855 990/4844/990 860/4845/860

vt 0.200808 0.190848
vt 0.248501 0.187281
vt 0.264451 0.191149
f  859/4846/859 989/4847/989 862/4848/862

vt 0.227028 0.460804
vt 0.271334 0.465212
vt 0.233416 0.465686
f  858/4849/858 991/4850/991 988/4851/988

vt 0.227028 0.460804
vt 0.258887 0.460550
vt 0.271334 0.465212
f  858/4852/858 863/4853/863 991/4854/991

vt 0.669214 0.859783
vt 0.715548 0.858502
vt 0.682713 0.862640
f  990/4855/990 920/4856/920 860/4857/860

vt 0.961425 0.533637
vt 0.970908 0.589699
vt 0.965438 0.581977
f  861/4858/861 865/4859/865 992/4860/992

vt 0.258887 0.460550
vt 0.299350 0.460459
vt 0.271334 0.465212
f  863/4861/863 866/4862/866 991/4863/991

vt 0.248501 0.187281
vt 0.311168 0.186697
vt 0.264451 0.191149
f  989/4864/989 993/4865/993 862/4866/862

vt 0.299350 0.460459
vt 0.304070 0.462865
vt 0.271334 0.465212
f  866/4867/866 994/4868/994 991/4869/991

vt 0.277526 0.629276
vt 0.329825 0.629496
vt 0.322703 0.672609
f  272/4870/272 995/4871/995 180/4872/180

vt 0.264451 0.191149
vt 0.311168 0.186697
vt 0.297167 0.191464
f  862/4873/862 993/4874/993 868/4875/868

vt 0.723508 0.862640
vt 0.754796 0.857537
vt 0.788116 0.862640
f  864/4876/864 996/4877/996 867/4878/867

vt 0.970908 0.589699
vt 0.975012 0.638010
vt 0.965438 0.581977
f  865/4879/865 997/4880/997 992/4881/992

vt 0.474263 0.331376
vt 0.473979 0.364160
vt 0.467067 0.361501
f  921/4882/921 926/4883/926 725/4884/725

vt 0.322703 0.672609
vt 0.329825 0.629496
vt 0.400050 0.628699
f  180/4885/180 995/4886/995 459/4887/459

vt 0.297167 0.191464
vt 0.311168 0.186697
vt 0.360857 0.191053
f  868/4888/868 993/4889/993 922/4890/922

vt 0.299350 0.460459
vt 0.330580 0.460405
vt 0.304070 0.462865
f  866/4891/866 869/4892/869 994/4893/994

vt 0.823920 0.858334
vt 0.859891 0.859172
vt 0.824948 0.862640
f  923/4894/923 924/4895/924 870/4896/870

vt 0.970908 0.589699
vt 0.984125 0.670125
vt 0.975012 0.638010
f  865/4897/865 871/4898/871 997/4899/997

vt 0.984125 0.670125
vt 0.982685 0.684588
vt 0.975012 0.638010
f  871/4900/871 936/4901/936 997/4902/997

vt 0.473979 0.364160
vt 0.472677 0.410607
vt 0.463306 0.413845
f  926/4903/926 873/4904/873 731/4905/731

vt 0.330580 0.460405
vt 0.362500 0.459614
vt 0.361389 0.467807
f  869/4906/869 927/4907/927 998/4908/998

vt 0.984125 0.670125
vt 0.991104 0.689730
vt 0.982685 0.684588
f  871/4909/871 736/4910/736 936/4911/936

vt 0.916918 0.642423
vt 0.911247 0.603431
vt 0.917961 0.567773
f  928/4912/928 999/4913/999 927/4914/927

vt 0.916918 0.642423
vt 0.912470 0.648891
vt 0.911247 0.603431
f  928/4915/928 1000/4916/1000 999/4917/999

vt 0.916918 0.642423
vt 0.917078 0.678459
vt 0.912470 0.648891
f  928/4918/928 929/4919/929 1000/4920/1000

vt 0.917078 0.678459
vt 0.910072 0.705479
vt 0.912470 0.648891
f  929/4921/929 1001/4922/1001 1000/4923/1000

vt 0.914066 0.713956
vt 0.910072 0.705479
vt 0.917078 0.678459
f  930/4924/930 1001/4925/1001 929/4926/929

vt 0.914066 0.713956
vt 0.913332 0.740599
vt 0.910072 0.705479
f  930/4927/930 931/4928/931 1001/4929/1001

vt 0.913332 0.740599
vt 0.909884 0.743884
vt 0.910072 0.705479
f  931/4930/931 932/4931/932 1001/4932/1001

vt 0.866088 0.076218
vt 0.821457 0.089383
vt 0.784172 0.092782
f  743/4933/743 933/4934/933 875/4935/875

vt 0.784172 0.092782
vt 0.740141 0.095381
vt 0.793643 0.080148
f  875/4936/875 876/4937/876 744/4938/744

vt 0.740141 0.095381
vt 0.699119 0.099380
vt 0.716889 0.089593
f  876/4939/876 934/4940/934 745/4941/745

vt 0.600301 0.108906
vt 0.564790 0.111159
vt 0.560948 0.103718
f  935/4942/935 925/4943/925 734/4944/734

vt 0.469731 0.541223
vt 0.462690 0.551144
vt 0.452219 0.545240
f  754/4945/754 1002/4946/1002 762/4947/762

vt 0.469731 0.541223
vt 0.467628 0.547739
vt 0.462690 0.551144
f  754/4948/754 765/4949/765 1002/4950/1002

vt 0.995979 0.720203
vt 0.987195 0.712928
vt 0.982685 0.684588
f  758/4951/758 937/4952/937 936/4953/936

vt 0.420091 0.551359
vt 0.441306 0.547729
vt 0.439274 0.556950
f  763/4954/763 761/4955/761 1003/4956/1003

vt 0.461954 0.673361
vt 0.468780 0.629854
vt 0.544810 0.673134
f  186/4957/186 273/4958/273 223/4959/223

vt 0.418017 0.568717
vt 0.439718 0.562770
vt 0.441617 0.572993
f  775/4960/775 938/4961/938 773/4962/773

vt 0.448818 0.577568
vt 0.476634 0.577926
vt 0.448818 0.596755
f  777/4963/777 939/4964/939 776/4965/776

vt 0.470695 0.600832
vt 0.448818 0.607697
vt 0.476634 0.593488
f  1004/4966/1004 767/4967/767 880/4968/880

vt 0.922044 0.859091
vt 0.957900 0.862640
vt 0.924356 0.862640
f  1005/4969/1005 881/4970/881 874/4971/874

vt 0.875584 0.025978
vt 0.868379 0.007072
vt 0.886424 0.007741
f  879/4972/879 783/4973/783 784/4974/784

vt 0.868379 0.007072
vt 0.882557 0.001140
vt 0.886424 0.007741
f  783/4975/783 940/4976/940 784/4977/784

vt 0.423128 0.592697
vt 0.403255 0.599669
vt 0.375735 0.596878
f  884/4978/884 1006/4979/1006 883/4980/883

vt 0.852816 0.006957
vt 0.870875 0.000163
vt 0.868379 0.007072
f  885/4981/885 1007/4982/1007 783/4983/783

vt 0.852816 0.006957
vt 0.818433 0.005791
vt 0.870875 0.000163
f  885/4984/885 1008/4985/1008 1007/4986/1007

vt 0.798123 0.011454
vt 0.818433 0.005791
vt 0.852816 0.006957
f  886/4987/886 1008/4988/1008 885/4989/885

vt 0.798123 0.011454
vt 0.758778 0.010696
vt 0.818433 0.005791
f  886/4990/886 1009/4991/1009 1008/4992/1008

vt 0.733440 0.016366
vt 0.758778 0.010696
vt 0.798123 0.011454
f  887/4993/887 1009/4994/1009 886/4995/886

vt 0.635379 0.025820
vt 0.697829 0.016002
vt 0.733440 0.016366
f  888/4996/888 1010/4997/1010 887/4998/887

vt 0.635379 0.025820
vt 0.616220 0.023427
vt 0.697829 0.016002
f  888/4999/888 942/5000/942 1010/5001/1010

vt 0.819813 0.701655
vt 0.801316 0.697987
vt 0.832157 0.697987
f  889/5002/889 943/5003/943 941/5004/941

vt 0.442782 0.543079
vt 0.434419 0.540069
vt 0.446864 0.538413
f  461/5005/461 261/5006/261 1011/5007/1011

vt 0.817271 0.704019
vt 0.816635 0.724360
vt 0.799398 0.734210
f  266/5008/266 802/5009/802 283/5010/283

vt 0.826251 0.734487
vt 0.821742 0.733991
vt 0.826246 0.730691
f  468/5011/468 895/5012/895 1012/5013/1012

vt 0.690516 0.116875
vt 0.756131 0.125772
vt 0.706058 0.125582
f  508/5014/508 896/5015/896 944/5016/944

vt 0.853132 0.127374
vt 0.896209 0.115063
vt 0.891970 0.127070
f  897/5017/897 507/5018/507 899/5019/899

vt 0.756131 0.125772
vt 0.717483 0.129903
vt 0.706058 0.125582
f  896/5020/896 1013/5021/1013 944/5022/944

vt 0.877366 0.143410
vt 0.817945 0.136180
vt 0.883618 0.138541
f  813/5023/813 948/5024/948 949/5025/949

vt 0.166726 0.529768
vt 0.184009 0.531729
vt 0.173734 0.578071
f  1014/5026/1014 902/5027/902 134/5028/134

vt 0.532447 0.009990
vt 0.567952 0.009915
vt 0.552298 0.012319
f  952/5029/952 901/5030/901 1015/5031/1015

vt 0.581224 0.003370
vt 0.599276 0.009071
vt 0.567952 0.009915
f  542/5032/542 903/5033/903 901/5034/901

vt 0.886481 0.254486
vt 0.885710 0.329064
vt 0.880631 0.257753
f  954/5035/954 957/5036/957 820/5037/820

vt 0.248431 0.003876
vt 0.228858 0.005515
vt 0.208881 0.000163
f  956/5038/956 1016/5039/1016 825/5040/825

vt 0.228858 0.005515
vt 0.192313 0.004046
vt 0.208881 0.000163
f  1016/5041/1016 964/5042/964 825/5043/825

vt 0.714264 0.603276
vt 0.636896 0.603427
vt 0.690919 0.585660
f  828/5044/828 961/5045/961 549/5046/549

vt 0.621828 0.003698
vt 0.625133 0.009697
vt 0.599276 0.009071
f  548/5047/548 904/5048/904 903/5049/903

vt 0.627114 0.012173
vt 0.625133 0.009697
vt 0.650975 0.011127
f  1017/5050/1017 904/5051/904 969/5052/969

vt 0.625133 0.009697
vt 0.661979 0.003899
vt 0.650975 0.011127
f  904/5053/904 561/5054/561 969/5055/969

vt 0.588324 0.450350
vt 0.629320 0.446702
vt 0.623299 0.455861
f  906/5056/906 437/5057/437 1018/5058/1018

vt 0.623299 0.455861
vt 0.629320 0.446702
vt 0.672357 0.453208
f  1018/5059/1018 437/5060/437 907/5061/907

vt 0.672357 0.453208
vt 0.716178 0.447406
vt 0.730706 0.453335
f  907/5062/907 905/5063/905 967/5064/967

vt 0.682541 0.000163
vt 0.675058 0.015199
vt 0.650975 0.011127
f  570/5065/570 966/5066/966 969/5067/969

vt 0.679443 0.012479
vt 0.675058 0.015199
vt 0.682541 0.000163
f  972/5068/972 966/5069/966 570/5070/570

vt 0.175309 0.484704
vt 0.238699 0.482005
vt 0.207662 0.494886
f  970/5071/970 839/5072/839 576/5073/576

vt 0.733391 0.575512
vt 0.743836 0.565834
vt 0.773091 0.573414
f  971/5074/971 578/5075/578 839/5076/839

vt 0.733391 0.575512
vt 0.671435 0.572716
vt 0.710112 0.566493
f  971/5077/971 581/5078/581 580/5079/580

vt 0.502971 0.813614
vt 0.472409 0.771398
vt 0.515302 0.770646
f  159/5080/159 298/5081/298 1019/5082/1019

vt 0.345110 0.578100
vt 0.321262 0.531581
vt 0.365731 0.531499
f  155/5083/155 256/5084/256 271/5085/271

vt 0.116321 0.003735
vt 0.080824 0.000163
vt 0.114375 0.000163
f  911/5086/911 843/5087/843 837/5088/837

vt 0.137428 0.217734
vt 0.136797 0.180176
vt 0.139351 0.183825
f  914/5089/914 637/5090/637 1020/5091/1020

vt 0.137619 0.419139
vt 0.134427 0.371671
vt 0.138046 0.362332
f  977/5092/977 636/5093/636 1021/5094/1021

vt 0.138046 0.362332
vt 0.134427 0.371671
vt 0.137272 0.319617
f  1021/5095/1021 636/5096/636 912/5097/912

vt 0.600839 0.695870
vt 0.617017 0.698098
vt 0.598896 0.708885
f  978/5098/978 642/5099/642 629/5100/629

vt 0.145600 0.425819
vt 0.148306 0.458527
vt 0.145730 0.463131
f  848/5101/848 847/5102/847 983/5103/983

vt 0.145523 0.309424
vt 0.141843 0.265537
vt 0.147119 0.280423
f  846/5104/846 980/5105/980 648/5106/648

vt 0.147691 0.223597
vt 0.141843 0.265537
vt 0.141456 0.196155
f  649/5107/649 980/5108/980 981/5109/981

vt 0.550328 0.857971
vt 0.577244 0.858585
vt 0.589846 0.862640
f  975/5110/975 1022/5111/1022 844/5112/844

vt 0.462447 0.813637
vt 0.385291 0.772170
vt 0.472409 0.771398
f  163/5113/163 650/5114/650 298/5115/298

vt 0.145348 0.186477
vt 0.187425 0.183313
vt 0.147798 0.192087
f  982/5116/982 1023/5117/1023 916/5118/916

vt 0.187425 0.183313
vt 0.197290 0.186398
vt 0.147798 0.192087
f  1023/5119/1023 984/5120/984 916/5121/916

vt 0.668982 0.723891
vt 0.690817 0.724010
vt 0.652123 0.734562
f  851/5122/851 852/5123/852 659/5124/659

vt 0.674364 0.711473
vt 0.684982 0.700685
vt 0.689233 0.714592
f  664/5125/664 675/5126/675 674/5127/674

vt 0.577244 0.858585
vt 0.611895 0.858173
vt 0.589846 0.862640
f  1022/5128/1022 986/5129/986 844/5130/844

vt 0.961042 0.510392
vt 0.956446 0.522966
vt 0.949477 0.500767
f  681/5131/681 918/5132/918 987/5133/987

vt 0.166673 0.628371
vt 0.222545 0.627910
vt 0.174012 0.671036
f  258/5134/258 263/5135/263 168/5136/168

vt 0.478266 0.272026
vt 0.474249 0.276894
vt 0.474400 0.219338
f  1024/5137/1024 856/5138/856 854/5139/854

vt 0.956446 0.522966
vt 0.961425 0.533637
vt 0.965438 0.581977
f  918/5140/918 861/5141/861 992/5142/992

vt 0.296346 0.770983
vt 0.247041 0.813594
vt 0.254652 0.770612
f  299/5143/299 179/5144/179 1025/5145/1025

vt 0.715548 0.858502
vt 0.754796 0.857537
vt 0.723508 0.862640
f  920/5146/920 996/5147/996 864/5148/864

vt 0.010336 0.553261
vt 0.004098 0.566864
vt 0.004279 0.530234
f  702/5149/702 1026/5150/1026 919/5151/919

vt 0.474249 0.276894
vt 0.474263 0.331376
vt 0.467231 0.315993
f  856/5152/856 921/5153/921 720/5154/720

vt 0.010336 0.553261
vt 0.009750 0.608518
vt 0.004098 0.566864
f  702/5155/702 719/5156/719 1026/5157/1026

vt 0.009750 0.608518
vt 0.002058 0.600706
vt 0.004098 0.566864
f  719/5158/719 1027/5159/1027 1026/5160/1026

vt 0.009750 0.608518
vt 0.000163 0.625736
vt 0.002058 0.600706
f  719/5161/719 1028/5162/1028 1027/5163/1027

vt 0.009750 0.608518
vt 0.002757 0.657119
vt 0.000163 0.625736
f  719/5164/719 925/5165/925 1028/5166/1028

vt 0.304070 0.462865
vt 0.330580 0.460405
vt 0.361389 0.467807
f  994/5167/994 869/5168/869 998/5169/998

vt 0.338126 0.183157
vt 0.360857 0.191053
vt 0.311168 0.186697
f  1028/5170/1028 922/5171/922 993/5172/993

vt 0.478266 0.401996
vt 0.472677 0.410607
vt 0.473979 0.364160
f  998/5173/998 873/5174/873 926/5175/926

vt 0.338126 0.183157
vt 0.363749 0.186819
vt 0.360857 0.191053
f  1028/5176/1028 932/5177/932 922/5178/922

vt 0.362500 0.459614
vt 0.365731 0.467174
vt 0.361389 0.467807
f  927/5179/927 1029/5180/1029 998/5181/998

vt 0.910363 0.564807
vt 0.917961 0.567773
vt 0.911247 0.603431
f  1029/5182/1029 927/5183/927 999/5184/999

vt 0.922044 0.859091
vt 0.888969 0.862640
vt 0.859891 0.859172
f  1005/5185/1005 872/5186/872 924/5187/924

vt 0.922044 0.859091
vt 0.924356 0.862640
vt 0.888969 0.862640
f  1005/5188/1005 874/5189/874 872/5190/872

vt 0.441306 0.547729
vt 0.452219 0.545240
vt 0.439274 0.556950
f  761/5191/761 762/5192/762 1003/5193/1003

vt 0.101374 0.770806
vt 0.045340 0.813672
vt 0.048211 0.770851
f  300/5194/300 191/5195/191 1030/5196/1030

vt 0.476634 0.577926
vt 0.448818 0.572425
vt 0.450625 0.567761
f  939/5197/939 781/5198/781 773/5199/773

vt 0.048211 0.770851
vt 0.045340 0.813672
vt 0.000198 0.770625
f  1030/5200/1030 191/5201/191 289/5202/289

vt 0.922044 0.859091
vt 0.958592 0.859496
vt 0.957900 0.862640
f  1005/5203/1005 943/5204/943 881/5205/881

vt 0.403255 0.599669
vt 0.423128 0.592697
vt 0.429732 0.596450
f  1006/5206/1006 884/5207/884 940/5208/940

vt 0.870875 0.000163
vt 0.882557 0.001140
vt 0.868379 0.007072
f  1007/5209/1007 940/5210/940 783/5211/783

vt 0.758778 0.010696
vt 0.733440 0.016366
vt 0.697829 0.016002
f  1009/5212/1009 887/5213/887 1010/5214/1010

vt 0.468780 0.629854
vt 0.544482 0.630663
vt 0.544810 0.673134
f  273/5215/273 1031/5216/1031 223/5217/223

vt 0.012540 0.000414
vt 0.015013 0.005939
vt 0.009575 0.056048
f  292/5218/292 462/5219/462 1032/5220/1032

vt 0.832157 0.679776
vt 0.831876 0.685973
vt 0.802702 0.679776
f  891/5221/891 890/5222/890 1012/5223/1012

vt 0.955942 0.004169
vt 0.956214 0.023085
vt 0.913080 0.035103
f  892/5224/892 1033/5225/1033 123/5226/123

vt 0.831876 0.685973
vt 0.801316 0.685973
vt 0.802702 0.679776
f  890/5227/890 468/5228/468 1012/5229/1012

vt 0.464007 0.000163
vt 0.427836 0.005639
vt 0.443151 0.000163
f  467/5230/467 1034/5231/1034 800/5232/800

vt 0.015013 0.005939
vt 0.014168 0.087189
vt 0.009575 0.056048
f  462/5233/462 893/5234/893 1032/5235/1032

vt 0.427836 0.005639
vt 0.421486 0.000163
vt 0.443151 0.000163
f  1034/5236/1034 803/5237/803 800/5238/800

vt 0.826246 0.730691
vt 0.820383 0.729640
vt 0.823434 0.728101
f  1012/5239/1012 894/5240/894 1035/5241/1035

vt 0.826246 0.730691
vt 0.821742 0.733991
vt 0.820383 0.729640
f  1012/5242/1012 895/5243/895 894/5244/894

vt 0.398334 0.006022
vt 0.421486 0.000163
vt 0.427836 0.005639
f  1036/5245/1036 803/5246/803 1034/5247/1034

vt 0.009575 0.056048
vt 0.014168 0.087189
vt 0.009782 0.152162
f  1032/5248/1032 893/5249/893 1037/5250/1037

vt 0.421486 0.000163
vt 0.398334 0.006022
vt 0.386255 0.000163
f  803/5251/803 1036/5252/1036 804/5253/804

vt 0.015550 0.151557
vt 0.009782 0.152162
vt 0.014168 0.087189
f  805/5254/805 1037/5255/1037 893/5256/893

vt 0.386255 0.000163
vt 0.382696 0.006117
vt 0.352712 0.000163
f  804/5257/804 1038/5258/1038 814/5259/814

vt 0.651979 0.126332
vt 0.634448 0.130645
vt 0.599675 0.126441
f  808/5260/808 1039/5261/1039 807/5262/807

vt 0.706058 0.125582
vt 0.634448 0.130645
vt 0.651979 0.126332
f  944/5263/944 1039/5264/1039 808/5265/808

vt 0.706058 0.125582
vt 0.717483 0.129903
vt 0.634448 0.130645
f  944/5266/944 1013/5267/1013 1039/5268/1039

vt 0.756131 0.125772
vt 0.791874 0.130523
vt 0.717483 0.129903
f  896/5269/896 1040/5270/1040 1013/5271/1013

vt 0.802763 0.125519
vt 0.791874 0.130523
vt 0.756131 0.125772
f  809/5272/809 1040/5273/1040 896/5274/896

vt 0.802763 0.125519
vt 0.853132 0.127374
vt 0.791874 0.130523
f  809/5275/809 897/5276/897 1040/5277/1040

vt 0.891970 0.127070
vt 0.887688 0.132972
vt 0.853132 0.127374
f  899/5278/899 1041/5279/1041 897/5280/897

vt 0.015550 0.151557
vt 0.013582 0.204102
vt 0.009782 0.152162
f  805/5281/805 816/5282/816 1037/5283/1037

vt 0.599675 0.126441
vt 0.634448 0.130645
vt 0.580877 0.129944
f  807/5284/807 1039/5285/1039 806/5286/806

vt 0.744849 0.132335
vt 0.717483 0.129903
vt 0.791874 0.130523
f  1042/5287/1042 1013/5288/1013 1040/5289/1040

vt 0.791874 0.130523
vt 0.853132 0.127374
vt 0.887688 0.132972
f  1040/5290/1040 897/5291/897 1041/5292/1041

vt 0.580877 0.129944
vt 0.634448 0.130645
vt 0.586756 0.136572
f  806/5293/806 1039/5294/1039 945/5295/945

vt 0.634448 0.130645
vt 0.717483 0.129903
vt 0.680197 0.135008
f  1039/5296/1039 1013/5297/1013 946/5298/946

vt 0.009782 0.152162
vt 0.013582 0.204102
vt 0.008072 0.211727
f  1037/5299/1037 816/5300/816 1043/5301/1043

vt 0.680197 0.135008
vt 0.586756 0.136572
vt 0.634448 0.130645
f  946/5302/946 945/5303/945 1039/5304/1039

vt 0.717483 0.129903
vt 0.744849 0.132335
vt 0.680197 0.135008
f  1013/5305/1013 1042/5306/1042 946/5307/946

vt 0.791874 0.130523
vt 0.817945 0.136180
vt 0.744849 0.132335
f  1040/5308/1040 948/5309/948 1042/5310/1042

vt 0.887688 0.132972
vt 0.817945 0.136180
vt 0.791874 0.130523
f  1041/5311/1041 948/5312/948 1040/5313/1040

vt 0.680197 0.135008
vt 0.744849 0.132335
vt 0.747060 0.136723
f  946/5314/946 1042/5315/1042 947/5316/947

vt 0.747060 0.136723
vt 0.744849 0.132335
vt 0.817945 0.136180
f  947/5317/947 1042/5318/1042 948/5319/948

vt 0.817945 0.136180
vt 0.887688 0.132972
vt 0.883618 0.138541
f  948/5320/948 1041/5321/1041 949/5322/949

vt 0.337106 0.005681
vt 0.352712 0.000163
vt 0.382696 0.006117
f  1044/5323/1044 814/5324/814 1038/5325/1038

vt 0.580877 0.129944
vt 0.586756 0.136572
vt 0.579687 0.204713
f  806/5326/806 945/5327/945 951/5328/951

vt 0.498896 0.010817
vt 0.532447 0.009990
vt 0.501621 0.015199
f  899/5329/899 952/5330/952 1041/5331/1041

vt 0.883618 0.138541
vt 0.887688 0.132972
vt 0.887442 0.200949
f  949/5332/949 1041/5333/1041 950/5334/950

vt 0.352712 0.000163
vt 0.337106 0.005681
vt 0.318384 0.000163
f  814/5335/814 1044/5336/1044 818/5337/818

vt 0.532447 0.009990
vt 0.537545 0.015199
vt 0.501621 0.015199
f  952/5338/952 950/5339/950 1041/5340/1041

vt 0.141907 0.531383
vt 0.166726 0.529768
vt 0.173734 0.578071
f  297/5341/297 1014/5342/1014 134/5343/134

vt 0.013582 0.204102
vt 0.017597 0.250581
vt 0.008072 0.211727
f  816/5344/816 819/5345/819 1043/5346/1043

vt 0.008072 0.211727
vt 0.017597 0.250581
vt 0.011530 0.255086
f  1043/5347/1043 819/5348/819 1045/5349/1045

vt 0.337106 0.005681
vt 0.305291 0.006215
vt 0.318384 0.000163
f  1044/5350/1044 1046/5351/1046 818/5352/818

vt 0.017597 0.250581
vt 0.018307 0.286681
vt 0.011530 0.255086
f  819/5353/819 900/5354/900 1045/5355/1045

vt 0.579687 0.204713
vt 0.586756 0.136572
vt 0.585222 0.224926
f  951/5356/951 945/5357/945 953/5358/953

vt 0.552298 0.012319
vt 0.537545 0.015199
vt 0.532447 0.009990
f  1015/5359/1015 950/5360/950 952/5361/952

vt 0.305291 0.006215
vt 0.290023 0.006943
vt 0.318384 0.000163
f  1046/5362/1046 1047/5363/1047 818/5364/818

vt 0.585222 0.224926
vt 0.582581 0.260301
vt 0.579687 0.204713
f  953/5365/953 1048/5366/1048 951/5367/951

vt 0.318384 0.000163
vt 0.290023 0.006943
vt 0.290740 0.000163
f  818/5368/818 1047/5369/1047 821/5370/821

vt 0.537545 0.015199
vt 0.552298 0.012319
vt 0.566300 0.015199
f  950/5371/950 1015/5372/1015 954/5373/954

vt 0.826730 0.603057
vt 0.773443 0.608674
vt 0.770217 0.603167
f  951/5374/951 1048/5375/1048 823/5376/823

vt 0.586423 0.298266
vt 0.582581 0.260301
vt 0.585222 0.224926
f  955/5377/955 1048/5378/1048 953/5379/953

vt 0.018307 0.286681
vt 0.017022 0.320575
vt 0.011530 0.255086
f  900/5380/900 1049/5381/1049 1045/5382/1045

vt 0.552298 0.012319
vt 0.567952 0.009915
vt 0.566300 0.015199
f  1015/5383/1015 901/5384/901 954/5385/954

vt 0.566300 0.015199
vt 0.567952 0.009915
vt 0.591920 0.012463
f  954/5386/954 901/5387/901 1050/5388/1050

vt 0.599276 0.009071
vt 0.591920 0.012463
vt 0.567952 0.009915
f  903/5389/903 1050/5390/1050 901/5391/901

vt 0.290740 0.000163
vt 0.290023 0.006943
vt 0.248431 0.003876
f  821/5392/821 1047/5393/1047 956/5394/956

vt 0.018307 0.286681
vt 0.024513 0.341450
vt 0.017022 0.320575
f  900/5395/900 826/5396/826 1049/5397/1049

vt 0.247079 0.007337
vt 0.248431 0.003876
vt 0.290023 0.006943
f  1051/5398/1051 956/5399/956 1047/5400/1047

vt 0.773443 0.608674
vt 0.705425 0.607991
vt 0.770217 0.603167
f  1048/5401/1048 1052/5402/1052 823/5403/823

vt 0.582581 0.260301
vt 0.586423 0.298266
vt 0.582900 0.329364
f  1048/5404/1048 955/5405/955 1052/5406/1052

vt 0.770217 0.603167
vt 0.705425 0.607991
vt 0.714264 0.603276
f  823/5407/823 1052/5408/1052 828/5409/828

vt 0.566300 0.015199
vt 0.591920 0.012463
vt 0.607334 0.015199
f  954/5410/954 1050/5411/1050 957/5412/957

vt 0.017022 0.320575
vt 0.024513 0.341450
vt 0.023342 0.402874
f  1049/5413/1049 826/5414/826 1053/5415/1053

vt 0.599276 0.009071
vt 0.625133 0.009697
vt 0.591920 0.012463
f  903/5416/903 904/5417/904 1050/5418/1050

vt 0.228858 0.005515
vt 0.248431 0.003876
vt 0.247079 0.007337
f  1016/5419/1016 956/5420/956 1051/5421/1051

vt 0.591920 0.012463
vt 0.627114 0.012173
vt 0.607334 0.015199
f  1050/5422/1050 1017/5423/1017 957/5424/957

vt 0.625133 0.009697
vt 0.627114 0.012173
vt 0.591920 0.012463
f  904/5425/904 1017/5426/1017 1050/5427/1050

vt 0.024513 0.341450
vt 0.026759 0.397017
vt 0.023342 0.402874
f  826/5428/826 958/5429/958 1053/5430/1053

vt 0.607334 0.015199
vt 0.627114 0.012173
vt 0.638798 0.015199
f  957/5431/957 1017/5432/1017 959/5433/959

vt 0.228858 0.005515
vt 0.197285 0.007096
vt 0.192313 0.004046
f  1016/5434/1016 1054/5435/1054 964/5436/964

vt 0.586423 0.298266
vt 0.587697 0.405846
vt 0.582900 0.329364
f  955/5437/955 960/5438/960 1052/5439/1052

vt 0.026759 0.397017
vt 0.029943 0.464073
vt 0.023342 0.402874
f  958/5440/958 962/5441/962 1053/5442/1053

vt 0.714264 0.603276
vt 0.705425 0.607991
vt 0.636896 0.603427
f  828/5443/828 1052/5444/1052 961/5445/961

vt 0.023342 0.402874
vt 0.029943 0.464073
vt 0.024916 0.441760
f  1053/5446/1053 962/5447/962 1055/5448/1055

vt 0.627114 0.012173
vt 0.650975 0.011127
vt 0.638798 0.015199
f  1017/5449/1017 969/5450/969 959/5451/959

vt 0.180680 0.007113
vt 0.192313 0.004046
vt 0.197285 0.007096
f  1056/5452/1056 964/5453/964 1054/5454/1054

vt 0.180680 0.007113
vt 0.159627 0.003924
vt 0.192313 0.004046
f  1056/5455/1056 965/5456/965 964/5457/964

vt 0.024916 0.441760
vt 0.029943 0.464073
vt 0.026951 0.473670
f  1055/5458/1055 962/5459/962 1057/5460/1057

vt 0.180680 0.007113
vt 0.149638 0.007093
vt 0.159627 0.003924
f  1056/5461/1056 1058/5462/1058 965/5463/965

vt 0.582900 0.329364
vt 0.587697 0.405846
vt 0.581352 0.398833
f  1052/5464/1052 960/5465/960 961/5466/961

vt 0.638798 0.015199
vt 0.650975 0.011127
vt 0.675058 0.015199
f  959/5467/959 969/5468/969 966/5469/966

vt 0.587697 0.405846
vt 0.588324 0.450350
vt 0.581352 0.398833
f  960/5470/960 906/5471/906 961/5472/961

vt 0.581352 0.398833
vt 0.588324 0.450350
vt 0.580658 0.459577
f  961/5473/961 906/5474/906 963/5475/963

vt 0.149638 0.007093
vt 0.116321 0.003735
vt 0.159627 0.003924
f  1058/5476/1058 911/5477/911 965/5478/965

vt 0.588324 0.450350
vt 0.586269 0.458596
vt 0.580658 0.459577
f  906/5479/906 840/5480/840 963/5481/963

vt 0.730706 0.453335
vt 0.789724 0.453524
vt 0.763578 0.457572
f  967/5482/967 968/5483/968 1059/5484/1059

vt 0.828030 0.449405
vt 0.849905 0.457749
vt 0.789724 0.453524
f  908/5485/908 1060/5486/1060 968/5487/968

vt 0.828030 0.449405
vt 0.886026 0.454373
vt 0.849905 0.457749
f  908/5488/908 966/5489/966 1060/5490/1060

vt 0.588324 0.450350
vt 0.623299 0.455861
vt 0.586269 0.458596
f  906/5491/906 1018/5492/1018 840/5493/840

vt 0.730706 0.453335
vt 0.691227 0.458462
vt 0.672357 0.453208
f  967/5494/967 1061/5495/1061 907/5496/907

vt 0.730706 0.453335
vt 0.763578 0.457572
vt 0.691227 0.458462
f  967/5497/967 1059/5498/1059 1061/5499/1061

vt 0.672357 0.453208
vt 0.691227 0.458462
vt 0.623299 0.455861
f  907/5500/907 1061/5501/1061 1018/5502/1018

vt 0.763578 0.457572
vt 0.726090 0.460887
vt 0.691227 0.458462
f  1059/5503/1059 971/5504/971 1061/5505/1061

vt 0.789724 0.453524
vt 0.849905 0.457749
vt 0.763578 0.457572
f  968/5506/968 1060/5507/1060 1059/5508/1059

vt 0.029943 0.464073
vt 0.033676 0.523904
vt 0.026951 0.473670
f  962/5509/962 909/5510/909 1057/5511/1057

vt 0.623299 0.455861
vt 0.627033 0.462406
vt 0.586269 0.458596
f  1018/5512/1018 970/5513/970 840/5514/840

vt 0.623299 0.455861
vt 0.691227 0.458462
vt 0.627033 0.462406
f  1018/5515/1018 1061/5516/1061 970/5517/970

vt 0.849905 0.457749
vt 0.886026 0.454373
vt 0.889356 0.462660
f  1060/5518/1060 966/5519/966 972/5520/972

vt 0.691227 0.458462
vt 0.687700 0.463134
vt 0.627033 0.462406
f  1061/5521/1061 839/5522/839 970/5523/970

vt 0.691227 0.458462
vt 0.726090 0.460887
vt 0.687700 0.463134
f  1061/5524/1061 971/5525/971 839/5526/839

vt 0.763578 0.457572
vt 0.786079 0.463576
vt 0.726090 0.460887
f  1059/5527/1059 581/5528/581 971/5529/971

vt 0.849905 0.457749
vt 0.786079 0.463576
vt 0.763578 0.457572
f  1060/5530/1060 581/5531/581 1059/5532/1059

vt 0.849905 0.457749
vt 0.845909 0.462847
vt 0.786079 0.463576
f  1060/5533/1060 910/5534/910 581/5535/581

vt 0.849905 0.457749
vt 0.889356 0.462660
vt 0.845909 0.462847
f  1060/5536/1060 972/5537/972 910/5538/910

vt 0.149638 0.007093
vt 0.121728 0.007010
vt 0.116321 0.003735
f  1058/5539/1058 1062/5540/1062 911/5541/911

vt 0.026951 0.473670
vt 0.033676 0.523904
vt 0.029463 0.518940
f  1057/5542/1057 909/5543/909 1063/5544/1063

vt 0.029463 0.518940
vt 0.033676 0.523904
vt 0.030875 0.543041
f  1063/5545/1063 909/5546/909 1064/5547/1064

vt 0.033676 0.523904
vt 0.035077 0.555538
vt 0.030875 0.543041
f  909/5548/909 973/5549/973 1064/5550/1064

vt 0.030875 0.543041
vt 0.035077 0.555538
vt 0.033436 0.586014
f  1064/5551/1064 973/5552/973 1065/5553/1065

vt 0.121728 0.007010
vt 0.087051 0.006521
vt 0.116321 0.003735
f  1062/5554/1062 1066/5555/1066 911/5556/911

vt 0.087051 0.006521
vt 0.080824 0.000163
vt 0.116321 0.003735
f  1066/5557/1066 843/5558/843 911/5559/911

vt 0.033436 0.586014
vt 0.035077 0.555538
vt 0.036482 0.601159
f  1065/5560/1065 973/5561/973 974/5562/974

vt 0.583968 0.687256
vt 0.588612 0.701862
vt 0.580346 0.709384
f  624/5563/624 1067/5564/1067 627/5565/627

vt 0.583968 0.687256
vt 0.592327 0.692293
vt 0.588612 0.701862
f  624/5566/624 976/5567/976 1067/5568/1067

vt 0.585450 0.714777
vt 0.598896 0.708885
vt 0.593122 0.722954
f  1067/5569/1067 629/5570/629 627/5571/627

vt 0.512089 0.856800
vt 0.550328 0.857971
vt 0.520633 0.862640
f  1066/5572/1066 975/5573/975 843/5574/843

vt 0.604039 0.675034
vt 0.600839 0.695870
vt 0.592327 0.692293
f  643/5575/643 978/5576/978 976/5577/976

vt 0.137619 0.419139
vt 0.140886 0.467363
vt 0.137238 0.471446
f  977/5578/977 1068/5579/1068 635/5580/635

vt 0.138046 0.362332
vt 0.140886 0.467363
vt 0.137619 0.419139
f  1021/5581/1021 1068/5582/1068 977/5583/977

vt 0.137428 0.217734
vt 0.141456 0.196155
vt 0.137168 0.274747
f  914/5584/914 981/5585/981 913/5586/913

vt 0.139351 0.183825
vt 0.141456 0.196155
vt 0.137428 0.217734
f  1020/5587/1020 981/5588/981 914/5589/914

vt 0.139351 0.183825
vt 0.145348 0.186477
vt 0.141456 0.196155
f  1020/5590/1020 982/5591/982 981/5592/981

vt 0.138046 0.362332
vt 0.141494 0.366050
vt 0.140886 0.467363
f  1021/5593/1021 979/5594/979 1068/5595/1068

vt 0.137272 0.319617
vt 0.141494 0.366050
vt 0.138046 0.362332
f  912/5596/912 979/5597/979 1021/5598/1021

vt 0.137272 0.319617
vt 0.141843 0.265537
vt 0.141494 0.366050
f  912/5599/912 980/5600/980 979/5601/979

vt 0.137168 0.274747
vt 0.141843 0.265537
vt 0.137272 0.319617
f  913/5602/913 980/5603/980 912/5604/912

vt 0.141456 0.196155
vt 0.141843 0.265537
vt 0.137168 0.274747
f  981/5605/981 980/5606/980 913/5607/913

vt 0.473739 0.179306
vt 0.478266 0.182492
vt 0.474400 0.219338
f  635/5608/635 1068/5609/1068 854/5610/854

vt 0.140886 0.467363
vt 0.145600 0.425819
vt 0.145730 0.463131
f  1068/5611/1068 848/5612/848 983/5613/983

vt 0.140886 0.467363
vt 0.141494 0.366050
vt 0.145600 0.425819
f  1068/5614/1068 979/5615/979 848/5616/848

vt 0.141843 0.265537
vt 0.145523 0.309424
vt 0.141494 0.366050
f  980/5617/980 846/5618/846 979/5619/979

vt 0.478266 0.182492
vt 0.478266 0.211159
vt 0.474400 0.219338
f  1068/5620/1068 1069/5621/1069 854/5622/854

vt 0.139351 0.183825
vt 0.187425 0.183313
vt 0.145348 0.186477
f  1020/5623/1020 1023/5624/1023 982/5625/982

vt 0.146352 0.587346
vt 0.149193 0.590772
vt 0.148024 0.593558
f  917/5626/917 850/5627/850 1070/5628/1070

vt 0.145730 0.463131
vt 0.187194 0.465516
vt 0.140886 0.467363
f  983/5629/983 985/5630/985 1068/5631/1068

vt 0.109525 0.669772
vt 0.054516 0.627334
vt 0.166673 0.628371
f  161/5632/161 271/5633/271 258/5634/258

vt 0.005662 0.433640
vt 0.005363 0.480050
vt 0.002170 0.435430
f  637/5635/637 915/5636/915 1020/5637/1020

vt 0.002170 0.435430
vt 0.005363 0.480050
vt 0.001436 0.479247
f  1020/5638/1020 915/5639/915 1023/5640/1023

vt 0.140886 0.467363
vt 0.187194 0.465516
vt 0.171592 0.468938
f  1068/5641/1068 985/5642/985 1069/5643/1069

vt 0.678170 0.696633
vt 0.684982 0.700685
vt 0.674364 0.711473
f  665/5644/665 675/5645/675 664/5646/664

vt 0.652123 0.734562
vt 0.690817 0.724010
vt 0.703089 0.737829
f  659/5647/659 852/5648/852 1071/5649/1071

vt 0.690817 0.724010
vt 0.706046 0.717839
vt 0.703089 0.737829
f  852/5650/852 676/5651/676 1071/5652/1071

vt 0.611895 0.858173
vt 0.638870 0.856801
vt 0.652609 0.862640
f  986/5653/986 1072/5654/1072 855/5655/855

vt 0.187425 0.183313
vt 0.229944 0.183295
vt 0.197290 0.186398
f  1023/5656/1023 1073/5657/1073 984/5658/984

vt 0.005363 0.480050
vt 0.004279 0.530234
vt 0.001436 0.479247
f  915/5659/915 919/5660/919 1023/5661/1023

vt 0.001436 0.479247
vt 0.004279 0.530234
vt 0.001088 0.520604
f  1023/5662/1023 919/5663/919 1073/5664/1073

vt 0.949477 0.500767
vt 0.956446 0.522966
vt 0.954203 0.530879
f  987/5665/987 918/5666/918 1074/5667/1074

vt 0.478266 0.211159
vt 0.478266 0.272026
vt 0.474400 0.219338
f  1069/5668/1069 1024/5669/1024 854/5670/854

vt 0.638870 0.856801
vt 0.669214 0.859783
vt 0.652609 0.862640
f  1072/5671/1072 990/5672/990 855/5673/855

vt 0.171592 0.468938
vt 0.187194 0.465516
vt 0.233066 0.469835
f  1069/5674/1069 985/5675/985 1024/5676/1024

vt 0.187194 0.465516
vt 0.233416 0.465686
vt 0.233066 0.469835
f  985/5677/985 988/5678/988 1024/5679/1024

vt 0.956446 0.522966
vt 0.965438 0.581977
vt 0.954203 0.530879
f  918/5680/918 992/5681/992 1074/5682/1074

vt 0.197290 0.186398
vt 0.229944 0.183295
vt 0.248501 0.187281
f  984/5683/984 1073/5684/1073 989/5685/989

vt 0.682916 0.856024
vt 0.715548 0.858502
vt 0.669214 0.859783
f  1075/5686/1075 920/5687/920 990/5688/990

vt 0.233416 0.465686
vt 0.257248 0.468724
vt 0.233066 0.469835
f  988/5689/988 1076/5690/1076 1024/5691/1024

vt 0.233416 0.465686
vt 0.271334 0.465212
vt 0.257248 0.468724
f  988/5692/988 991/5693/991 1076/5694/1076

vt 0.478266 0.272026
vt 0.478266 0.296128
vt 0.474249 0.276894
f  1024/5695/1024 1076/5696/1076 856/5697/856

vt 0.954203 0.530879
vt 0.965438 0.581977
vt 0.963365 0.587236
f  1074/5698/1074 992/5699/992 1077/5700/1077

vt 0.229944 0.183295
vt 0.277261 0.183287
vt 0.248501 0.187281
f  1073/5701/1073 1078/5702/1078 989/5703/989

vt 0.474249 0.276894
vt 0.478266 0.296128
vt 0.474263 0.331376
f  856/5704/856 1076/5705/1076 921/5706/921

vt 0.004279 0.530234
vt 0.000714 0.566323
vt 0.001088 0.520604
f  919/5707/919 1078/5708/1078 1073/5709/1073

vt 0.004279 0.530234
vt 0.004098 0.566864
vt 0.000714 0.566323
f  919/5710/919 1026/5711/1026 1078/5712/1078

vt 0.277261 0.183287
vt 0.311168 0.186697
vt 0.248501 0.187281
f  1078/5713/1078 993/5714/993 989/5715/989

vt 0.478266 0.296128
vt 0.478266 0.345968
vt 0.474263 0.331376
f  1076/5716/1076 1079/5717/1079 921/5718/921

vt 0.257248 0.468724
vt 0.271334 0.465212
vt 0.306474 0.468277
f  1076/5719/1076 991/5720/991 1079/5721/1079

vt 0.277261 0.183287
vt 0.312541 0.181514
vt 0.311168 0.186697
f  1078/5722/1078 1027/5723/1027 993/5724/993

vt 0.000714 0.566323
vt 0.004098 0.566864
vt 0.002058 0.600706
f  1078/5725/1078 1026/5726/1026 1027/5727/1027

vt 0.271334 0.465212
vt 0.304070 0.462865
vt 0.306474 0.468277
f  991/5728/991 994/5729/994 1079/5730/1079

vt 0.963365 0.587236
vt 0.975012 0.638010
vt 0.971377 0.639155
f  1077/5731/1077 997/5732/997 1080/5733/1080

vt 0.963365 0.587236
vt 0.965438 0.581977
vt 0.975012 0.638010
f  1077/5734/1077 992/5735/992 997/5736/997

vt 0.474263 0.331376
vt 0.478266 0.345968
vt 0.473979 0.364160
f  921/5737/921 1079/5738/1079 926/5739/926

vt 0.801870 0.848409
vt 0.823920 0.858334
vt 0.788116 0.862640
f  1081/5740/1081 923/5741/923 867/5742/867

vt 0.312541 0.181514
vt 0.338126 0.183157
vt 0.311168 0.186697
f  1027/5743/1027 1028/5744/1028 993/5745/993

vt 0.478266 0.345968
vt 0.478266 0.401996
vt 0.473979 0.364160
f  1079/5746/1079 998/5747/998 926/5748/926

vt 0.306474 0.468277
vt 0.304070 0.462865
vt 0.361389 0.467807
f  1079/5749/1079 994/5750/994 998/5751/998

vt 0.850371 0.855847
vt 0.859891 0.859172
vt 0.823920 0.858334
f  1082/5752/1082 924/5753/924 923/5754/923

vt 0.971377 0.639155
vt 0.975012 0.638010
vt 0.977708 0.677141
f  1080/5755/1080 997/5756/997 1083/5757/1083

vt 0.977708 0.677141
vt 0.975012 0.638010
vt 0.982685 0.684588
f  1083/5758/1083 997/5759/997 936/5760/936

vt 0.850371 0.855847
vt 0.879255 0.855879
vt 0.859891 0.859172
f  1082/5761/1082 1084/5762/1084 924/5763/924

vt 0.478266 0.401996
vt 0.478266 0.406430
vt 0.472677 0.410607
f  998/5764/998 1029/5765/1029 873/5766/873

vt 0.859891 0.859172
vt 0.879255 0.855879
vt 0.922044 0.859091
f  924/5767/924 1084/5768/1084 1005/5769/1005

vt 0.912470 0.648891
vt 0.910072 0.705479
vt 0.908499 0.646552
f  1000/5770/1000 1001/5771/1001 1085/5772/1085

vt 0.934935 0.746367
vt 0.904257 0.747945
vt 0.909884 0.743884
f  1028/5773/1028 925/5774/925 932/5775/932

vt 0.911247 0.603431
vt 0.904257 0.588034
vt 0.910363 0.564807
f  999/5776/999 933/5777/933 1029/5778/1029

vt 0.911247 0.603431
vt 0.904257 0.611433
vt 0.904257 0.588034
f  999/5779/999 875/5780/875 933/5781/933

vt 0.911247 0.603431
vt 0.908499 0.646552
vt 0.904257 0.611433
f  999/5782/999 1085/5783/1085 875/5784/875

vt 0.912470 0.648891
vt 0.908499 0.646552
vt 0.911247 0.603431
f  1000/5785/1000 1085/5786/1085 999/5787/999

vt 0.910072 0.705479
vt 0.904257 0.725913
vt 0.904257 0.697287
f  1001/5788/1001 935/5789/935 877/5790/877

vt 0.909884 0.743884
vt 0.904257 0.725913
vt 0.910072 0.705479
f  932/5791/932 935/5792/935 1001/5793/1001

vt 0.908499 0.646552
vt 0.910072 0.705479
vt 0.904257 0.664239
f  1085/5794/1085 1001/5795/1001 934/5796/934

vt 0.910072 0.705479
vt 0.904257 0.697287
vt 0.904257 0.664239
f  1001/5797/1001 877/5798/877 934/5799/934

vt 0.909884 0.743884
vt 0.904257 0.747945
vt 0.904257 0.725913
f  932/5800/932 925/5801/925 935/5802/935

vt 0.910363 0.564807
vt 0.904257 0.588034
vt 0.904257 0.561611
f  1029/5803/1029 933/5804/933 873/5805/873

vt 0.908499 0.646552
vt 0.904257 0.638808
vt 0.904257 0.611433
f  1085/5806/1085 876/5807/876 875/5808/875

vt 0.908499 0.646552
vt 0.904257 0.664239
vt 0.904257 0.638808
f  1085/5809/1085 934/5810/934 876/5811/876

vt 0.879255 0.855879
vt 0.928967 0.856009
vt 0.922044 0.859091
f  1084/5812/1084 1086/5813/1086 1005/5814/1005

vt 0.982685 0.684588
vt 0.987195 0.712928
vt 0.977708 0.677141
f  936/5815/936 937/5816/937 1083/5817/1083

vt 0.977708 0.677141
vt 0.987195 0.712928
vt 0.988581 0.744492
f  1083/5818/1083 937/5819/937 1087/5820/1087

vt 0.467628 0.547739
vt 0.478266 0.544316
vt 0.472411 0.552060
f  765/5821/765 767/5822/767 1004/5823/1004

vt 0.987195 0.712928
vt 0.993263 0.732104
vt 0.988581 0.744492
f  937/5824/937 882/5825/882 1087/5826/1087

vt 0.922044 0.859091
vt 0.928967 0.856009
vt 0.958592 0.859496
f  1005/5827/1005 1086/5828/1086 943/5829/943

vt 0.369498 0.601333
vt 0.372650 0.581844
vt 0.375735 0.596878
f  1087/5830/1087 882/5831/882 883/5832/883

vt 0.928967 0.856009
vt 0.961919 0.855707
vt 0.958592 0.859496
f  1086/5833/1086 1088/5834/1088 943/5835/943

vt 0.476311 0.516445
vt 0.476311 0.533848
vt 0.471756 0.531400
f  940/5836/940 1007/5837/1007 1089/5838/1089

vt 0.375735 0.596878
vt 0.403255 0.599669
vt 0.369498 0.601333
f  883/5839/883 1006/5840/1006 1087/5841/1087

vt 0.541097 0.697062
vt 0.517043 0.712888
vt 0.513749 0.713170
f  1008/5842/1008 1090/5843/1090 1007/5844/1007

vt 0.541097 0.697062
vt 0.544810 0.697170
vt 0.517043 0.712888
f  1008/5845/1008 1091/5846/1091 1090/5847/1090

vt 0.460284 0.381369
vt 0.456264 0.351179
vt 0.460284 0.351179
f  1009/5848/1009 1091/5849/1091 1008/5850/1008

vt 0.460284 0.381369
vt 0.456264 0.381369
vt 0.456264 0.351179
f  1009/5851/1009 1092/5852/1092 1091/5853/1091

vt 0.460284 0.413845
vt 0.456264 0.381369
vt 0.460284 0.381369
f  1010/5854/1010 1092/5855/1092 1009/5856/1009

vt 0.460284 0.413845
vt 0.456264 0.413845
vt 0.456264 0.381369
f  1010/5857/1010 1093/5858/1093 1092/5859/1092

vt 0.776822 0.524335
vt 0.741361 0.520844
vt 0.776233 0.520839
f  1010/5860/1010 1094/5861/1094 1093/5862/1093

vt 0.736563 0.524335
vt 0.741361 0.520844
vt 0.776822 0.524335
f  942/5863/942 1094/5864/1094 1010/5865/1010

vt 0.736563 0.524335
vt 0.703190 0.524335
vt 0.709065 0.520798
f  942/5866/942 941/5867/941 1095/5868/1095

vt 0.703190 0.524335
vt 0.668782 0.520811
vt 0.709065 0.520798
f  941/5869/941 1088/5870/1088 1095/5871/1095

vt 0.670491 0.524335
vt 0.668782 0.520811
vt 0.703190 0.524335
f  943/5872/943 1088/5873/1088 941/5874/941

vt 0.376922 0.890784
vt 0.350588 0.849036
vt 0.418452 0.848694
f  229/5875/229 291/5876/291 285/5877/285

vt 0.928318 0.473509
vt 0.909416 0.478612
vt 0.904485 0.459504
f  292/5878/292 892/5879/892 122/5880/122

vt 0.434419 0.540069
vt 0.446864 0.526383
vt 0.446864 0.538413
f  261/5881/261 402/5882/402 1011/5883/1011

vt 0.831690 0.703258
vt 0.829729 0.705260
vt 0.819957 0.702825
f  891/5884/891 1096/5885/1096 264/5886/264

vt 1.000096 0.812802
vt 0.960782 0.772134
vt 1.000228 0.770872
f  117/5887/117 279/5888/279 402/5889/402

vt 0.832157 0.703699
vt 0.826246 0.730691
vt 0.829729 0.705260
f  891/5890/891 1012/5891/1012 1096/5892/1096

vt 0.829729 0.705260
vt 0.818355 0.724002
vt 0.819957 0.702825
f  1096/5893/1096 1097/5894/1097 264/5895/264

vt 0.464007 0.000163
vt 0.433161 0.015096
vt 0.427836 0.005639
f  467/5896/467 1098/5897/1098 1034/5898/1034

vt 0.819957 0.702825
vt 0.818355 0.724002
vt 0.817271 0.704019
f  264/5899/264 1097/5900/1097 266/5901/266

vt 0.817271 0.704019
vt 0.818355 0.724002
vt 0.816635 0.724360
f  266/5902/266 1097/5903/1097 802/5904/802

vt 0.829729 0.705260
vt 0.823434 0.728101
vt 0.818355 0.724002
f  1096/5905/1096 1035/5906/1035 1097/5907/1097

vt 0.818355 0.724002
vt 0.823434 0.728101
vt 0.816635 0.724360
f  1097/5908/1097 1035/5909/1035 802/5910/802

vt 0.829729 0.705260
vt 0.826246 0.730691
vt 0.823434 0.728101
f  1096/5911/1096 1012/5912/1012 1035/5913/1035

vt 0.823434 0.728101
vt 0.820383 0.729640
vt 0.816635 0.724360
f  1035/5914/1035 894/5915/894 802/5916/802

vt 0.009575 0.056048
vt 0.009782 0.152162
vt 0.001566 0.159386
f  1032/5917/1032 1037/5918/1037 1099/5919/1099

vt 0.386255 0.000163
vt 0.398334 0.006022
vt 0.382696 0.006117
f  804/5920/804 1036/5921/1036 1038/5922/1038

vt 0.009782 0.152162
vt 0.008072 0.211727
vt 0.001566 0.159386
f  1037/5923/1037 1043/5924/1043 1099/5925/1099

vt 0.377438 0.015096
vt 0.337106 0.005681
vt 0.382696 0.006117
f  1100/5926/1100 1044/5927/1044 1038/5928/1038

vt 0.840863 0.772276
vt 0.772317 0.813682
vt 0.781246 0.770631
f  255/5929/255 140/5930/140 431/5931/431

vt 0.001566 0.159386
vt 0.008072 0.211727
vt 0.000163 0.220849
f  1099/5932/1099 1043/5933/1043 1101/5934/1101

vt 0.008072 0.211727
vt 0.011530 0.255086
vt 0.000163 0.220849
f  1043/5935/1043 1045/5936/1045 1101/5937/1101

vt 0.295991 0.015096
vt 0.290023 0.006943
vt 0.305291 0.006215
f  1102/5938/1102 1047/5939/1047 1046/5940/1046

vt 0.008415 0.317418
vt 0.017022 0.320575
vt 0.010499 0.343478
f  1103/5941/1103 1049/5942/1049 1104/5943/1104

vt 0.017022 0.320575
vt 0.023342 0.402874
vt 0.010499 0.343478
f  1049/5944/1049 1053/5945/1053 1104/5946/1104

vt 0.010499 0.343478
vt 0.023342 0.402874
vt 0.015294 0.402668
f  1104/5947/1104 1053/5948/1053 1105/5949/1105

vt 0.228858 0.005515
vt 0.218356 0.015096
vt 0.197285 0.007096
f  1016/5950/1016 1106/5951/1106 1054/5952/1054

vt 0.651392 0.772199
vt 0.569076 0.812204
vt 0.576929 0.772174
f  270/5953/270 239/5954/239 257/5955/257

vt 0.576929 0.772174
vt 0.502971 0.813614
vt 0.515302 0.770646
f  257/5956/257 159/5957/159 1019/5958/1019

vt 0.149638 0.007093
vt 0.133620 0.015096
vt 0.121728 0.007010
f  1058/5959/1058 1107/5960/1107 1062/5961/1062

vt 0.029463 0.518940
vt 0.030875 0.543041
vt 0.021480 0.519408
f  1063/5962/1063 1064/5963/1064 1108/5964/1108

vt 0.033436 0.586014
vt 0.036482 0.601159
vt 0.026192 0.594522
f  1065/5965/1065 974/5966/974 1109/5967/1109

vt 0.143039 0.570297
vt 0.140367 0.578201
vt 0.138513 0.570297
f  974/5968/974 1110/5969/1110 1109/5970/1109

vt 0.143039 0.570297
vt 0.146352 0.587346
vt 0.140367 0.578201
f  974/5971/974 917/5972/917 1110/5973/1110

vt 0.645926 0.744421
vt 0.652123 0.734562
vt 0.655914 0.747945
f  850/5974/850 659/5975/659 1070/5976/1070

vt 0.146352 0.587346
vt 0.148024 0.593558
vt 0.143059 0.598800
f  917/5977/917 1070/5978/1070 1111/5979/1111

vt 0.652123 0.734562
vt 0.703089 0.737829
vt 0.655914 0.747945
f  659/5980/659 1071/5981/1071 1070/5982/1070

vt 0.143059 0.598800
vt 0.148024 0.593558
vt 0.145995 0.607697
f  1111/5983/1111 1070/5984/1070 1071/5985/1071

vt 0.143059 0.598800
vt 0.141515 0.607697
vt 0.138513 0.600639
f  1111/5986/1111 853/5987/853 1112/5988/1112

vt 0.143059 0.598800
vt 0.145995 0.607697
vt 0.141515 0.607697
f  1111/5989/1111 1071/5990/1071 853/5991/853

vt 0.713409 0.735223
vt 0.703089 0.737829
vt 0.706046 0.717839
f  853/5992/853 1071/5993/1071 676/5994/676

vt 0.949477 0.500767
vt 0.954203 0.530879
vt 0.942726 0.508408
f  987/5995/987 1074/5996/1074 1113/5997/1113

vt 0.954203 0.530879
vt 0.963365 0.587236
vt 0.942726 0.508408
f  1074/5998/1074 1077/5999/1077 1113/6000/1113

vt 0.675461 0.848409
vt 0.715548 0.858502
vt 0.682916 0.856024
f  1114/6001/1114 920/6002/920 1075/6003/1075

vt 0.963365 0.587236
vt 0.952408 0.568263
vt 0.942726 0.508408
f  1077/6004/1077 1115/6005/1115 1113/6006/1113

vt 0.247041 0.813594
vt 0.200882 0.772158
vt 0.254652 0.770612
f  179/6007/179 281/6008/281 1025/6009/1025

vt 0.963365 0.587236
vt 0.959881 0.614029
vt 0.952408 0.568263
f  1077/6010/1077 1116/6011/1116 1115/6012/1115

vt 0.754796 0.857537
vt 0.775553 0.848409
vt 0.788116 0.862640
f  996/6013/996 1117/6014/1117 867/6015/867

vt 0.963365 0.587236
vt 0.971377 0.639155
vt 0.959881 0.614029
f  1077/6016/1077 1080/6017/1080 1116/6018/1116

vt 0.801870 0.848409
vt 0.850371 0.855847
vt 0.823920 0.858334
f  1081/6019/1081 1082/6020/1082 923/6021/923

vt 0.870106 0.848409
vt 0.879255 0.855879
vt 0.850371 0.855847
f  1118/6022/1118 1084/6023/1084 1082/6024/1082

vt 0.879255 0.855879
vt 0.870106 0.848409
vt 0.928967 0.856009
f  1084/6025/1084 1118/6026/1118 1086/6027/1086

vt 0.870106 0.848409
vt 0.910325 0.848409
vt 0.928967 0.856009
f  1118/6028/1118 1119/6029/1119 1086/6030/1086

vt 0.977708 0.677141
vt 0.988581 0.744492
vt 0.976035 0.713520
f  1083/6031/1083 1087/6032/1087 1120/6033/1120

vt 0.420091 0.551359
vt 0.439274 0.556950
vt 0.430141 0.557893
f  763/6034/763 1003/6035/1003 878/6036/878

vt 0.960707 0.848409
vt 0.961919 0.855707
vt 0.928967 0.856009
f  1121/6037/1121 1088/6038/1088 1086/6039/1086

vt 0.517043 0.712888
vt 0.521158 0.715634
vt 0.513749 0.713170
f  1090/6040/1090 1122/6041/1122 1007/6042/1007

vt 0.736563 0.524335
vt 0.709065 0.520798
vt 0.741361 0.520844
f  942/6043/942 1095/6044/1095 1094/6045/1094

vt 0.403255 0.599669
vt 0.366708 0.608674
vt 0.369498 0.601333
f  1006/6046/1006 1123/6047/1123 1087/6048/1087

vt 0.517043 0.712888
vt 0.522923 0.714247
vt 0.521158 0.715634
f  1090/6049/1090 1124/6050/1124 1122/6051/1122

vt 0.544810 0.697170
vt 0.522923 0.714247
vt 0.517043 0.712888
f  1091/6052/1091 1124/6053/1124 1090/6054/1090

vt 0.456264 0.381369
vt 0.447369 0.381369
vt 0.456264 0.351179
f  1092/6055/1092 1125/6056/1125 1091/6057/1091

vt 0.456264 0.381369
vt 0.456264 0.413845
vt 0.447369 0.381369
f  1092/6058/1092 1093/6059/1093 1125/6060/1125

vt 0.776233 0.520839
vt 0.741361 0.520844
vt 0.772953 0.513570
f  1093/6061/1093 1094/6062/1094 1126/6063/1126

vt 0.668782 0.520811
vt 0.704622 0.513570
vt 0.709065 0.520798
f  1088/6064/1088 1127/6065/1127 1095/6066/1095

vt 0.000174 0.891724
vt 0.000163 0.852189
vt 0.036571 0.891073
f  223/6067/223 1031/6068/1031 230/6069/230

vt 0.036571 0.891073
vt 0.000163 0.852189
vt 0.066946 0.852657
f  230/6070/230 1031/6071/1031 282/6072/282

vt 0.066946 0.852657
vt 0.149787 0.852278
vt 0.123331 0.891492
f  282/6073/282 290/6074/290 221/6075/221

vt 0.209592 0.891284
vt 0.149787 0.852278
vt 0.239411 0.890994
f  226/6076/226 290/6077/290 227/6078/227

vt 0.239411 0.890994
vt 0.149787 0.852278
vt 0.270529 0.849036
f  227/6079/227 290/6080/290 796/6081/796

vt 0.288732 0.891096
vt 0.270529 0.849036
vt 0.350588 0.849036
f  224/6082/224 796/6083/796 291/6084/291

vt 0.437388 0.890654
vt 0.418452 0.848694
vt 0.498165 0.848409
f  222/6085/222 285/6086/285 289/6087/289

vt 0.012540 0.000414
vt 0.009575 0.056048
vt 0.000623 0.001405
f  292/6088/292 1032/6089/1032 1128/6090/1128

vt 0.478266 0.015096
vt 0.433161 0.015096
vt 0.464007 0.000163
f  1011/6091/1011 1098/6092/1098 467/6093/467

vt 0.477875 0.000163
vt 0.478266 0.015096
vt 0.464007 0.000163
f  461/6094/461 1011/6095/1011 467/6096/467

vt 0.913080 0.035103
vt 0.956214 0.023085
vt 0.954489 0.051507
f  123/6097/123 1033/6098/1033 254/6099/254

vt 0.000623 0.001405
vt 0.009575 0.056048
vt 0.001005 0.103461
f  1128/6100/1128 1032/6101/1032 1129/6102/1129

vt 0.009575 0.056048
vt 0.001566 0.159386
vt 0.001005 0.103461
f  1032/6103/1032 1099/6104/1099 1129/6105/1129

vt 0.427836 0.005639
vt 0.433161 0.015096
vt 0.398334 0.006022
f  1034/6106/1034 1098/6107/1098 1036/6108/1036

vt 0.433161 0.015096
vt 0.377438 0.015096
vt 0.398334 0.006022
f  1098/6109/1098 1100/6110/1100 1036/6111/1036

vt 0.398334 0.006022
vt 0.377438 0.015096
vt 0.382696 0.006117
f  1036/6112/1036 1100/6113/1100 1038/6114/1038

vt 0.339112 0.015096
vt 0.326138 0.015096
vt 0.337106 0.005681
f  1130/6115/1130 1131/6116/1131 1044/6117/1044

vt 0.337106 0.005681
vt 0.310932 0.015096
vt 0.305291 0.006215
f  1044/6118/1044 1132/6119/1132 1046/6120/1046

vt 0.011530 0.255086
vt 0.008415 0.317418
vt 0.000163 0.220849
f  1045/6121/1045 1103/6122/1103 1101/6123/1101

vt 0.305291 0.006215
vt 0.310932 0.015096
vt 0.295991 0.015096
f  1046/6124/1046 1132/6125/1132 1102/6126/1102

vt 0.011530 0.255086
vt 0.017022 0.320575
vt 0.008415 0.317418
f  1045/6127/1045 1049/6128/1049 1103/6129/1103

vt 0.218356 0.015096
vt 0.228858 0.005515
vt 0.247079 0.007337
f  1106/6130/1106 1016/6131/1016 1051/6132/1051

vt 0.023342 0.402874
vt 0.024916 0.441760
vt 0.015294 0.402668
f  1053/6133/1053 1055/6134/1055 1105/6135/1105

vt 0.178072 0.015096
vt 0.149638 0.007093
vt 0.180680 0.007113
f  1133/6136/1133 1058/6137/1058 1056/6138/1056

vt 0.024916 0.441760
vt 0.026951 0.473670
vt 0.019271 0.478607
f  1055/6139/1055 1057/6140/1057 1134/6141/1134

vt 0.026951 0.473670
vt 0.029463 0.518940
vt 0.019271 0.478607
f  1057/6142/1057 1063/6143/1063 1134/6144/1134

vt 0.029463 0.518940
vt 0.021480 0.519408
vt 0.019271 0.478607
f  1063/6145/1063 1108/6146/1108 1134/6147/1134

vt 0.021480 0.519408
vt 0.030875 0.543041
vt 0.026192 0.594522
f  1108/6148/1108 1064/6149/1064 1109/6150/1109

vt 0.030875 0.543041
vt 0.033436 0.586014
vt 0.026192 0.594522
f  1064/6151/1064 1065/6152/1065 1109/6153/1109

vt 0.096434 0.015096
vt 0.087051 0.006521
vt 0.121728 0.007010
f  1135/6154/1135 1066/6155/1066 1062/6156/1062

vt 0.178319 0.597027
vt 0.181497 0.607697
vt 0.173855 0.607697
f  1136/6157/1136 629/6158/629 1067/6159/1067

vt 0.169572 0.607205
vt 0.163459 0.607697
vt 0.164532 0.596802
f  976/6160/976 978/6161/978 1137/6162/1137

vt 0.577244 0.858585
vt 0.616232 0.848409
vt 0.611895 0.858173
f  1022/6163/1022 1138/6164/1138 986/6165/986

vt 0.616232 0.848409
vt 0.638870 0.856801
vt 0.611895 0.858173
f  1138/6166/1138 1072/6167/1072 986/6168/986

vt 0.675461 0.848409
vt 0.682916 0.856024
vt 0.669214 0.859783
f  1114/6169/1114 1075/6170/1075 990/6171/990

vt 0.729805 0.848409
vt 0.754796 0.857537
vt 0.715548 0.858502
f  1139/6172/1139 996/6173/996 920/6174/920

vt 0.775553 0.848409
vt 0.754796 0.857537
vt 0.729805 0.848409
f  1117/6175/1117 996/6176/996 1139/6177/1139

vt 0.775553 0.848409
vt 0.801870 0.848409
vt 0.788116 0.862640
f  1117/6178/1117 1081/6179/1081 867/6180/867

vt 0.959881 0.614029
vt 0.971377 0.639155
vt 0.970966 0.681979
f  1116/6181/1116 1080/6182/1080 1140/6183/1140

vt 0.971377 0.639155
vt 0.977708 0.677141
vt 0.970966 0.681979
f  1080/6184/1080 1083/6185/1083 1140/6186/1140

vt 0.476634 0.577926
vt 0.476634 0.593488
vt 0.448818 0.596755
f  939/6187/939 880/6188/880 776/6189/776

vt 0.513749 0.717730
vt 0.513749 0.713170
vt 0.521158 0.715634
f  1089/6190/1089 1007/6191/1007 1122/6192/1122

vt 0.423219 0.607819
vt 0.366708 0.608674
vt 0.403255 0.599669
f  1141/6193/1141 1123/6194/1123 1006/6195/1006

vt 0.423219 0.607819
vt 0.403255 0.599669
vt 0.429732 0.596450
f  1141/6196/1141 1006/6197/1006 940/6198/940

vt 0.522923 0.714247
vt 0.544810 0.697170
vt 0.544810 0.702208
f  1124/6199/1124 1091/6200/1091 1142/6201/1142

vt 0.447369 0.351179
vt 0.456264 0.351179
vt 0.447369 0.381369
f  1142/6202/1142 1091/6203/1091 1125/6204/1125

vt 0.447369 0.381369
vt 0.456264 0.413845
vt 0.447369 0.413845
f  1125/6205/1125 1093/6206/1093 1126/6207/1126

vt 0.772953 0.513570
vt 0.741361 0.520844
vt 0.743335 0.513570
f  1126/6208/1126 1094/6209/1094 1143/6210/1143

vt 0.741361 0.520844
vt 0.709065 0.520798
vt 0.704622 0.513570
f  1094/6211/1094 1095/6212/1095 1127/6213/1127

vt 0.955942 0.004169
vt 0.978693 0.000163
vt 0.973616 0.004316
f  892/6214/892 292/6215/292 1128/6216/1128

vt 0.960782 0.772134
vt 0.887648 0.772156
vt 0.945846 0.770282
f  279/6217/279 296/6218/296 1144/6219/1144

vt 0.945846 0.770282
vt 0.887648 0.772156
vt 0.851312 0.770428
f  1144/6220/1144 296/6221/296 1145/6222/1145

vt 0.956214 0.023085
vt 0.956377 0.083348
vt 0.954489 0.051507
f  1033/6223/1033 1146/6224/1146 254/6225/254

vt 0.956377 0.083348
vt 0.954363 0.085641
vt 0.954489 0.051507
f  1146/6226/1146 297/6227/297 254/6228/254

vt 0.887648 0.772156
vt 0.840863 0.772276
vt 0.851312 0.770428
f  296/6229/296 255/6230/255 1145/6231/1145

vt 0.377438 0.015096
vt 0.339112 0.015096
vt 0.337106 0.005681
f  1100/6232/1100 1130/6233/1130 1044/6234/1044

vt 0.840863 0.772276
vt 0.781246 0.770631
vt 0.851312 0.770428
f  255/6235/255 431/6236/431 1145/6237/1145

vt 0.202053 0.529404
vt 0.184009 0.531729
vt 0.166726 0.529768
f  1147/6238/1147 902/6239/902 1014/6240/1014

vt 0.326138 0.015096
vt 0.310932 0.015096
vt 0.337106 0.005681
f  1131/6241/1131 1132/6242/1132 1044/6243/1044

vt 0.202053 0.529404
vt 0.228654 0.531737
vt 0.184009 0.531729
f  1147/6244/1147 268/6245/268 902/6246/902

vt 0.295991 0.015096
vt 0.256398 0.015096
vt 0.290023 0.006943
f  1102/6247/1102 1148/6248/1148 1047/6249/1047

vt 0.290023 0.006943
vt 0.256398 0.015096
vt 0.247079 0.007337
f  1047/6250/1047 1148/6251/1148 1051/6252/1051

vt 0.719025 0.770896
vt 0.651392 0.772199
vt 0.688161 0.770166
f  288/6253/288 270/6254/270 1149/6255/1149

vt 0.256398 0.015096
vt 0.218356 0.015096
vt 0.247079 0.007337
f  1148/6256/1148 1106/6257/1106 1051/6258/1051

vt 0.202053 0.529404
vt 0.268042 0.529509
vt 0.228654 0.531737
f  1147/6259/1147 1150/6260/1150 268/6261/268

vt 0.268042 0.529509
vt 0.269277 0.531591
vt 0.228654 0.531737
f  1150/6262/1150 269/6263/269 268/6264/268

vt 0.218356 0.015096
vt 0.178072 0.015096
vt 0.197285 0.007096
f  1106/6265/1106 1133/6266/1133 1054/6267/1054

vt 0.197285 0.007096
vt 0.178072 0.015096
vt 0.180680 0.007113
f  1054/6268/1054 1133/6269/1133 1056/6270/1056

vt 0.651392 0.772199
vt 0.576929 0.772174
vt 0.590097 0.770443
f  270/6271/270 257/6272/257 1151/6273/1151

vt 0.015294 0.402668
vt 0.024916 0.441760
vt 0.019271 0.478607
f  1105/6274/1105 1055/6275/1055 1134/6276/1134

vt 0.269277 0.531591
vt 0.268042 0.529509
vt 0.321262 0.531581
f  269/6277/269 1150/6278/1150 256/6279/256

vt 0.178072 0.015096
vt 0.133620 0.015096
vt 0.149638 0.007093
f  1133/6280/1133 1107/6281/1107 1058/6282/1058

vt 0.576929 0.772174
vt 0.515302 0.770646
vt 0.590097 0.770443
f  257/6283/257 1019/6284/1019 1151/6285/1151

vt 0.133620 0.015096
vt 0.096434 0.015096
vt 0.121728 0.007010
f  1107/6286/1107 1135/6287/1135 1062/6288/1062

vt 0.321262 0.531581
vt 0.353511 0.529511
vt 0.365731 0.531499
f  256/6289/256 1152/6290/1152 271/6291/271

vt 0.499210 0.848409
vt 0.616232 0.848409
vt 0.512089 0.856800
f  1135/6292/1135 1138/6293/1138 1066/6294/1066

vt 0.616232 0.848409
vt 0.550328 0.857971
vt 0.512089 0.856800
f  1138/6295/1138 975/6296/975 1066/6297/1066

vt 0.181497 0.607697
vt 0.178319 0.597027
vt 0.186931 0.603259
f  629/6298/629 1136/6299/1136 978/6300/978

vt 0.616232 0.848409
vt 0.577244 0.858585
vt 0.550328 0.857971
f  1138/6301/1138 1022/6302/1022 975/6303/975

vt 0.472409 0.771398
vt 0.385291 0.772170
vt 0.421872 0.770191
f  298/6304/298 650/6305/650 1153/6306/1153

vt 0.146352 0.587346
vt 0.143059 0.598800
vt 0.140367 0.578201
f  917/6307/917 1111/6308/1111 1110/6309/1110

vt 0.143059 0.598800
vt 0.138513 0.600639
vt 0.140367 0.578201
f  1111/6310/1111 1112/6311/1112 1110/6312/1110

vt 0.385291 0.772170
vt 0.342617 0.772233
vt 0.348375 0.770011
f  650/6313/650 259/6314/259 1154/6315/1154

vt 0.935912 0.480566
vt 0.949574 0.492137
vt 0.949477 0.500767
f  1112/6316/1112 853/6317/853 987/6318/987

vt 0.616232 0.848409
vt 0.675461 0.848409
vt 0.669214 0.859783
f  1138/6319/1138 1114/6320/1114 990/6321/990

vt 0.616232 0.848409
vt 0.669214 0.859783
vt 0.638870 0.856801
f  1138/6322/1138 990/6323/990 1072/6324/1072

vt 0.222545 0.627910
vt 0.257913 0.627322
vt 0.277526 0.629276
f  263/6325/263 1155/6326/1155 272/6327/272

vt 0.675461 0.848409
vt 0.729805 0.848409
vt 0.715548 0.858502
f  1114/6328/1114 1139/6329/1139 920/6330/920

vt 0.257913 0.627322
vt 0.329825 0.629496
vt 0.277526 0.629276
f  1155/6331/1155 995/6332/995 272/6333/272

vt 0.254652 0.770612
vt 0.200882 0.772158
vt 0.196792 0.770395
f  1025/6334/1025 281/6335/281 1156/6336/1156

vt 0.329825 0.629496
vt 0.336484 0.627521
vt 0.400050 0.628699
f  995/6337/995 1157/6338/1157 459/6339/459

vt 0.200882 0.772158
vt 0.142629 0.772316
vt 0.196792 0.770395
f  281/6340/281 260/6341/260 1156/6342/1156

vt 0.870106 0.848409
vt 0.850371 0.855847
vt 0.801870 0.848409
f  1118/6343/1118 1082/6344/1082 1081/6345/1081

vt 0.142629 0.772316
vt 0.101374 0.770806
vt 0.196792 0.770395
f  260/6346/260 300/6347/300 1156/6348/1156

vt 0.970966 0.681979
vt 0.977708 0.677141
vt 0.976035 0.713520
f  1140/6349/1140 1083/6350/1083 1120/6351/1120

vt 0.910325 0.848409
vt 0.960707 0.848409
vt 0.928967 0.856009
f  1119/6352/1119 1121/6353/1121 1086/6354/1086

vt 0.430141 0.557893
vt 0.439718 0.562770
vt 0.404008 0.566875
f  878/6355/878 938/6356/938 766/6357/766

vt 0.988581 0.744492
vt 0.981779 0.747945
vt 0.976035 0.713520
f  1087/6358/1087 1123/6359/1123 1120/6360/1120

vt 0.479327 0.627842
vt 0.543649 0.627836
vt 0.468780 0.629854
f  1158/6361/1158 1159/6362/1159 273/6363/273

vt 0.283877 0.480786
vt 0.278632 0.478836
vt 0.283877 0.477488
f  1088/6364/1088 1121/6365/1121 1160/6366/1160

vt 0.741361 0.520844
vt 0.704622 0.513570
vt 0.743335 0.513570
f  1094/6367/1094 1127/6368/1127 1143/6369/1143

vt 0.468780 0.629854
vt 0.543649 0.627836
vt 0.544482 0.630663
f  273/6370/273 1159/6371/1159 1031/6372/1031

vt 0.000163 0.852189
vt 0.001039 0.849711
vt 0.066946 0.852657
f  1031/6373/1031 1159/6374/1159 282/6375/282

vt 0.066946 0.852657
vt 0.001039 0.849711
vt 0.163860 0.849278
f  282/6376/282 1159/6377/1159 1161/6378/1161

vt 0.066946 0.852657
vt 0.163860 0.849278
vt 0.149787 0.852278
f  282/6379/282 1161/6380/1161 290/6381/290

vt 0.149787 0.852278
vt 0.163860 0.849278
vt 0.270529 0.849036
f  290/6382/290 1161/6383/1161 796/6384/796

vt 0.973616 0.004316
vt 0.972634 0.048280
vt 0.955942 0.004169
f  1128/6385/1128 1129/6386/1129 892/6387/892

vt 1.000228 0.770872
vt 0.945846 0.770282
vt 0.999747 0.754326
f  402/6388/402 1144/6389/1144 1011/6390/1011

vt 0.955942 0.004169
vt 0.972634 0.048280
vt 0.956214 0.023085
f  892/6391/892 1129/6392/1129 1033/6393/1033

vt 0.945846 0.770282
vt 0.939145 0.753842
vt 0.999747 0.754326
f  1144/6394/1144 1098/6395/1098 1011/6396/1011

vt 1.000228 0.770872
vt 0.960782 0.772134
vt 0.945846 0.770282
f  402/6397/402 279/6398/279 1144/6399/1144

vt 0.956214 0.023085
vt 0.972634 0.048280
vt 0.956377 0.083348
f  1033/6400/1033 1129/6401/1129 1146/6402/1146

vt 0.939145 0.753842
vt 0.945846 0.770282
vt 0.864221 0.754015
f  1098/6403/1098 1144/6404/1144 1100/6405/1100

vt 0.945846 0.770282
vt 0.851312 0.770428
vt 0.864221 0.754015
f  1144/6406/1144 1145/6407/1145 1100/6408/1100

vt 0.972634 0.048280
vt 0.972979 0.074604
vt 0.956377 0.083348
f  1129/6409/1129 1099/6410/1099 1146/6411/1146

vt 0.128634 0.510659
vt 0.165981 0.510287
vt 0.139177 0.529113
f  1099/6412/1099 1101/6413/1101 1146/6414/1146

vt 0.864221 0.754015
vt 0.851312 0.770428
vt 0.812554 0.753605
f  1100/6415/1100 1145/6416/1145 1130/6417/1130

vt 0.139177 0.529113
vt 0.166726 0.529768
vt 0.141907 0.531383
f  1146/6418/1146 1014/6419/1014 297/6420/297

vt 0.139177 0.529113
vt 0.165981 0.510287
vt 0.166726 0.529768
f  1146/6421/1146 1101/6422/1101 1014/6423/1014

vt 0.812554 0.753605
vt 0.851312 0.770428
vt 0.795062 0.753707
f  1130/6424/1130 1145/6425/1145 1131/6426/1131

vt 0.851312 0.770428
vt 0.781246 0.770631
vt 0.795062 0.753707
f  1145/6427/1145 431/6428/431 1131/6429/1131

vt 0.795062 0.753707
vt 0.738573 0.756506
vt 0.774540 0.752990
f  1131/6430/1131 1162/6431/1162 1132/6432/1132

vt 0.795062 0.753707
vt 0.781246 0.770631
vt 0.738573 0.756506
f  1131/6433/1131 431/6434/431 1162/6435/1162

vt 0.165981 0.510287
vt 0.219032 0.510908
vt 0.166726 0.529768
f  1101/6436/1101 1103/6437/1103 1014/6438/1014

vt 0.166726 0.529768
vt 0.219032 0.510908
vt 0.202053 0.529404
f  1014/6439/1014 1103/6440/1103 1147/6441/1147

vt 0.774540 0.752990
vt 0.738573 0.756506
vt 0.754361 0.753061
f  1132/6442/1132 1162/6443/1162 1102/6444/1102

vt 0.781246 0.770631
vt 0.719025 0.770896
vt 0.738573 0.756506
f  431/6445/431 288/6446/288 1162/6447/1162

vt 0.738573 0.756506
vt 0.701324 0.753516
vt 0.754361 0.753061
f  1162/6448/1162 1148/6449/1148 1102/6450/1102

vt 0.202053 0.529404
vt 0.219032 0.510908
vt 0.233748 0.511113
f  1147/6451/1147 1103/6452/1103 1104/6453/1104

vt 0.738573 0.756506
vt 0.719025 0.770896
vt 0.688161 0.770166
f  1162/6454/1162 288/6455/288 1149/6456/1149

vt 0.738573 0.756506
vt 0.688161 0.770166
vt 0.701324 0.753516
f  1162/6457/1162 1149/6458/1149 1148/6459/1148

vt 0.688161 0.770166
vt 0.649941 0.753980
vt 0.701324 0.753516
f  1149/6460/1149 1106/6461/1106 1148/6462/1148

vt 0.202053 0.529404
vt 0.233748 0.511113
vt 0.268042 0.529509
f  1147/6463/1147 1104/6464/1104 1150/6465/1150

vt 0.233748 0.511113
vt 0.267917 0.511010
vt 0.268042 0.529509
f  1104/6466/1104 1105/6467/1105 1150/6468/1150

vt 0.688161 0.770166
vt 0.590097 0.770443
vt 0.649941 0.753980
f  1149/6469/1149 1151/6470/1151 1106/6471/1106

vt 0.688161 0.770166
vt 0.651392 0.772199
vt 0.590097 0.770443
f  1149/6472/1149 270/6473/270 1151/6474/1151

vt 0.267917 0.511010
vt 0.312265 0.511003
vt 0.268042 0.529509
f  1105/6475/1105 1134/6476/1134 1150/6477/1150

vt 0.649941 0.753980
vt 0.590097 0.770443
vt 0.594698 0.754149
f  1106/6478/1106 1151/6479/1151 1133/6480/1133

vt 0.594698 0.754149
vt 0.590097 0.770443
vt 0.534133 0.753756
f  1133/6481/1133 1151/6482/1151 1107/6483/1107

vt 0.268042 0.529509
vt 0.353511 0.529511
vt 0.321262 0.531581
f  1150/6484/1150 1152/6485/1152 256/6486/256

vt 0.268042 0.529509
vt 0.312265 0.511003
vt 0.353511 0.529511
f  1150/6487/1150 1134/6488/1134 1152/6489/1152

vt 0.312265 0.511003
vt 0.335951 0.510938
vt 0.353511 0.529511
f  1134/6490/1134 1108/6491/1108 1152/6492/1152

vt 0.590097 0.770443
vt 0.515302 0.770646
vt 0.534133 0.753756
f  1151/6493/1151 1019/6494/1019 1107/6495/1107

vt 0.534133 0.753756
vt 0.515302 0.770646
vt 0.483565 0.753794
f  1107/6496/1107 1019/6497/1019 1135/6498/1135

vt 0.398153 0.487693
vt 0.398110 0.451278
vt 0.414861 0.473168
f  1108/6499/1108 1109/6500/1109 1152/6501/1152

vt 0.515302 0.770646
vt 0.421872 0.770191
vt 0.483565 0.753794
f  1019/6502/1019 1153/6503/1153 1135/6504/1135

vt 0.515302 0.770646
vt 0.472409 0.771398
vt 0.421872 0.770191
f  1019/6505/1019 298/6506/298 1153/6507/1153

vt 0.421872 0.770191
vt 0.368037 0.754335
vt 0.483565 0.753794
f  1153/6508/1153 1138/6509/1138 1135/6510/1135

vt 0.398110 0.451278
vt 0.398268 0.438861
vt 0.414861 0.473168
f  1109/6511/1109 1110/6512/1110 1152/6513/1152

vt 0.416662 0.463055
vt 0.414861 0.473168
vt 0.414697 0.436517
f  271/6514/271 1152/6515/1152 1163/6516/1163

vt 0.398268 0.438861
vt 0.414697 0.436517
vt 0.414861 0.473168
f  1110/6517/1110 1163/6518/1163 1152/6519/1152

vt 0.414697 0.436517
vt 0.398268 0.438861
vt 0.398421 0.414822
f  1163/6520/1163 1110/6521/1110 1112/6522/1112

vt 0.421872 0.770191
vt 0.348375 0.770011
vt 0.368037 0.754335
f  1153/6523/1153 1154/6524/1154 1138/6525/1138

vt 0.054516 0.627334
vt 0.108415 0.625791
vt 0.166673 0.628371
f  271/6526/271 1163/6527/1163 258/6528/258

vt 0.108415 0.625791
vt 0.152594 0.609706
vt 0.175677 0.626278
f  1163/6529/1163 1112/6530/1112 1164/6531/1164

vt 0.108415 0.625791
vt 0.175677 0.626278
vt 0.166673 0.628371
f  1163/6532/1163 1164/6533/1164 258/6534/258

vt 0.385291 0.772170
vt 0.348375 0.770011
vt 0.421872 0.770191
f  650/6535/650 1154/6536/1154 1153/6537/1153

vt 0.949477 0.500767
vt 0.942726 0.508408
vt 0.935912 0.480566
f  987/6538/987 1113/6539/1113 1112/6540/1112

vt 0.152594 0.609706
vt 0.189715 0.609651
vt 0.175677 0.626278
f  1112/6541/1112 1113/6542/1113 1164/6543/1164

vt 0.348375 0.770011
vt 0.309065 0.754002
vt 0.368037 0.754335
f  1154/6544/1154 1114/6545/1114 1138/6546/1138

vt 0.175677 0.626278
vt 0.189715 0.609651
vt 0.273475 0.610262
f  1164/6547/1164 1113/6548/1113 1115/6549/1115

vt 0.175677 0.626278
vt 0.273475 0.610262
vt 0.222545 0.627910
f  1164/6550/1164 1115/6551/1115 263/6552/263

vt 0.166673 0.628371
vt 0.175677 0.626278
vt 0.222545 0.627910
f  258/6553/258 1164/6554/1164 263/6555/263

vt 0.342617 0.772233
vt 0.296346 0.770983
vt 0.348375 0.770011
f  259/6556/259 299/6557/299 1154/6558/1154

vt 0.222545 0.627910
vt 0.273475 0.610262
vt 0.257913 0.627322
f  263/6559/263 1115/6560/1115 1155/6561/1155

vt 0.348375 0.770011
vt 0.296346 0.770983
vt 0.309065 0.754002
f  1154/6562/1154 299/6563/299 1114/6564/1114

vt 0.296346 0.770983
vt 0.254652 0.770612
vt 0.309065 0.754002
f  299/6565/299 1025/6566/1025 1114/6567/1114

vt 0.309065 0.754002
vt 0.254652 0.770612
vt 0.254615 0.753092
f  1114/6568/1114 1025/6569/1025 1139/6570/1139

vt 0.254652 0.770612
vt 0.208716 0.753952
vt 0.254615 0.753092
f  1025/6571/1025 1117/6572/1117 1139/6573/1139

vt 0.273475 0.610262
vt 0.337718 0.610608
vt 0.257913 0.627322
f  1115/6574/1115 1116/6575/1116 1155/6576/1155

vt 0.254652 0.770612
vt 0.196792 0.770395
vt 0.208716 0.753952
f  1025/6577/1025 1156/6578/1156 1117/6579/1117

vt 0.257913 0.627322
vt 0.337718 0.610608
vt 0.336484 0.627521
f  1155/6580/1155 1116/6581/1116 1157/6582/1157

vt 0.257913 0.627322
vt 0.336484 0.627521
vt 0.329825 0.629496
f  1155/6583/1155 1157/6584/1157 995/6585/995

vt 0.196792 0.770395
vt 0.182290 0.754184
vt 0.208716 0.753952
f  1156/6586/1156 1081/6587/1081 1117/6588/1117

vt 0.182290 0.754184
vt 0.196792 0.770395
vt 0.113611 0.753581
f  1081/6589/1081 1156/6590/1156 1118/6591/1118

vt 0.336484 0.627521
vt 0.337718 0.610608
vt 0.400050 0.628699
f  1157/6592/1157 1116/6593/1116 459/6594/459

vt 0.337718 0.610608
vt 0.432457 0.610556
vt 0.400050 0.628699
f  1116/6595/1116 1140/6596/1140 459/6597/459

vt 0.196792 0.770395
vt 0.101374 0.770806
vt 0.113611 0.753581
f  1156/6598/1156 300/6599/300 1118/6600/1118

vt 0.432457 0.610556
vt 0.479327 0.627842
vt 0.400050 0.628699
f  1140/6601/1140 1158/6602/1158 459/6603/459

vt 0.468780 0.629854
vt 0.400050 0.628699
vt 0.479327 0.627842
f  273/6604/273 459/6605/459 1158/6606/1158

vt 0.113611 0.753581
vt 0.101374 0.770806
vt 0.073298 0.753632
f  1118/6607/1118 300/6608/300 1119/6609/1119

vt 0.432457 0.610556
vt 0.476664 0.610544
vt 0.479327 0.627842
f  1140/6610/1140 1120/6611/1120 1158/6612/1158

vt 0.101374 0.770806
vt 0.048211 0.770851
vt 0.073298 0.753632
f  300/6613/300 1030/6614/1030 1119/6615/1119

vt 0.073298 0.753632
vt 0.048211 0.770851
vt 0.022501 0.753295
f  1119/6616/1119 1030/6617/1030 1121/6618/1121

vt 0.479327 0.627842
vt 0.476664 0.610544
vt 0.525364 0.609651
f  1158/6619/1158 1120/6620/1120 1123/6621/1123

vt 0.479327 0.627842
vt 0.525364 0.609651
vt 0.543649 0.627836
f  1158/6622/1158 1123/6623/1123 1159/6624/1159

vt 0.704622 0.513570
vt 0.668782 0.520811
vt 0.668956 0.513570
f  1127/6625/1127 1088/6626/1088 1160/6627/1160

vt 0.048211 0.770851
vt 0.000198 0.770625
vt 0.022501 0.753295
f  1030/6628/1030 289/6629/289 1121/6630/1121

vt 0.527072 0.734385
vt 0.525575 0.742781
vt 0.525491 0.735092
f  1124/6631/1124 1165/6632/1165 1122/6633/1122

vt 0.974192 0.182045
vt 0.992022 0.171979
vt 0.973781 0.239774
f  1127/6634/1127 285/6635/285 1143/6636/1143

vt 0.022501 0.753295
vt 0.000198 0.770625
vt 0.017131 0.748923
f  1121/6637/1121 289/6638/289 1160/6639/1160

vt 0.527072 0.734385
vt 0.527072 0.741920
vt 0.525575 0.742781
f  1124/6640/1124 1166/6641/1166 1165/6642/1165

vt 0.973497 0.283943
vt 0.991080 0.280991
vt 0.973177 0.335927
f  1126/6643/1126 796/6644/796 1125/6645/1125

vt 0.973126 0.428843
vt 0.979329 0.416685
vt 0.983975 0.418973
f  1141/6646/1141 1165/6647/1165 1167/6648/1167

vt 0.021456 0.609069
vt 0.016182 0.605752
vt 0.026871 0.608601
f  1168/6649/1168 1165/6650/1165 1141/6651/1141

vt 0.527072 0.741920
vt 0.526044 0.746912
vt 0.525575 0.742781
f  1166/6652/1166 1167/6653/1167 1165/6654/1165

vt 0.527072 0.734385
vt 0.528302 0.746968
vt 0.527072 0.741920
f  1124/6655/1124 1167/6656/1167 1166/6657/1166

vt 0.973119 0.382554
vt 0.983975 0.418973
vt 0.972653 0.411215
f  1142/6658/1142 1167/6659/1167 1124/6660/1124

vt 0.973119 0.382554
vt 0.990161 0.359599
vt 0.983975 0.418973
f  1142/6661/1142 1161/6662/1161 1167/6663/1167

vt 0.973177 0.335927
vt 0.990161 0.359599
vt 0.973119 0.382554
f  1125/6664/1125 1161/6665/1161 1142/6666/1142

vt 0.973781 0.239774
vt 0.991080 0.280991
vt 0.973497 0.283943
f  1143/6667/1143 796/6668/796 1126/6669/1126

vt 0.973781 0.239774
vt 0.991710 0.221992
vt 0.991080 0.280991
f  1143/6670/1143 291/6671/291 796/6672/796

vt 0.992022 0.171979
vt 0.991710 0.221992
vt 0.973781 0.239774
f  285/6673/285 291/6674/291 1143/6675/1143

vt 0.975317 0.128897
vt 0.992022 0.171979
vt 0.974192 0.182045
f  1160/6676/1160 285/6677/285 1127/6678/1127

vt 0.975317 0.128897
vt 0.992287 0.113234
vt 0.992022 0.171979
f  1160/6679/1160 289/6680/289 285/6681/285

vt 0.973126 0.428843
vt 0.989121 0.479589
vt 0.971865 0.467103
f  1141/6682/1141 1159/6683/1159 1123/6684/1123

vt 0.983975 0.418973
vt 0.989121 0.479589
vt 0.973126 0.428843
f  1167/6685/1167 1159/6686/1159 1141/6687/1141

vt 0.983975 0.418973
vt 0.990161 0.359599
vt 0.989121 0.479589
f  1167/6688/1167 1161/6689/1161 1159/6690/1159

vt 0.973177 0.335927
vt 0.991080 0.280991
vt 0.990161 0.359599
f  1125/6691/1125 796/6692/796 1161/6693/1161

vt 0.381668 0.257204
vt 0.381668 0.266599
vt 0.376519 0.258624
f  1169/6694/1169 1170/6695/1170 1171/6696/1171

vt 0.169572 0.607205
vt 0.164532 0.596802
vt 0.169165 0.594653
f  976/6697/976 1137/6698/1137 1172/6699/1172

vt 0.381668 0.266599
vt 0.372772 0.269670
vt 0.367128 0.265188
f  1170/6700/1170 1169/6701/1169 1173/6702/1173

vt 0.178319 0.597027
vt 0.181819 0.589974
vt 0.186931 0.603259
f  1136/6703/1136 1174/6704/1174 978/6705/978

vt 0.452219 0.545240
vt 0.452622 0.555615
vt 0.439274 0.556950
f  762/6706/762 1175/6707/1175 1003/6708/1003

vt 0.472411 0.552060
vt 0.467244 0.557047
vt 0.467628 0.547739
f  1004/6709/1004 880/6710/880 765/6711/765

vt 0.450625 0.567761
vt 0.463998 0.563496
vt 0.476634 0.577926
f  773/6712/773 938/6713/938 939/6714/939

vt 0.900506 0.609651
vt 0.902992 0.616686
vt 0.892472 0.609871
f  1168/6715/1168 1176/6716/1176 1165/6717/1165

vt 0.367128 0.265188
vt 0.375182 0.263942
vt 0.381668 0.266599
f  1173/6718/1173 1177/6719/1177 1170/6720/1170

vt 0.452219 0.545240
vt 0.462690 0.551144
vt 0.452622 0.555615
f  762/6721/762 1002/6722/1002 1175/6723/1175

vt 0.439274 0.556950
vt 0.440046 0.557511
vt 0.430141 0.557893
f  1003/6724/1003 1178/6725/1178 878/6726/878

vt 0.440046 0.557511
vt 0.439718 0.562770
vt 0.430141 0.557893
f  1178/6727/1178 938/6728/938 878/6729/878

vt 0.467244 0.557047
vt 0.462690 0.551144
vt 0.467628 0.547739
f  880/6730/880 1002/6731/1002 765/6732/765

vt 0.859055 0.633678
vt 0.859055 0.648792
vt 0.851500 0.647082
f  940/6733/940 1179/6734/1179 1180/6735/1180

vt 0.859055 0.633678
vt 0.851500 0.647082
vt 0.849044 0.638185
f  940/6736/940 1180/6737/1180 1141/6738/1141

vt 0.513749 0.717730
vt 0.521158 0.715634
vt 0.529619 0.721747
f  1089/6739/1089 1122/6740/1122 1181/6741/1181

vt 0.169572 0.607205
vt 0.169165 0.594653
vt 0.173855 0.607697
f  976/6742/976 1172/6743/1172 1067/6744/1067

vt 0.381668 0.266599
vt 0.375182 0.263942
vt 0.376519 0.258624
f  1170/6745/1170 1177/6746/1177 1171/6747/1171

vt 0.439274 0.556950
vt 0.446414 0.557018
vt 0.440046 0.557511
f  1003/6748/1003 1182/6749/1182 1178/6750/1178

vt 0.439274 0.556950
vt 0.452622 0.555615
vt 0.446414 0.557018
f  1003/6751/1003 1175/6752/1175 1182/6753/1182

vt 0.476311 0.516445
vt 0.471756 0.531400
vt 0.462854 0.516445
f  940/6754/940 1089/6755/1089 1179/6756/1179

vt 0.026871 0.608601
vt 0.019135 0.615623
vt 0.021456 0.609069
f  1141/6757/1141 1176/6758/1176 1168/6759/1168

vt 0.525575 0.742781
vt 0.518172 0.738545
vt 0.525491 0.735092
f  1165/6760/1165 1181/6761/1181 1122/6762/1122

vt 0.892472 0.609871
vt 0.902992 0.616686
vt 0.886721 0.617430
f  1165/6763/1165 1176/6764/1176 1181/6765/1181

vt 0.186931 0.603259
vt 0.181819 0.589974
vt 0.186931 0.592517
f  978/6766/978 1174/6767/1174 1137/6768/1137

vt 0.440046 0.557511
vt 0.446414 0.557018
vt 0.439718 0.562770
f  1178/6769/1178 1182/6770/1182 938/6771/938

vt 0.439718 0.562770
vt 0.446414 0.557018
vt 0.454143 0.561570
f  938/6772/938 1182/6773/1182 939/6774/939

vt 0.454143 0.561570
vt 0.459064 0.555941
vt 0.467244 0.557047
f  939/6775/939 1183/6776/1183 880/6777/880

vt 0.026871 0.608601
vt 0.029076 0.616117
vt 0.019135 0.615623
f  1141/6778/1141 1180/6779/1180 1176/6780/1176

vt 0.372971 0.255714
vt 0.376519 0.258624
vt 0.366708 0.258447
f  1169/6781/1169 1171/6782/1171 1184/6783/1184

vt 0.459168 0.328549
vt 0.452251 0.330318
vt 0.447369 0.319357
f  1185/6784/1185 1186/6785/1186 1169/6786/1169

vt 0.464130 0.492724
vt 0.472428 0.487991
vt 0.476311 0.496191
f  1186/6787/1186 1173/6788/1173 1169/6789/1169

vt 0.452622 0.555615
vt 0.462690 0.551144
vt 0.459064 0.555941
f  1175/6790/1175 1002/6791/1002 1183/6792/1183

vt 0.462690 0.551144
vt 0.467244 0.557047
vt 0.459064 0.555941
f  1002/6793/1002 880/6794/880 1183/6795/1183

vt 0.446414 0.557018
vt 0.452622 0.555615
vt 0.454143 0.561570
f  1182/6796/1182 1175/6797/1175 939/6798/939

vt 0.124335 0.570841
vt 0.128549 0.564814
vt 0.137536 0.570954
f  1169/6799/1169 1184/6800/1184 1185/6801/1185

vt 0.452622 0.555615
vt 0.459064 0.555941
vt 0.454143 0.561570
f  1175/6802/1175 1183/6803/1183 939/6804/939

vt 0.471756 0.531400
vt 0.463353 0.533232
vt 0.462854 0.516445
f  1089/6805/1089 1187/6806/1187 1179/6807/1179

vt 0.513749 0.717730
vt 0.529619 0.721747
vt 0.520496 0.725582
f  1089/6808/1089 1181/6809/1181 1187/6810/1187

vt 0.173855 0.607697
vt 0.172437 0.589974
vt 0.178319 0.597027
f  1067/6811/1067 1188/6812/1188 1136/6813/1136

vt 0.173855 0.607697
vt 0.169165 0.594653
vt 0.172437 0.589974
f  1067/6814/1067 1172/6815/1172 1188/6816/1188

vt 0.462329 0.331695
vt 0.455833 0.333313
vt 0.459168 0.328549
f  1172/6817/1172 1137/6818/1137 1185/6819/1185

vt 0.459168 0.328549
vt 0.455833 0.333313
vt 0.452251 0.330318
f  1185/6820/1185 1137/6821/1137 1186/6822/1186

vt 0.902992 0.616686
vt 0.899959 0.622270
vt 0.886721 0.617430
f  1176/6823/1176 1189/6824/1189 1181/6825/1181

vt 0.366708 0.258447
vt 0.376519 0.258624
vt 0.367128 0.265188
f  1184/6826/1184 1171/6827/1171 1173/6828/1173

vt 0.376519 0.258624
vt 0.375182 0.263942
vt 0.367128 0.265188
f  1171/6829/1171 1177/6830/1177 1173/6831/1173

vt 0.460492 0.496191
vt 0.456393 0.491790
vt 0.462418 0.489504
f  1137/6832/1137 1174/6833/1174 1190/6834/1190

vt 0.464130 0.492724
vt 0.462418 0.489504
vt 0.472428 0.487991
f  1186/6835/1186 1190/6836/1190 1173/6837/1173

vt 0.029076 0.616117
vt 0.018308 0.620773
vt 0.019135 0.615623
f  1180/6838/1180 1189/6839/1189 1176/6840/1176

vt 0.169165 0.594653
vt 0.166911 0.591334
vt 0.172437 0.589974
f  1172/6841/1172 1185/6842/1185 1188/6843/1188

vt 0.460492 0.496191
vt 0.462418 0.489504
vt 0.464130 0.492724
f  1137/6844/1137 1190/6845/1190 1186/6846/1186

vt 0.859055 0.648792
vt 0.853893 0.655749
vt 0.851500 0.647082
f  1179/6847/1179 1191/6848/1191 1180/6849/1180

vt 0.899959 0.622270
vt 0.889790 0.626150
vt 0.886721 0.617430
f  1189/6850/1189 1192/6851/1192 1181/6852/1181

vt 0.471254 0.478869
vt 0.472428 0.487991
vt 0.462418 0.489504
f  1184/6853/1184 1173/6854/1173 1190/6855/1190

vt 0.463353 0.533232
vt 0.457536 0.525802
vt 0.462854 0.516445
f  1187/6856/1187 1193/6857/1193 1179/6858/1179

vt 0.520496 0.725582
vt 0.529619 0.721747
vt 0.528199 0.730739
f  1187/6859/1187 1181/6860/1181 1194/6861/1194

vt 0.172437 0.589974
vt 0.166911 0.591334
vt 0.158271 0.589974
f  1188/6862/1188 1185/6863/1185 1184/6864/1184

vt 0.178319 0.597027
vt 0.172437 0.589974
vt 0.181819 0.589974
f  1136/6865/1136 1188/6866/1188 1174/6867/1174

vt 0.456180 0.478869
vt 0.471254 0.478869
vt 0.462418 0.489504
f  1188/6868/1188 1184/6869/1184 1190/6870/1190

vt 0.456180 0.478869
vt 0.462418 0.489504
vt 0.456393 0.491790
f  1188/6871/1188 1190/6872/1190 1174/6873/1174

vt 0.462854 0.516445
vt 0.457536 0.525802
vt 0.456254 0.516445
f  1179/6874/1179 1193/6875/1193 1191/6876/1191

vt 0.463353 0.533232
vt 0.456617 0.533848
vt 0.457536 0.525802
f  1187/6877/1187 1194/6878/1194 1193/6879/1193

vt 0.529619 0.721747
vt 0.536977 0.729155
vt 0.528199 0.730739
f  1181/6880/1181 1192/6881/1192 1194/6882/1194

vt 0.457536 0.525802
vt 0.449850 0.526261
vt 0.456254 0.516445
f  1193/6883/1193 1195/6884/1195 1191/6885/1191

vt 0.031224 0.623438
vt 0.018308 0.620773
vt 0.029076 0.616117
f  1191/6886/1191 1189/6887/1189 1180/6888/1180

vt 0.457536 0.525802
vt 0.456617 0.533848
vt 0.449850 0.526261
f  1193/6889/1193 1194/6890/1194 1195/6891/1195

vt 0.031224 0.623438
vt 0.022328 0.625600
vt 0.018308 0.620773
f  1191/6892/1191 1196/6893/1196 1189/6894/1189

vt 0.899959 0.622270
vt 0.902778 0.627839
vt 0.889790 0.626150
f  1189/6895/1189 1196/6896/1196 1192/6897/1192

vt 0.536977 0.729155
vt 0.536304 0.730867
vt 0.528199 0.730739
f  1192/6898/1192 1197/6899/1197 1194/6900/1194

vt 0.902778 0.627839
vt 0.890665 0.627839
vt 0.889790 0.626150
f  1196/6901/1196 1197/6902/1197 1192/6903/1192

vt 0.031224 0.623438
vt 0.029328 0.630743
vt 0.022328 0.625600
f  1191/6904/1191 1198/6905/1198 1196/6906/1196

vt 0.449850 0.526261
vt 0.448818 0.518202
vt 0.456254 0.516445
f  1195/6907/1195 1198/6908/1198 1191/6909/1191

vt 0.449850 0.526261
vt 0.456617 0.533848
vt 0.448818 0.533848
f  1195/6910/1195 1194/6911/1194 1199/6912/1199

vt 0.528199 0.730739
vt 0.536304 0.730867
vt 0.535291 0.737352
f  1194/6913/1194 1197/6914/1197 1199/6915/1199

vt 0.029328 0.630743
vt 0.025764 0.632432
vt 0.022328 0.625600
f  1198/6916/1198 1200/6917/1200 1196/6918/1196

vt 0.895216 0.663269
vt 0.890665 0.658132
vt 0.903280 0.660335
f  1195/6919/1195 1199/6920/1199 1198/6921/1198

vt 0.903280 0.660335
vt 0.890665 0.658132
vt 0.902778 0.657280
f  1198/6922/1198 1199/6923/1199 1200/6924/1200

vt 0.025764 0.632432
vt 0.022799 0.643247
vt 0.022328 0.625600
f  1200/6925/1200 1201/6926/1201 1196/6927/1196

vt 0.536304 0.730867
vt 0.544810 0.747945
vt 0.535291 0.737352
f  1197/6928/1197 1202/6929/1202 1199/6930/1199

vt 0.902778 0.627839
vt 0.902778 0.646053
vt 0.890665 0.627839
f  1196/6931/1196 1201/6932/1201 1197/6933/1197

vt 0.902778 0.657280
vt 0.890665 0.646053
vt 0.902778 0.646053
f  1200/6934/1200 1202/6935/1202 1201/6936/1201

vt 0.890665 0.658132
vt 0.890665 0.646053
vt 0.902778 0.657280
f  1199/6937/1199 1202/6938/1202 1200/6939/1200

vt 0.890665 0.627839
vt 0.902778 0.646053
vt 0.890665 0.646053
f  1197/6940/1197 1201/6941/1201 1202/6942/1202

# 0 polygons - 2314 triangles

 